2026-09-07T19:34:36.7599455Z Current runner version: '2.337.0'
2026-09-07T19:34:36.7624372Z ##[group]Runner Image Provisioner
2026-09-07T19:34:36.7625314Z Hosted Compute Agent
2026-09-07T19:34:36.7625893Z Version: 20260828.587
2026-09-07T19:34:36.7626511Z Commit: abac92662cab4cc7352de4f9f9d2e2419aad9c29
2026-09-07T19:34:36.7627369Z Build Date: 2026-08-28T16:44:25Z
2026-09-07T19:34:36.7628053Z Worker ID: {9a0ef184-0650-450e-b443-3432d69ec488}
2026-09-07T19:34:36.7628814Z Azure Region: westus
2026-09-07T19:34:36.7629380Z ##[endgroup]
2026-09-07T19:34:36.7630912Z ##[group]Operating System
2026-09-07T19:34:36.7631674Z Ubuntu
2026-09-07T19:34:36.7632254Z 24.04.4
2026-09-07T19:34:36.7632812Z LTS
2026-09-07T19:34:36.7633340Z ##[endgroup]
2026-09-07T19:34:36.7634079Z ##[group]Runner Image
2026-09-07T19:34:36.7634805Z Image: ubuntu-24.04
2026-09-07T19:34:36.7635366Z Version: 20260831.293.1
2026-09-07T19:34:36.7636638Z Included Software: https://github.com/actions/runner-images/blob/ubuntu24/20260831.293/images/ubuntu/Ubuntu2404-Readme.md
2026-09-07T19:34:36.7638184Z Image Release: https://github.com/actions/runner-images/releases/tag/ubuntu24%2F20260831.293
2026-09-07T19:34:36.7639232Z ##[endgroup]
2026-09-07T19:34:36.7640317Z ##[group]GITHUB_TOKEN Permissions
2026-09-07T19:34:36.7642234Z Contents: read
2026-09-07T19:34:36.7642852Z Metadata: read
2026-09-07T19:34:36.7643878Z ##[endgroup]
2026-09-07T19:34:36.7646007Z Secret source: Actions
2026-09-07T19:34:36.7647121Z Prepare workflow directory
2026-09-07T19:34:36.8074637Z Prepare all required actions
2026-09-07T19:34:36.8123024Z Getting action download info
2026-09-07T19:34:37.1519488Z Download action repository 'actions/checkout@3d3c42e5aac5ba805825da76410c181273ba90b1' (SHA:3d3c42e5aac5ba805825da76410c181273ba90b1)
2026-09-07T19:34:37.2980341Z Download action repository 'actions/upload-artifact@043fb46d1a93c77aae656e7c1c64a875d1fc6a0a' (SHA:043fb46d1a93c77aae656e7c1c64a875d1fc6a0a)
2026-09-07T19:34:37.4732034Z Complete job name: wasi and wasm compilation
2026-09-07T19:34:37.5513987Z ##[group]Run actions/checkout@3d3c42e5aac5ba805825da76410c181273ba90b1
2026-09-07T19:34:37.5515119Z with:
2026-09-07T19:34:37.5515571Z   persist-credentials: false
2026-09-07T19:34:37.5516099Z   repository: neknaj/NEPL3
2026-09-07T19:34:37.5520043Z   token: ***
2026-09-07T19:34:37.5520465Z   ssh-strict: true
2026-09-07T19:34:37.5520911Z   ssh-user: git
2026-09-07T19:34:37.5521331Z   clean: true
2026-09-07T19:34:37.5521774Z   sparse-checkout-cone-mode: true
2026-09-07T19:34:37.5522301Z   fetch-depth: 1
2026-09-07T19:34:37.5522738Z   fetch-tags: false
2026-09-07T19:34:37.5523174Z   show-progress: true
2026-09-07T19:34:37.5524103Z   lfs: false
2026-09-07T19:34:37.5524548Z   submodules: false
2026-09-07T19:34:37.5524998Z   set-safe-directory: true
2026-09-07T19:34:37.5525506Z   allow-unsafe-pr-checkout: false
2026-09-07T19:34:37.5526347Z env:
2026-09-07T19:34:37.5526771Z   CARGO_TERM_COLOR: always
2026-09-07T19:34:37.5527272Z   RUSTDOCFLAGS: -D warnings
2026-09-07T19:34:37.5527802Z ##[endgroup]
2026-09-07T19:34:37.6546156Z Syncing repository: neknaj/NEPL3
2026-09-07T19:34:37.6548742Z ##[group]Getting Git version info
2026-09-07T19:34:37.6549884Z Working directory is '/home/runner/work/NEPL3/NEPL3'
2026-09-07T19:34:37.6551429Z [command]/usr/bin/git version
2026-09-07T19:34:37.6662769Z git version 2.55.0
2026-09-07T19:34:37.6687456Z ##[endgroup]
2026-09-07T19:34:37.6700950Z Temporarily overriding HOME='/home/runner/work/_temp/4487d603-1ef5-407d-abb5-0e48dbf21608' before making global git config changes
2026-09-07T19:34:37.6702629Z Adding repository directory to the temporary git global config as a safe directory
2026-09-07T19:34:37.6705879Z [command]/usr/bin/git config --global --add safe.directory /home/runner/work/NEPL3/NEPL3
2026-09-07T19:34:37.6761251Z Deleting the contents of '/home/runner/work/NEPL3/NEPL3'
2026-09-07T19:34:37.6765364Z ##[group]Determining repository object format
2026-09-07T19:34:37.6767124Z ##[endgroup]
2026-09-07T19:34:37.6767915Z ##[group]Initializing the repository
2026-09-07T19:34:37.6772660Z [command]/usr/bin/git init /home/runner/work/NEPL3/NEPL3
2026-09-07T19:34:37.6917387Z hint: Using 'master' as the name for the initial branch. This default branch name
2026-09-07T19:34:37.6919882Z hint: will change to "main" in Git 3.0. To configure the initial branch name
2026-09-07T19:34:37.6922338Z hint: to use in all of your new repositories, which will suppress this warning,
2026-09-07T19:34:37.6925446Z hint: call:
2026-09-07T19:34:37.6926316Z hint:
2026-09-07T19:34:37.6927292Z hint: 	git config --global init.defaultBranch <name>
2026-09-07T19:34:37.6928718Z hint:
2026-09-07T19:34:37.6929568Z hint: Names commonly chosen instead of 'master' are 'main', 'trunk' and
2026-09-07T19:34:37.6930814Z hint: 'development'. The just-created branch can be renamed via this command:
2026-09-07T19:34:37.6931572Z hint:
2026-09-07T19:34:37.6932004Z hint: 	git branch -m <name>
2026-09-07T19:34:37.6932492Z hint:
2026-09-07T19:34:37.6933168Z hint: Disable this message with "git config set advice.defaultBranchName false"
2026-09-07T19:34:37.6935148Z Initialized empty Git repository in /home/runner/work/NEPL3/NEPL3/.git/
2026-09-07T19:34:37.6943986Z [command]/usr/bin/git remote add origin https://github.com/neknaj/NEPL3
2026-09-07T19:34:37.7001130Z ##[endgroup]
2026-09-07T19:34:37.7002460Z ##[group]Disabling automatic garbage collection
2026-09-07T19:34:37.7004638Z [command]/usr/bin/git config --local gc.auto 0
2026-09-07T19:34:37.7041698Z ##[endgroup]
2026-09-07T19:34:37.7043838Z ##[group]Setting up auth
2026-09-07T19:34:37.7044982Z Removing SSH command configuration
2026-09-07T19:34:37.7049292Z [command]/usr/bin/git config --local --name-only --get-regexp core\.sshCommand
2026-09-07T19:34:37.7088217Z [command]/usr/bin/git submodule foreach --recursive sh -c "git config --local --name-only --get-regexp 'core\.sshCommand' && git config --local --unset-all 'core.sshCommand' || :"
2026-09-07T19:34:37.7543097Z Removing HTTP extra header
2026-09-07T19:34:37.7549916Z [command]/usr/bin/git config --local --name-only --get-regexp http\.https\:\/\/github\.com\/\.extraheader
2026-09-07T19:34:37.7587354Z [command]/usr/bin/git submodule foreach --recursive sh -c "git config --local --name-only --get-regexp 'http\.https\:\/\/github\.com\/\.extraheader' && git config --local --unset-all 'http.https://github.com/.extraheader' || :"
2026-09-07T19:34:37.7807109Z Removing includeIf entries pointing to credentials config files
2026-09-07T19:34:37.7813160Z [command]/usr/bin/git config --local --name-only --get-regexp ^includeIf\.gitdir:
2026-09-07T19:34:37.7850889Z [command]/usr/bin/git submodule foreach --recursive git config --local --show-origin --name-only --get-regexp remote.origin.url
2026-09-07T19:34:37.8082109Z [command]/usr/bin/git config --file /home/runner/work/_temp/git-credentials-6798d99d-26d5-4c66-99da-e32758c83d69.config http.https://github.com/.extraheader AUTHORIZATION: basic ***
2026-09-07T19:34:37.8122951Z [command]/usr/bin/git config --local includeIf.gitdir:/home/runner/work/NEPL3/NEPL3/.git.path /home/runner/work/_temp/git-credentials-6798d99d-26d5-4c66-99da-e32758c83d69.config
2026-09-07T19:34:37.8163278Z [command]/usr/bin/git config --local includeIf.gitdir:/home/runner/work/NEPL3/NEPL3/.git/worktrees/*.path /home/runner/work/_temp/git-credentials-6798d99d-26d5-4c66-99da-e32758c83d69.config
2026-09-07T19:34:37.8205698Z [command]/usr/bin/git config --local includeIf.gitdir:/github/workspace/.git.path /github/runner_temp/git-credentials-6798d99d-26d5-4c66-99da-e32758c83d69.config
2026-09-07T19:34:37.8245628Z [command]/usr/bin/git config --local includeIf.gitdir:/github/workspace/.git/worktrees/*.path /github/runner_temp/git-credentials-6798d99d-26d5-4c66-99da-e32758c83d69.config
2026-09-07T19:34:37.8281527Z ##[endgroup]
2026-09-07T19:34:37.8282736Z ##[group]Fetching the repository
2026-09-07T19:34:37.8291045Z [command]/usr/bin/git -c protocol.version=2 fetch --no-tags --prune --no-recurse-submodules --depth=1 origin +b2d3b3766a244a0d836e2ab2c77f8b4abf5800cd:refs/remotes/origin/feat/doc-html-export
2026-09-07T19:34:38.5537327Z From https://github.com/neknaj/NEPL3
2026-09-07T19:34:38.5539399Z  * [new ref]         b2d3b3766a244a0d836e2ab2c77f8b4abf5800cd -> origin/feat/doc-html-export
2026-09-07T19:34:38.5565010Z [command]/usr/bin/git branch --list --remote origin/feat/doc-html-export
2026-09-07T19:34:38.5576972Z   origin/feat/doc-html-export
2026-09-07T19:34:38.5587116Z [command]/usr/bin/git rev-parse refs/remotes/origin/feat/doc-html-export
2026-09-07T19:34:38.5615314Z b2d3b3766a244a0d836e2ab2c77f8b4abf5800cd
2026-09-07T19:34:38.5625805Z ##[endgroup]
2026-09-07T19:34:38.5626620Z ##[group]Determining the checkout info
2026-09-07T19:34:38.5627495Z ##[endgroup]
2026-09-07T19:34:38.5628058Z [command]/usr/bin/git sparse-checkout disable
2026-09-07T19:34:38.5691719Z [command]/usr/bin/git config --local --unset-all extensions.worktreeConfig
2026-09-07T19:34:38.5730817Z ##[group]Checking out the ref
2026-09-07T19:34:38.5737150Z [command]/usr/bin/git checkout --progress --force -B feat/doc-html-export refs/remotes/origin/feat/doc-html-export
2026-09-07T19:34:38.6934975Z Switched to a new branch 'feat/doc-html-export'
2026-09-07T19:34:38.6940136Z branch 'feat/doc-html-export' set up to track 'origin/feat/doc-html-export'.
2026-09-07T19:34:38.6953874Z ##[endgroup]
2026-09-07T19:34:38.7004226Z [command]/usr/bin/git log -1 --format=%H
2026-09-07T19:34:38.7035383Z b2d3b3766a244a0d836e2ab2c77f8b4abf5800cd
2026-09-07T19:34:38.7045018Z ##[group]Removing auth
2026-09-07T19:34:38.7045697Z Removing SSH command configuration
2026-09-07T19:34:38.7049026Z [command]/usr/bin/git config --local --name-only --get-regexp core\.sshCommand
2026-09-07T19:34:38.7089292Z [command]/usr/bin/git submodule foreach --recursive sh -c "git config --local --name-only --get-regexp 'core\.sshCommand' && git config --local --unset-all 'core.sshCommand' || :"
2026-09-07T19:34:38.7325930Z Removing HTTP extra header
2026-09-07T19:34:38.7330191Z [command]/usr/bin/git config --local --name-only --get-regexp http\.https\:\/\/github\.com\/\.extraheader
2026-09-07T19:34:38.7368608Z [command]/usr/bin/git submodule foreach --recursive sh -c "git config --local --name-only --get-regexp 'http\.https\:\/\/github\.com\/\.extraheader' && git config --local --unset-all 'http.https://github.com/.extraheader' || :"
2026-09-07T19:34:38.7595391Z Removing includeIf entries pointing to credentials config files
2026-09-07T19:34:38.7598516Z [command]/usr/bin/git config --local --name-only --get-regexp ^includeIf\.gitdir:
2026-09-07T19:34:38.7630031Z includeif.gitdir:/home/runner/work/NEPL3/NEPL3/.git.path
2026-09-07T19:34:38.7631851Z includeif.gitdir:/home/runner/work/NEPL3/NEPL3/.git/worktrees/*.path
2026-09-07T19:34:38.7633899Z includeif.gitdir:/github/workspace/.git.path
2026-09-07T19:34:38.7635228Z includeif.gitdir:/github/workspace/.git/worktrees/*.path
2026-09-07T19:34:38.7639169Z [command]/usr/bin/git config --local --get-all includeif.gitdir:/home/runner/work/NEPL3/NEPL3/.git.path
2026-09-07T19:34:38.7666130Z /home/runner/work/_temp/git-credentials-6798d99d-26d5-4c66-99da-e32758c83d69.config
2026-09-07T19:34:38.7677338Z [command]/usr/bin/git config --local --unset includeif.gitdir:/home/runner/work/NEPL3/NEPL3/.git.path \/home\/runner\/work\/_temp\/git\-credentials\-6798d99d\-26d5\-4c66\-99da\-e32758c83d69\.config
2026-09-07T19:34:38.7718255Z [command]/usr/bin/git config --local --get-all includeif.gitdir:/home/runner/work/NEPL3/NEPL3/.git/worktrees/*.path
2026-09-07T19:34:38.7746754Z /home/runner/work/_temp/git-credentials-6798d99d-26d5-4c66-99da-e32758c83d69.config
2026-09-07T19:34:38.7756155Z [command]/usr/bin/git config --local --unset includeif.gitdir:/home/runner/work/NEPL3/NEPL3/.git/worktrees/*.path \/home\/runner\/work\/_temp\/git\-credentials\-6798d99d\-26d5\-4c66\-99da\-e32758c83d69\.config
2026-09-07T19:34:38.7791074Z [command]/usr/bin/git config --local --get-all includeif.gitdir:/github/workspace/.git.path
2026-09-07T19:34:38.7835779Z /github/runner_temp/git-credentials-6798d99d-26d5-4c66-99da-e32758c83d69.config
2026-09-07T19:34:38.7863162Z [command]/usr/bin/git config --local --unset includeif.gitdir:/github/workspace/.git.path \/github\/runner_temp\/git\-credentials\-6798d99d\-26d5\-4c66\-99da\-e32758c83d69\.config
2026-09-07T19:34:38.7915490Z [command]/usr/bin/git config --local --get-all includeif.gitdir:/github/workspace/.git/worktrees/*.path
2026-09-07T19:34:38.7943733Z /github/runner_temp/git-credentials-6798d99d-26d5-4c66-99da-e32758c83d69.config
2026-09-07T19:34:38.7954926Z [command]/usr/bin/git config --local --unset includeif.gitdir:/github/workspace/.git/worktrees/*.path \/github\/runner_temp\/git\-credentials\-6798d99d\-26d5\-4c66\-99da\-e32758c83d69\.config
2026-09-07T19:34:38.7991701Z [command]/usr/bin/git submodule foreach --recursive git config --local --show-origin --name-only --get-regexp remote.origin.url
2026-09-07T19:34:38.8219179Z Removing credentials config '/home/runner/work/_temp/git-credentials-6798d99d-26d5-4c66-99da-e32758c83d69.config'
2026-09-07T19:34:38.8227019Z ##[endgroup]
2026-09-07T19:34:38.8448066Z ##[group]Run rustup show active-toolchain
2026-09-07T19:34:38.8448997Z [36;1mrustup show active-toolchain[0m
2026-09-07T19:34:38.8449992Z [36;1mrustup target add wasm32-wasip2 wasm32-unknown-unknown[0m
2026-09-07T19:34:38.8450979Z [36;1mrustc --version --verbose[0m
2026-09-07T19:34:38.8494072Z shell: /usr/bin/bash --noprofile --norc -e -o pipefail {0}
2026-09-07T19:34:38.8495017Z env:
2026-09-07T19:34:38.8495452Z   CARGO_TERM_COLOR: always
2026-09-07T19:34:38.8496060Z   RUSTDOCFLAGS: -D warnings
2026-09-07T19:34:38.8496624Z ##[endgroup]
2026-09-07T19:34:38.9126561Z info: syncing channel updates for 1.97.0-x86_64-unknown-linux-gnu
2026-09-07T19:34:39.0231455Z info: latest update on 2026-07-09 for version 1.97.0 (2d8144b78 2026-07-07)
2026-09-07T19:34:39.0249223Z info: downloading 5 components
2026-09-07T19:34:47.2707236Z 1.97.0-x86_64-unknown-linux-gnu (overridden by '/home/runner/work/NEPL3/NEPL3/rust-toolchain.toml')
2026-09-07T19:34:47.3291889Z info: downloading component rust-std
2026-09-07T19:34:49.1822084Z info: downloading component rust-std
2026-09-07T19:34:50.8071539Z rustc 1.97.0 (2d8144b78 2026-07-07)
2026-09-07T19:34:50.8072229Z binary: rustc
2026-09-07T19:34:50.8072576Z commit-hash: 2d8144b7880597b6e6d3dfd63a9a9efae3f533d3
2026-09-07T19:34:50.8072991Z commit-date: 2026-07-07
2026-09-07T19:34:50.8073313Z host: x86_64-unknown-linux-gnu
2026-09-07T19:34:50.8074149Z release: 1.97.0
2026-09-07T19:34:50.8074781Z LLVM version: 22.1.6
2026-09-07T19:34:50.8126058Z ##[group]Run curl --fail --location --retry 3 --output wasmtime.tar.xz https://github.com/bytecodealliance/wasmtime/releases/download/v44.0.1/wasmtime-v44.0.1-x86_64-linux.tar.xz
2026-09-07T19:34:50.8127415Z [36;1mcurl --fail --location --retry 3 --output wasmtime.tar.xz https://github.com/bytecodealliance/wasmtime/releases/download/v44.0.1/wasmtime-v44.0.1-x86_64-linux.tar.xz[0m
2026-09-07T19:34:50.8128468Z [36;1mecho 'afd58715f105e3a7f454169daed22168c5736ec5f225fb04c4ac62c54c9508a3  wasmtime.tar.xz' | sha256sum --check --strict[0m
2026-09-07T19:34:50.8129067Z [36;1mtar -xf wasmtime.tar.xz[0m
2026-09-07T19:34:50.8129435Z [36;1mecho "$PWD/wasmtime-v44.0.1-x86_64-linux" >> "$GITHUB_PATH"[0m
2026-09-07T19:34:50.8167677Z shell: /usr/bin/bash --noprofile --norc -e -o pipefail {0}
2026-09-07T19:34:50.8168026Z env:
2026-09-07T19:34:50.8168226Z   CARGO_TERM_COLOR: always
2026-09-07T19:34:50.8168471Z   RUSTDOCFLAGS: -D warnings
2026-09-07T19:34:50.8168704Z ##[endgroup]
2026-09-07T19:34:50.8314968Z   % Total    % Received % Xferd  Average Speed   Time    Time     Time  Current
2026-09-07T19:34:50.8315913Z                                  Dload  Upload   Total   Spent    Left  Speed
2026-09-07T19:34:50.8316400Z 
2026-09-07T19:34:51.0717469Z   0     0    0     0    0     0      0      0 --:--:-- --:--:-- --:--:--     0
2026-09-07T19:34:51.0718420Z   0     0    0     0    0     0      0      0 --:--:-- --:--:-- --:--:--     0
2026-09-07T19:34:51.0719305Z   0     0    0     0    0     0      0      0 --:--:-- --:--:-- --:--:--     0
2026-09-07T19:34:51.1663860Z 
2026-09-07T19:34:51.1664351Z 100 11.8M  100 11.8M    0     0  35.2M      0 --:--:-- --:--:-- --:--:-- 35.2M
2026-09-07T19:34:51.1816475Z wasmtime.tar.xz: OK
2026-09-07T19:34:52.0469887Z ##[group]Run wasmtime --version
2026-09-07T19:34:52.0470259Z [36;1mwasmtime --version[0m
2026-09-07T19:34:52.0471135Z [36;1mcargo test --locked -p nepl3-core -p nepl3-reader -p nepl3-wire -p nepl3-engine -p nepl3-grammar-core -p nepl3-doc-core -p nepl3-math-core -p nepl3-markup -p nepl3-doc-html --target wasm32-wasip2 -- --test-threads=1[0m
2026-09-07T19:34:52.0472485Z [36;1mcargo test --locked -p nepl3-tools --test grammar diagnostic::compiler_report_boundary_without_host_process --target wasm32-wasip2 -- --exact --test-threads=1[0m
2026-09-07T19:34:52.0473795Z [36;1mcargo test --locked -p nepl3-tools --test grammar reader::all_reader_constructors --target wasm32-wasip2 -- --test-threads=1[0m
2026-09-07T19:34:52.0474939Z [36;1mcargo test --locked -p nepl3-tools --test grammar reader::compiled_reader_streaming_boundaries_and_rollback_keep_raw_positions --target wasm32-wasip2 -- --exact --test-threads=1[0m
2026-09-07T19:34:52.0475976Z [36;1mcargo test --locked -p nepl3-tools --test grammar binding:: --target wasm32-wasip2 -- --test-threads=1[0m
2026-09-07T19:34:52.0476695Z [36;1mcargo test --locked -p nepl3-tools --test grammar region:: --target wasm32-wasip2 -- --test-threads=1[0m
2026-09-07T19:34:52.0477353Z [36;1mcargo test --locked -p nepl3-tools --test doc --target wasm32-wasip2 -- --test-threads=1[0m
2026-09-07T19:34:52.0477978Z [36;1mcargo test --locked -p nepl3-tools --test math --target wasm32-wasip2 -- --test-threads=1[0m
2026-09-07T19:34:52.0516794Z shell: /usr/bin/bash --noprofile --norc -e -o pipefail {0}
2026-09-07T19:34:52.0517141Z env:
2026-09-07T19:34:52.0517333Z   CARGO_TERM_COLOR: always
2026-09-07T19:34:52.0517572Z   RUSTDOCFLAGS: -D warnings
2026-09-07T19:34:52.0517846Z   CARGO_TARGET_WASM32_WASIP2_RUNNER: wasmtime run
2026-09-07T19:34:52.0518139Z ##[endgroup]
2026-09-07T19:34:52.0603914Z wasmtime 44.0.1 (f302ebd6b 2026-04-30)
2026-09-07T19:34:52.1198361Z [1m[92m    Updating[0m crates.io index
2026-09-07T19:34:52.1967542Z [1m[92m Downloading[0m crates ...
2026-09-07T19:34:52.2162701Z [1m[92m  Downloaded[0m num-integer v0.1.47
2026-09-07T19:34:52.2232188Z [1m[92m  Downloaded[0m num-bigint v0.4.8
2026-09-07T19:34:52.2293001Z [1m[92m  Downloaded[0m block-buffer v0.12.1
2026-09-07T19:34:52.2305740Z [1m[92m  Downloaded[0m crypto-common v0.2.2
2026-09-07T19:34:52.2317052Z [1m[92m  Downloaded[0m digest v0.11.3
2026-09-07T19:34:52.2341142Z [1m[92m  Downloaded[0m cfg-if v1.0.4
2026-09-07T19:34:52.2354150Z [1m[92m  Downloaded[0m hybrid-array v0.4.14
2026-09-07T19:34:52.2376680Z [1m[92m  Downloaded[0m typenum v1.20.1
2026-09-07T19:34:52.2411663Z [1m[92m  Downloaded[0m num-traits v0.2.19
2026-09-07T19:34:52.2438206Z [1m[92m  Downloaded[0m cpufeatures v0.3.1
2026-09-07T19:34:52.2457814Z [1m[92m  Downloaded[0m autocfg v1.5.1
2026-09-07T19:34:52.2486336Z [1m[92m  Downloaded[0m unicode-ident v1.0.18
2026-09-07T19:34:52.4296679Z [1m[92m  Downloaded[0m sha2 v0.11.0
2026-09-07T19:34:52.4674740Z [1m[92m   Compiling[0m typenum v1.20.1
2026-09-07T19:34:52.4685637Z [1m[92m   Compiling[0m autocfg v1.5.1
2026-09-07T19:34:52.4686551Z [1m[92m   Compiling[0m cfg-if v1.0.4
2026-09-07T19:34:52.4734434Z [1m[92m   Compiling[0m unicode-ident v1.0.18
2026-09-07T19:34:52.7212312Z [1m[92m   Compiling[0m num-traits v0.2.19
2026-09-07T19:34:53.0305019Z [1m[92m   Compiling[0m hybrid-array v0.4.14
2026-09-07T19:34:53.2054966Z [1m[92m   Compiling[0m num-integer v0.1.47
2026-09-07T19:34:53.3310371Z [1m[92m   Compiling[0m num-bigint v0.4.8
2026-09-07T19:34:53.3738860Z [1m[92m   Compiling[0m block-buffer v0.12.1
2026-09-07T19:34:53.3925030Z [1m[92m   Compiling[0m crypto-common v0.2.2
2026-09-07T19:34:53.8369954Z [1m[92m   Compiling[0m digest v0.11.3
2026-09-07T19:34:53.9276521Z [1m[92m   Compiling[0m sha2 v0.11.0
2026-09-07T19:34:54.3834180Z [1m[92m   Compiling[0m nepl3-core v0.1.0 (/home/runner/work/NEPL3/NEPL3/crates/foundation/core)
2026-09-07T19:34:55.4817215Z [1m[92m   Compiling[0m nepl3-wire v0.1.0 (/home/runner/work/NEPL3/NEPL3/crates/foundation/wire)
2026-09-07T19:34:55.4822419Z [1m[92m   Compiling[0m nepl3-reader v0.1.0 (/home/runner/work/NEPL3/NEPL3/crates/foundation/reader)
2026-09-07T19:34:55.4827653Z [1m[92m   Compiling[0m nepl3-doc-core v0.1.0 (/home/runner/work/NEPL3/NEPL3/crates/languages/doc/core)
2026-09-07T19:34:57.7595090Z [1m[92m   Compiling[0m nepl3-markup v0.1.0 (/home/runner/work/NEPL3/NEPL3/crates/output/markup)
2026-09-07T19:34:59.0865154Z [1m[92m   Compiling[0m nepl3-engine v0.1.0 (/home/runner/work/NEPL3/NEPL3/crates/foundation/engine)
2026-09-07T19:35:08.5476782Z [1m[92m   Compiling[0m nepl3-math-core v0.1.0 (/home/runner/work/NEPL3/NEPL3/crates/languages/math/core)
2026-09-07T19:35:09.8831148Z [1m[92m   Compiling[0m nepl3-grammar-core v0.1.0 (/home/runner/work/NEPL3/NEPL3/crates/languages/grammar/core)
2026-09-07T19:35:11.0615295Z [1m[92m   Compiling[0m nepl3-doc-html v0.1.0 (/home/runner/work/NEPL3/NEPL3/crates/languages/doc/html)
2026-09-07T19:35:58.3047424Z [1m[92m    Finished[0m `test` profile [unoptimized + debuginfo] target(s) in 1m 06s
2026-09-07T19:35:58.3156197Z [1m[92m     Running[0m unittests src/lib.rs (target/wasm32-wasip2/debug/deps/nepl3_core-0768d9cff1cef137.wasm)
2026-09-07T19:35:58.5185365Z 
2026-09-07T19:35:58.5194490Z running 0 tests
2026-09-07T19:35:58.5194773Z 
2026-09-07T19:35:58.5195078Z test result: ok. 0 passed; 0 failed; 0 ignored; 0 measured; 0 filtered out; finished in 0.00s
2026-09-07T19:35:58.5195640Z 
2026-09-07T19:35:58.5212107Z [1m[92m     Running[0m tests/budget.rs (target/wasm32-wasip2/debug/deps/budget-31d909483b5879d2.wasm)
2026-09-07T19:35:58.7452299Z 
2026-09-07T19:35:58.7452902Z running 2 tests
2026-09-07T19:35:58.7453922Z test observed_delegated_cost_is_atomic_across_all_resources_and_preserves_stops ... ok
2026-09-07T19:35:58.7455977Z test temporary_ceilings_restore_on_result_paths_and_cannot_regrant_reserved_capacity ... ok
2026-09-07T19:35:58.7456653Z 
2026-09-07T19:35:58.7457334Z test result: ok. 2 passed; 0 failed; 0 ignored; 0 measured; 0 filtered out; finished in 0.00s
2026-09-07T19:35:58.7458800Z 
2026-09-07T19:35:58.7477064Z [1m[92m     Running[0m tests/contracts.rs (target/wasm32-wasip2/debug/deps/contracts-c06db335a5c3f2c6.wasm)
2026-09-07T19:35:59.1191642Z 
2026-09-07T19:35:59.1198376Z running 26 tests
2026-09-07T19:35:59.1203067Z test admission_accounts_for_copied_locator_payload ... ok
2026-09-07T19:35:59.1218422Z test admission_usage_does_not_depend_on_snapshot_allocation_order ... ok
2026-09-07T19:35:59.1228472Z test borrowed_store_insert_does_not_clone_duplicates_or_publish_on_stop ... ok
2026-09-07T19:35:59.1229459Z test budget_exact_limits_overflow_zero_and_cancel_are_distinct ... ok
2026-09-07T19:35:59.1230338Z test canonical_integers_reject_negative_zero_and_leading_zero ... ok
2026-09-07T19:35:59.1231240Z test edit_size_limit_checked_before_replacement_is_built ... ok
2026-09-07T19:35:59.1232215Z test edits_are_atomic_across_sources_and_reject_stale_or_conflicting_input ... ok
2026-09-07T19:35:59.1233314Z test first_budget_stop_is_sticky_across_smaller_charges_and_cancellation ... ok
2026-09-07T19:35:59.1272042Z test generated_source_locator_scan_is_charged_before_validation ... ok
2026-09-07T19:35:59.1286079Z test indexed_admission_keeps_unique_bytes_and_checks_empty_cancel ... ok
2026-09-07T19:35:59.1299766Z test indexed_source_insert_preserves_order_and_metered_duplicate_lookup ... ok
2026-09-07T19:35:59.1300606Z test line_index_allocation_limit_is_enforced ... ok
2026-09-07T19:35:59.1301303Z test line_positions_roundtrip_unicode_and_all_line_endings ... ok
2026-09-07T19:35:59.1302147Z test locator_profile_is_checked_without_os_or_scheme_normalization ... ok
2026-09-07T19:35:59.1303018Z test nested_budget_retains_work_and_peak_depth_after_failed_branch ... ok
2026-09-07T19:35:59.1304114Z test rational_constructors_normalize_native_but_reject_noncanonical_wire ... ok
2026-09-07T19:35:59.1305107Z test shared_admission_is_operation_local_and_independent_storage_still_checked ... ok
2026-09-07T19:35:59.1457942Z test shared_copy_and_independent_comparison_have_separate_work_bounds ... ok
2026-09-07T19:35:59.1676383Z test snapshot_clones_preserve_owned_lifetime_and_independent_identity_checks ... ok
2026-09-07T19:35:59.1720276Z test snapshot_metadata_copy_is_bounded_but_independent_comparison_is_not_free ... ok
2026-09-07T19:35:59.1721626Z test source_admission_charges_unique_snapshots_once_across_shared_calls ... ok
2026-09-07T19:35:59.1722880Z test source_admission_rejects_locator_changes_for_same_snapshot_identity ... ok
2026-09-07T19:35:59.1723933Z test source_digest_is_sha256_of_exact_original_bytes ... ok
2026-09-07T19:35:59.1724707Z test source_limits_precede_decode_and_decode_does_not_replace_bytes ... ok
2026-09-07T19:35:59.1725642Z test span_rejects_scalar_interiors_bounds_and_other_identity ... ok
2026-09-07T19:35:59.1726585Z test store_preserves_distinct_ids_at_same_uri_and_rejects_conflicting_revision ... ok
2026-09-07T19:35:59.1727257Z 
2026-09-07T19:35:59.1727875Z test result: ok. 26 passed; 0 failed; 0 ignored; 0 measured; 0 filtered out; finished in 0.05s
2026-09-07T19:35:59.1728523Z 
2026-09-07T19:35:59.1780916Z [1m[92m     Running[0m tests/decimal.rs (target/wasm32-wasip2/debug/deps/decimal-457e68d662efebf0.wasm)
2026-09-07T19:35:59.4455164Z 
2026-09-07T19:35:59.4455801Z running 2 tests
2026-09-07T19:35:59.4456890Z test exact_decimal_constructor_is_independent_of_lexical_leading_zero_policy ... ok
2026-09-07T19:35:59.4458290Z test invalid_digits_and_resource_stops_precede_numeric_allocation ... ok
2026-09-07T19:35:59.4459038Z 
2026-09-07T19:35:59.4459655Z test result: ok. 2 passed; 0 failed; 0 ignored; 0 measured; 0 filtered out; finished in 0.00s
2026-09-07T19:35:59.4460384Z 
2026-09-07T19:35:59.4529443Z [1m[92m     Running[0m tests/edit.rs (target/wasm32-wasip2/debug/deps/edit-abd899d9ed55ed3e.wasm)
2026-09-07T19:35:59.7357910Z 
2026-09-07T19:35:59.7358656Z running 5 tests
2026-09-07T19:35:59.7360701Z test a_conflicting_preexisting_output_does_not_publish_other_transaction_outputs ... ok
2026-09-07T19:35:59.7384406Z test deletion_admits_original_and_generated_snapshots_once ... ok
2026-09-07T19:35:59.7996043Z test every_allocation_stop_is_atomic_sticky_and_retryable_in_a_fresh_operation ... ok
2026-09-07T19:35:59.7997336Z test semantic_failure_does_not_reserve_an_unpublished_output_identity ... ok
2026-09-07T19:35:59.8050164Z test work_source_and_locator_limits_stop_before_unbounded_owned_copies ... ok
2026-09-07T19:35:59.8050826Z 
2026-09-07T19:35:59.8051491Z test result: ok. 5 passed; 0 failed; 0 ignored; 0 measured; 0 filtered out; finished in 0.07s
2026-09-07T19:35:59.8052084Z 
2026-09-07T19:35:59.8118617Z [1m[92m     Running[0m tests/facts.rs (target/wasm32-wasip2/debug/deps/facts-7e6e80d2155fc3fa.wasm)
2026-09-07T19:36:00.2884491Z 
2026-09-07T19:36:00.2884992Z running 2 tests
2026-09-07T19:36:00.2989240Z test delta_keeps_current_scope_namespace_reservations_and_foreign_scope_authority ... ok
2026-09-07T19:36:00.3099930Z test facts_reject_missing_sources_namespace_roots_and_fresh_operation_limits ... ok
2026-09-07T19:36:00.3100798Z 
2026-09-07T19:36:00.3101417Z test result: ok. 2 passed; 0 failed; 0 ignored; 0 measured; 0 filtered out; finished in 0.02s
2026-09-07T19:36:00.3102215Z 
2026-09-07T19:36:00.3210573Z [1m[92m     Running[0m tests/lexical.rs (target/wasm32-wasip2/debug/deps/lexical-bc830829577cd306.wasm)
2026-09-07T19:36:00.5428447Z 
2026-09-07T19:36:00.5429117Z running 3 tests
2026-09-07T19:36:00.5429833Z test whole_language_tag_preserves_abnf_scope ... ok
2026-09-07T19:36:00.5430768Z test whole_lexemes_stop_without_allocating_or_losing_cancellation ... ok
2026-09-07T19:36:00.5432141Z test whole_name_uses_pinned_unicode_spelling_and_excludes_trivia ... ok
2026-09-07T19:36:00.5433409Z 
2026-09-07T19:36:00.5434545Z test result: ok. 3 passed; 0 failed; 0 ignored; 0 measured; 0 filtered out; finished in 0.00s
2026-09-07T19:36:00.5435710Z 
2026-09-07T19:36:00.5452352Z [1m[92m     Running[0m tests/maps.rs (target/wasm32-wasip2/debug/deps/maps-60d8e75b49759caf.wasm)
2026-09-07T19:36:00.8356124Z 
2026-09-07T19:36:00.8356578Z running 4 tests
2026-09-07T19:36:00.8504554Z test indexed_map_graphs_agree_with_transitive_closure_in_both_orders ... ok
2026-09-07T19:36:00.8546612Z test map_admission_never_copies_long_identity_before_zero_allocation_budget ... ok
2026-09-07T19:36:00.8548128Z test mapped_containment_requires_every_byte_and_every_reverse_path ... ok
2026-09-07T19:36:00.8561069Z test snapshot_dag_proves_large_transforms_without_enumerating_the_point_product ... ok
2026-09-07T19:36:00.8561681Z 
2026-09-07T19:36:00.8562091Z test result: ok. 4 passed; 0 failed; 0 ignored; 0 measured; 0 filtered out; finished in 0.02s
2026-09-07T19:36:00.8562715Z 
2026-09-07T19:36:00.8609119Z [1m[92m     Running[0m tests/structure.rs (target/wasm32-wasip2/debug/deps/structure-7c81a685ddcd5cde.wasm)
2026-09-07T19:36:01.3654222Z 
2026-09-07T19:36:01.3654868Z running 20 tests
2026-09-07T19:36:01.3655764Z test canonical_json_escapes_controls_without_unicode_normalization ... ok
2026-09-07T19:36:01.4527927Z test deeply_nested_value_cleanup_uses_no_recursive_drop_chain ... ok
2026-09-07T19:36:01.4529596Z test descriptor_canonical_json_has_independently_specified_field_order ... ok
2026-09-07T19:36:01.4531895Z test descriptor_map_order_is_irrelevant_but_duplicates_are_rejected ... ok
2026-09-07T19:36:01.4533385Z test empty_anchor_cycles_and_transformed_relations_are_checked ... ok
2026-09-07T19:36:01.4534743Z test forward_overlap_is_acyclic_and_map_budget_failure_does_not_insert ... ok
2026-09-07T19:36:01.4535674Z test imported_origin_graph_honors_zero_nodes_and_depth_limits ... ok
2026-09-07T19:36:01.4544608Z test imported_origin_graph_rejects_cycles_unknown_refs_and_missing_source ... ok
2026-09-07T19:36:01.4545636Z test inverse_refuses_transformed_and_ambiguous_mappings ... ok
2026-09-07T19:36:01.4546711Z test local_kind_ids_are_canonical_across_descriptor_input_order ... ok
2026-09-07T19:36:01.4547758Z test registry_accepts_mutual_symbolic_references_then_seals_them ... ok
2026-09-07T19:36:01.4548762Z test registry_rejects_wrong_digest_and_unknown_unused_references ... ok
2026-09-07T19:36:01.4954380Z test rejected_deep_descriptor_is_safe_to_clone_compare_debug_and_drop ... ok
2026-09-07T19:36:01.4955707Z test report_candidate_rollback_discards_facts_without_refunding_budget ... ok
2026-09-07T19:36:01.4957003Z test report_diagnostic_limit_has_no_fabricated_global_message ... ok
2026-09-07T19:36:01.4957963Z test report_storage_obeys_allocation_budget ... ok
2026-09-07T19:36:01.4958901Z test report_zero_event_capacity_keeps_one_typed_overflow_and_stop ... ok
2026-09-07T19:36:01.4960006Z test source_map_checks_composable_interval_cycles_not_snapshot_cycles ... ok
2026-09-07T19:36:01.4961085Z test structural_boundary_checks_field_count_kind_intrinsic_subset_and_negative_natural ... ok
2026-09-07T19:36:01.4962073Z test validator_and_descriptor_depth_share_parent_budget_and_peak ... ok
2026-09-07T19:36:01.4962574Z 
2026-09-07T19:36:01.4963032Z test result: ok. 20 passed; 0 failed; 0 ignored; 0 measured; 0 filtered out; finished in 0.13s
2026-09-07T19:36:01.4963943Z 
2026-09-07T19:36:01.5023985Z [1m[92m     Running[0m tests/syntax.rs (target/wasm32-wasip2/debug/deps/syntax-a6d47f1001f73986.wasm)
2026-09-07T19:36:02.1161875Z 
2026-09-07T19:36:02.1187430Z running 10 tests
2026-09-07T19:36:02.2043066Z test deeply_nested_foreign_bundle_cleanup_is_iterative ... ok
2026-09-07T19:36:02.2044626Z test foreign_ids_are_local_but_environment_and_root_must_match ... ok
2026-09-07T19:36:02.2046089Z test foreign_nesting_adds_to_containing_node_path_depth ... ok
2026-09-07T19:36:02.7647578Z test owned_syntax_copy_precharges_payloads_and_preserves_deep_foreign_ownership ... ok
2026-09-07T19:36:02.7649081Z test source_child_cover_must_follow_head_and_stay_in_parent ... ok
2026-09-07T19:36:02.7650539Z test syntax_graph_checks_all_refs_and_cycles_while_allowing_shared_children ... ok
2026-09-07T19:36:02.7651899Z test syntax_preserves_nested_stop_causes_and_does_not_reclassify_semantic_errors ... ok
2026-09-07T19:36:02.7654389Z test token_internal_view_is_sidecar_and_trivia_retains_bom_bytes ... ok
2026-09-07T19:36:02.7655150Z test token_owns_even_unreachable_view_elements ... ok
2026-09-07T19:36:02.7655836Z test view_child_edges_are_acyclic_but_semantic_relation_cycles_are_allowed ... ok
2026-09-07T19:36:02.7656359Z 
2026-09-07T19:36:02.7656812Z test result: ok. 10 passed; 0 failed; 0 ignored; 0 measured; 0 filtered out; finished in 0.65s
2026-09-07T19:36:02.7657399Z 
2026-09-07T19:36:02.7770335Z [1m[92m     Running[0m tests/value.rs (target/wasm32-wasip2/debug/deps/value-523408c5691dfee0.wasm)
2026-09-07T19:36:03.0525587Z 
2026-09-07T19:36:03.0526092Z running 2 tests
2026-09-07T19:36:03.0526683Z test budgeted_equality_keeps_values_and_composes_caller_depth ... ok
2026-09-07T19:36:03.0871664Z test equality_charges_frontier_before_queueing_wide_input ... ok
2026-09-07T19:36:03.0872480Z 
2026-09-07T19:36:03.0873003Z test result: ok. 2 passed; 0 failed; 0 ignored; 0 measured; 0 filtered out; finished in 0.04s
2026-09-07T19:36:03.0877868Z 
2026-09-07T19:36:03.0959775Z [1m[92m     Running[0m unittests src/lib.rs (target/wasm32-wasip2/debug/deps/nepl3_doc_core-f886317f5f5eb391.wasm)
2026-09-07T19:36:03.5716396Z 
2026-09-07T19:36:03.5717244Z running 1 test
2026-09-07T19:36:03.5746467Z test normalize::tests::normal_form_flattens_only_sequences_and_retains_explicit_break ... ok
2026-09-07T19:36:03.5747541Z 
2026-09-07T19:36:03.5748139Z test result: ok. 1 passed; 0 failed; 0 ignored; 0 measured; 0 filtered out; finished in 0.00s
2026-09-07T19:36:03.5748946Z 
2026-09-07T19:36:03.5756623Z [1m[92m     Running[0m tests/foreign.rs (target/wasm32-wasip2/debug/deps/foreign-66c553bd9ae4a7f9.wasm)
2026-09-07T19:36:04.4205267Z 
2026-09-07T19:36:04.4215785Z running 2 tests
2026-09-07T19:36:04.4389166Z test code_guest_stays_syntax_through_doc_structure_and_cbor ... ok
2026-09-07T19:36:04.4554841Z test shared_embed_validation_composes_its_deepest_doc_owner ... ok
2026-09-07T19:36:04.4555577Z 
2026-09-07T19:36:04.4556007Z test result: ok. 2 passed; 0 failed; 0 ignored; 0 measured; 0 filtered out; finished in 0.03s
2026-09-07T19:36:04.4556592Z 
2026-09-07T19:36:04.4692089Z [1m[92m     Running[0m tests/portable.rs (target/wasm32-wasip2/debug/deps/portable-241719d1fd43700e.wasm)
2026-09-07T19:36:05.2954457Z 
2026-09-07T19:36:05.2974330Z running 3 tests
2026-09-07T19:36:05.3188040Z test document_ndf_and_cbor_first_receiver_preserve_source_view_and_meaning ... ok
2026-09-07T19:36:05.3378100Z test schema_valid_wrong_category_and_resource_stops_are_typed ... ok
2026-09-07T19:36:05.4155910Z test valid_document_decode_keeps_work_stop_causes_at_inner_boundaries ... ok
2026-09-07T19:36:05.4156517Z 
2026-09-07T19:36:05.4156979Z test result: ok. 3 passed; 0 failed; 0 ignored; 0 measured; 0 filtered out; finished in 0.12s
2026-09-07T19:36:05.4157547Z 
2026-09-07T19:36:05.4256627Z [1m[92m     Running[0m tests/prepare.rs (target/wasm32-wasip2/debug/deps/prepare-8ab08696760c58e8.wasm)
2026-09-07T19:36:06.2720288Z 
2026-09-07T19:36:06.2720932Z running 3 tests
2026-09-07T19:36:06.2904524Z test inspection_requires_article_labels_and_preserves_sticky_stops ... ok
2026-09-07T19:36:06.3105256Z test portable_plan_recomputes_requirements_and_rejects_stale_or_incomplete_data ... ok
2026-09-07T19:36:06.3293094Z test preparation_discovers_distinct_placements_without_loading_assets ... ok
2026-09-07T19:36:06.3293988Z 
2026-09-07T19:36:06.3294440Z test result: ok. 3 passed; 0 failed; 0 ignored; 0 measured; 0 filtered out; finished in 0.06s
2026-09-07T19:36:06.3295030Z 
2026-09-07T19:36:06.3434897Z [1m[92m     Running[0m tests/sentence.rs (target/wasm32-wasip2/debug/deps/sentence-afa73c83e5f282d4.wasm)
2026-09-07T19:36:06.9724365Z 
2026-09-07T19:36:06.9744592Z running 4 tests
2026-09-07T19:36:06.9881159Z test incomplete_and_failed_annotations_keep_raw_byte_positions ... ok
2026-09-07T19:36:07.0046193Z test literal_annotations_escapes_and_original_views ... ok
2026-09-07T19:36:07.0256614Z test text_merge_preserves_known_and_source_less_provenance ... ok
2026-09-07T19:36:07.0429240Z test typed_prefix_constructor_and_literal_share_the_normal_form ... ok
2026-09-07T19:36:07.0429901Z 
2026-09-07T19:36:07.0430557Z test result: ok. 4 passed; 0 failed; 0 ignored; 0 measured; 0 filtered out; finished in 0.07s
2026-09-07T19:36:07.0431143Z 
2026-09-07T19:36:07.0556673Z [1m[92m     Running[0m tests/shape.rs (target/wasm32-wasip2/debug/deps/shape-5d9a488d72d8f78e.wasm)
2026-09-07T19:36:07.3469727Z 
2026-09-07T19:36:07.3470561Z running 4 tests
2026-09-07T19:36:07.3471276Z test categories_and_graph_are_checked_before_semantic_use ... ok
2026-09-07T19:36:07.4893056Z test deep_arenas_stop_and_drop_without_recursive_ownership ... ok
2026-09-07T19:36:07.4894858Z test parallel_and_annotation_constraints_use_actual_child_content ... ok
2026-09-07T19:36:07.4896180Z test shared_child_still_counts_on_the_longest_path ... ok
2026-09-07T19:36:07.4896883Z 
2026-09-07T19:36:07.4897616Z test result: ok. 4 passed; 0 failed; 0 ignored; 0 measured; 0 filtered out; finished in 0.14s
2026-09-07T19:36:07.4898684Z 
2026-09-07T19:36:07.4950341Z [1m[92m     Running[0m unittests src/lib.rs (target/wasm32-wasip2/debug/deps/nepl3_doc_html-7d4ce6934afd72bf.wasm)
2026-09-07T19:36:07.6932417Z 
2026-09-07T19:36:07.6933014Z running 0 tests
2026-09-07T19:36:07.6933837Z 
2026-09-07T19:36:07.6934422Z test result: ok. 0 passed; 0 failed; 0 ignored; 0 measured; 0 filtered out; finished in 0.00s
2026-09-07T19:36:07.6935114Z 
2026-09-07T19:36:07.6957455Z [1m[92m     Running[0m tests/local.rs (target/wasm32-wasip2/debug/deps/local-c1b1c28028e7f2db.wasm)
2026-09-07T19:36:08.6358502Z 
2026-09-07T19:36:08.6359046Z running 2 tests
2026-09-07T19:36:08.6619699Z test first_cbor_receiver_prepares_renders_and_rejects_stale_or_forged_results ... ok
2026-09-07T19:36:08.7122257Z test output_budget_and_browser_depth_never_silently_flatten_the_document ... ok
2026-09-07T19:36:08.7123007Z 
2026-09-07T19:36:08.7123955Z test result: ok. 2 passed; 0 failed; 0 ignored; 0 measured; 0 filtered out; finished in 0.08s
2026-09-07T19:36:08.7124602Z 
2026-09-07T19:36:08.7243333Z [1m[92m     Running[0m unittests src/lib.rs (target/wasm32-wasip2/debug/deps/nepl3_engine-cb0b8780e3fc4ff5.wasm)
2026-09-07T19:36:09.0634711Z 
2026-09-07T19:36:09.0635220Z running 2 tests
2026-09-07T19:36:09.0636640Z test head::tests::completed_projection_preserves_compound_values_without_unread_siblings_or_tables ... ok
2026-09-07T19:36:09.0646821Z test head::tests::window_preserves_exact_utf8_and_requires_admission_in_each_operation ... ok
2026-09-07T19:36:09.0647779Z 
2026-09-07T19:36:09.0648280Z test result: ok. 2 passed; 0 failed; 0 ignored; 0 measured; 0 filtered out; finished in 0.00s
2026-09-07T19:36:09.0649010Z 
2026-09-07T19:36:09.0675044Z [1m[92m     Running[0m tests/head.rs (target/wasm32-wasip2/debug/deps/head-e579f5ad5975aa7b.wasm)
2026-09-07T19:36:10.7577718Z 
2026-09-07T19:36:10.7578259Z running 14 tests
2026-09-07T19:36:10.8478657Z test completed_head_wrapper_preserves_owned_execution_and_pending_boundaries ... ok
2026-09-07T19:36:10.8891732Z test deep_failed_payload_respects_saved_call_depth_and_keeps_prior_report ... ok
2026-09-07T19:36:10.9311640Z test dynamic_head_uses_compound_completed_child_and_restores_normal_child_context ... ok
2026-09-07T19:36:10.9734950Z test failed_child_context_preserves_known_parent_arity_and_formal_primary_once ... ok
2026-09-07T19:36:11.0191226Z test foreign_completed_selector_uses_local_projection_ids_and_returns_to_host_body ... ok
2026-09-07T19:36:11.0609865Z test head_cancel_keeps_accepted_diagnostic_event_and_fixed_parent_progress ... ok
2026-09-07T19:36:11.1027724Z test head_resume_source_uri_conflict_and_missing_primary_preserve_the_original_slot ... ok
2026-09-07T19:36:11.1451303Z test head_resume_uses_saved_auxiliary_context_and_rejects_caller_conflicts_before_consumption ... ok
2026-09-07T19:36:11.2271471Z test head_trace_overflow_requires_stopped_and_invalid_success_keeps_pending ... ok
2026-09-07T19:36:11.2692869Z test long_failed_reply_is_charged_before_primary_equality_and_keeps_prior_report ... ok
2026-09-07T19:36:11.3612888Z test portable::portable_callback_and_dynamic_tree_match_owned_native_execution ... ok
2026-09-07T19:36:11.4030475Z test shape_provider_failure_keeps_unknown_arity_unparsed_and_primary_once ... ok
2026-09-07T19:36:11.5695277Z test synchronous_head_host_and_owned_fallback_keep_the_same_tree_and_positions ... ok
2026-09-07T19:36:11.6542311Z test synchronous_head_reader_head_dispatch_matches_owned_interleaving ... ok
2026-09-07T19:36:11.6543172Z 
2026-09-07T19:36:11.6544169Z test result: ok. 14 passed; 0 failed; 0 ignored; 0 measured; 0 filtered out; finished in 0.90s
2026-09-07T19:36:11.6544800Z 
2026-09-07T19:36:11.6680979Z [1m[92m     Running[0m tests/package.rs (target/wasm32-wasip2/debug/deps/package-ecf7c0526f7ab83c.wasm)
2026-09-07T19:36:13.1778993Z 
2026-09-07T19:36:13.1779715Z running 21 tests
2026-09-07T19:36:13.2364949Z test head::head_registrations_bind_alias_signature_host_identity_and_profile_digest ... ok
2026-09-07T19:36:13.2795710Z test head::portable::delegated_grant_and_real_framing_share_the_original_work_cap ... ok
2026-09-07T19:36:13.3194020Z test head::portable::head_all_reply_branches_preserve_projected_report_and_reject_invalid_fixes_and_graphs ... ok
2026-09-07T19:36:13.3575509Z test head::portable::head_delegation_accounts_window_reception_once_and_merges_relative_costs_with_absolute_depth ... ok
2026-09-07T19:36:13.3982701Z test head::portable::head_first_receiver_preserves_compound_projection_and_rejects_schema_valid_corruption ... ok
2026-09-07T19:36:13.4357696Z test head::portable::projected_shared_payload_depth_includes_the_deeper_graph_path ... ok
2026-09-07T19:36:13.4730678Z test head::portable::stopped_transport_records_child_cost_and_unsettled_drop_blocks_parent_reuse ... ok
2026-09-07T19:36:13.5085839Z test listof_foreign_has_foreign_head_and_local_tail_without_losing_its_selector ... ok
2026-09-07T19:36:13.5437990Z test package_boundary_checks_extension_provenance_and_resource_limits ... ok
2026-09-07T19:36:13.5791830Z test package_checks_real_surface_shapes_modes_selectors_and_binding_coverage ... ok
2026-09-07T19:36:13.6151264Z test package_rejects_direct_reader_cycles_and_counts_binding_entry_depth ... ok
2026-09-07T19:36:13.6551114Z test persistent_tree_checks_parent_reads_spelling_payload_and_concrete_owner ... ok
2026-09-07T19:36:13.7069078Z test portable::facts::facts_all_reply_branches_keep_report_only_sources_and_request_relative_grants ... ok
2026-09-07T19:36:13.7537304Z test portable::facts::facts_first_receiver_decodes_without_the_senders_request_or_source_store ... ok
2026-09-07T19:36:13.8159543Z test portable::facts::facts_request_binds_complete_host_authority_and_canonical_target ... ok
2026-09-07T19:36:13.8568764Z test portable::typed_tree_recovery_uses_the_guest_source_table_and_canonical_node_reference ... ok
2026-09-07T19:36:13.9006713Z test portable::typed_tree_roundtrip_remaps_every_local_owner_and_rejects_stale_wrapper_indices ... ok
2026-09-07T19:36:13.9381687Z test recovery_strategy_and_sync_order_are_part_of_package_behavior ... ok
2026-09-07T19:36:14.0093698Z test resolved_profile_pins_real_package_host_providers_resources_and_foreign_modes ... ok
2026-09-07T19:36:14.0467964Z test semantic_identity_preserves_ordered_behavior_and_presentation_fallback ... ok
2026-09-07T19:36:14.0856773Z test semantic_identity_removes_arena_layout_sharing_and_provenance ... ok
2026-09-07T19:36:14.0857490Z 
2026-09-07T19:36:14.0857843Z test result: ok. 21 passed; 0 failed; 0 ignored; 0 measured; 0 filtered out; finished in 0.91s
2026-09-07T19:36:14.0858379Z 
2026-09-07T19:36:14.0985831Z [1m[92m     Running[0m tests/parse.rs (target/wasm32-wasip2/debug/deps/parse-185b3f579214042b.wasm)
2026-09-07T19:36:15.4888858Z 
2026-09-07T19:36:15.4889417Z running 20 tests
2026-09-07T19:36:15.6133642Z test accepted_trivia_without_a_token_survives_eof_and_need_more ... ok
2026-09-07T19:36:21.9370034Z test allocation_stop_preserves_actual_usage_and_never_invents_a_root ... ok
2026-09-07T19:36:22.3403864Z test append_retry_reparses_every_scalar_split_and_keeps_cumulative_usage ... ok
2026-09-07T19:36:22.4278865Z test append_retry_retains_original_caller_depth_when_host_resumes_at_zero ... ok
2026-09-07T19:36:22.9150959Z test completed_parse_wrappers_preserve_raw_outcomes_reports_and_costs ... ok
2026-09-07T19:36:22.9561912Z test explicit_list_spine_preserves_declared_head_and_tail_children ... ok
2026-09-07T19:36:22.9973404Z test foreign::foreign_root_mode_is_guest_owned_and_normal_child_and_host_restore_defaults ... ok
2026-09-07T19:36:23.0763493Z test missing_children_share_one_bundle_recovery_table ... ok
2026-09-07T19:36:23.1548653Z test missing_final_child_and_nonfinal_input_are_distinct ... ok
2026-09-07T19:36:23.7162549Z test native_host_cancel_and_invalid_reply_keep_boundary_semantics ... ok
2026-09-07T19:36:23.7998202Z test native_host_failure_keeps_generated_diagnostic_and_event_closure ... ok
2026-09-07T19:36:24.0034272Z test native_host_mixed_text_provider_fallback_preserves_decoded_sources ... ok
2026-09-07T19:36:24.0435736Z test native_host_nested_stop_is_sticky_without_host_mutating_budget ... ok
2026-09-07T19:36:24.2964874Z test native_host_prefix_growth_reduces_measured_copy_work ... ok
2026-09-07T19:36:24.5374102Z test native_host_preserves_tree_reports_maps_and_owned_fallback ... ok
2026-09-07T19:36:24.6696477Z test prefix_depth_composes_with_nested_reader_frames ... ok
2026-09-07T19:36:24.7506484Z test provider_resume_keeps_prefix_frames_report_and_caller_depth ... ok
2026-09-07T19:36:24.7906579Z test static_form_keeps_builtin_children_and_token_payloads ... ok
2026-09-07T19:36:24.8311573Z test text_reservation_preserves_prefix_identity_and_composed_caller_depth ... ok
2026-09-07T19:36:24.9556479Z test unknown_heads_preserve_remainder_without_inventing_a_leaf_arity ... ok
2026-09-07T19:36:24.9557099Z 
2026-09-07T19:36:24.9557513Z test result: ok. 20 passed; 0 failed; 0 ignored; 0 measured; 0 filtered out; finished in 9.47s
2026-09-07T19:36:24.9558125Z 
2026-09-07T19:36:24.9696100Z [1m[92m     Running[0m unittests src/lib.rs (target/wasm32-wasip2/debug/deps/nepl3_grammar_core-327fb74cbb64a4b2.wasm)
2026-09-07T19:36:25.1651891Z 
2026-09-07T19:36:25.1652421Z running 0 tests
2026-09-07T19:36:25.1652824Z 
2026-09-07T19:36:25.1653783Z test result: ok. 0 passed; 0 failed; 0 ignored; 0 measured; 0 filtered out; finished in 0.00s
2026-09-07T19:36:25.1654445Z 
2026-09-07T19:36:25.1675483Z [1m[92m     Running[0m tests/reader.rs (target/wasm32-wasip2/debug/deps/reader-c1c02a6111cd0c7b.wasm)
2026-09-07T19:36:25.7399593Z 
2026-09-07T19:36:25.7400400Z running 2 tests
2026-09-07T19:36:25.7582288Z test compiler_catalogs_reject_ambiguous_and_empty_names_and_ast_charges_nodes ... ok
2026-09-07T19:36:25.7762546Z test reader_compiler_lowers_real_plan_and_rejects_natural_range_repeat_and_reference_errors ... ok
2026-09-07T19:36:25.7763250Z 
2026-09-07T19:36:25.7763863Z test result: ok. 2 passed; 0 failed; 0 ignored; 0 measured; 0 filtered out; finished in 0.04s
2026-09-07T19:36:25.7764477Z 
2026-09-07T19:36:25.7798006Z [1m[92m     Running[0m unittests src/lib.rs (target/wasm32-wasip2/debug/deps/nepl3_markup-c3a6bf639238e063.wasm)
2026-09-07T19:36:25.9885862Z 
2026-09-07T19:36:25.9886357Z running 0 tests
2026-09-07T19:36:25.9886548Z 
2026-09-07T19:36:25.9886913Z test result: ok. 0 passed; 0 failed; 0 ignored; 0 measured; 0 filtered out; finished in 0.00s
2026-09-07T19:36:25.9887312Z 
2026-09-07T19:36:25.9904581Z [1m[92m     Running[0m tests/html.rs (target/wasm32-wasip2/debug/deps/html-62bed07f9939e04e.wasm)
2026-09-07T19:36:26.3020985Z 
2026-09-07T19:36:26.3021487Z running 5 tests
2026-09-07T19:36:26.4422373Z test dag_appearance_identity_cycles_unreachable_and_deep_drop ... ok
2026-09-07T19:36:26.4424075Z test malformed_structure_and_attribute_values_never_become_partial_html ... ok
2026-09-07T19:36:26.4426325Z test nested_paragraph_wrapper_links_lists_and_code_preserve_bytes ... ok
2026-09-07T19:36:26.4427844Z test sticky_stops_apply_to_validation_and_serialization_with_caller_depth ... ok
2026-09-07T19:36:26.4429497Z test tables_images_and_typed_external_links ... ok
2026-09-07T19:36:26.4430075Z 
2026-09-07T19:36:26.4431298Z test result: ok. 5 passed; 0 failed; 0 ignored; 0 measured; 0 filtered out; finished in 0.14s
2026-09-07T19:36:26.4431805Z 
2026-09-07T19:36:26.4486232Z [1m[92m     Running[0m tests/portable.rs (target/wasm32-wasip2/debug/deps/portable-05838e2e3f5a8611.wasm)
2026-09-07T19:36:26.9827419Z 
2026-09-07T19:36:26.9827973Z running 2 tests
2026-09-07T19:36:26.9959749Z test first_cbor_receiver_revalidates_owned_markup_and_matches_native_output ... ok
2026-09-07T19:36:27.0083922Z test schema_valid_invalid_markup_and_unknown_tags_are_rejected_after_cbor ... ok
2026-09-07T19:36:27.0084648Z 
2026-09-07T19:36:27.0085108Z test result: ok. 2 passed; 0 failed; 0 ignored; 0 measured; 0 filtered out; finished in 0.03s
2026-09-07T19:36:27.0085755Z 
2026-09-07T19:36:27.0110073Z [1m[92m     Running[0m tests/regression.rs (target/wasm32-wasip2/debug/deps/regression-57df5c33f8c6f842.wasm)
2026-09-07T19:36:27.3056081Z 
2026-09-07T19:36:27.3056703Z running 5 tests
2026-09-07T19:36:27.3058114Z test external_port_is_unsigned_ascii_decimal ... ok
2026-09-07T19:36:27.3059308Z test ruby_grammar_rejects_invalid_fallback_and_base_sequences ... ok
2026-09-07T19:36:27.3060686Z test ruby_group_annotations_and_single_nested_base_are_retained ... ok
2026-09-07T19:36:27.3973295Z test serializer_work_limit_bounds_frontier_before_enqueue ... ok
2026-09-07T19:36:27.4075513Z test zero_work_does_not_allocate_a_validation_arena ... ok
2026-09-07T19:36:27.4075966Z 
2026-09-07T19:36:27.4076412Z test result: ok. 5 passed; 0 failed; 0 ignored; 0 measured; 0 filtered out; finished in 0.10s
2026-09-07T19:36:27.4076785Z 
2026-09-07T19:36:27.4124151Z [1m[92m     Running[0m tests/text.rs (target/wasm32-wasip2/debug/deps/text-a0244702ac97983e.wasm)
2026-09-07T19:36:27.6342450Z 
2026-09-07T19:36:27.6343127Z running 3 tests
2026-09-07T19:36:27.6344405Z test canonical_escape_preserves_text_and_attribute_whitespace ... ok
2026-09-07T19:36:27.6345546Z test escaping_limits_precede_result_allocation_and_stops_are_sticky ... ok
2026-09-07T19:36:27.8385892Z test xml_character_ranges_and_error_byte_offsets_are_exact ... ok
2026-09-07T19:36:27.8386668Z 
2026-09-07T19:36:27.8387265Z test result: ok. 3 passed; 0 failed; 0 ignored; 0 measured; 0 filtered out; finished in 0.20s
2026-09-07T19:36:27.8388059Z 
2026-09-07T19:36:27.8427831Z [1m[92m     Running[0m unittests src/lib.rs (target/wasm32-wasip2/debug/deps/nepl3_math_core-4ded1a9dab8baf70.wasm)
2026-09-07T19:36:28.0397695Z 
2026-09-07T19:36:28.0415263Z running 0 tests
2026-09-07T19:36:28.0415570Z 
2026-09-07T19:36:28.0416032Z test result: ok. 0 passed; 0 failed; 0 ignored; 0 measured; 0 filtered out; finished in 0.00s
2026-09-07T19:36:28.0416598Z 
2026-09-07T19:36:28.0419653Z [1m[92m     Running[0m tests/construct.rs (target/wasm32-wasip2/debug/deps/construct-2242eeda48246431.wasm)
2026-09-07T19:36:28.3707508Z 
2026-09-07T19:36:28.3708094Z running 1 test
2026-09-07T19:36:28.3709340Z test fresh_rational_notation_obeys_structure_depth_and_caller ... ok
2026-09-07T19:36:28.3710364Z 
2026-09-07T19:36:28.3711158Z test result: ok. 1 passed; 0 failed; 0 ignored; 0 measured; 0 filtered out; finished in 0.00s
2026-09-07T19:36:28.3712166Z 
2026-09-07T19:36:28.3722438Z [1m[92m     Running[0m tests/number.rs (target/wasm32-wasip2/debug/deps/number-e384c7ee7d41cad6.wasm)
2026-09-07T19:36:28.6505928Z 
2026-09-07T19:36:28.6506431Z running 2 tests
2026-09-07T19:36:28.6507289Z test arithmetic_stops_before_big_integer_work_and_retains_operands ... ok
2026-09-07T19:36:28.6508914Z test canonical_rationals_keep_exact_decimal_and_fraction_values ... ok
2026-09-07T19:36:28.6509328Z 
2026-09-07T19:36:28.6509969Z test result: ok. 2 passed; 0 failed; 0 ignored; 0 measured; 0 filtered out; finished in 0.00s
2026-09-07T19:36:28.6510586Z 
2026-09-07T19:36:28.6526836Z [1m[92m     Running[0m tests/portable.rs (target/wasm32-wasip2/debug/deps/portable-e6efc4e3b3708d4d.wasm)
2026-09-07T19:36:29.4077103Z 
2026-09-07T19:36:29.4078196Z running 2 tests
2026-09-07T19:36:29.4228121Z test first_receiver_keeps_fraction_notation_spelling_and_source_once ... ok
2026-09-07T19:36:29.4352191Z test schema_valid_math_rejects_nonfinite_numbers_and_missing_source_closure ... ok
2026-09-07T19:36:29.4352931Z 
2026-09-07T19:36:29.4353392Z test result: ok. 2 passed; 0 failed; 0 ignored; 0 measured; 0 filtered out; finished in 0.03s
2026-09-07T19:36:29.4354189Z 
2026-09-07T19:36:29.4461974Z [1m[92m     Running[0m tests/shape.rs (target/wasm32-wasip2/debug/deps/shape-a71e0ed65ec8359b.wasm)
2026-09-07T19:36:29.8099427Z 
2026-09-07T19:36:29.8100091Z running 3 tests
2026-09-07T19:36:29.8100967Z test notation_shapes_enforce_matrix_vector_fence_and_root_constraints ... ok
2026-09-07T19:36:29.8124416Z test rational_constructor_uses_number_only_for_finite_decimals ... ok
2026-09-07T19:36:29.9406343Z test shared_paths_and_deep_cleanup_keep_limits_and_categories ... ok
2026-09-07T19:36:29.9407122Z 
2026-09-07T19:36:29.9407596Z test result: ok. 3 passed; 0 failed; 0 ignored; 0 measured; 0 filtered out; finished in 0.13s
2026-09-07T19:36:29.9408222Z 
2026-09-07T19:36:29.9468678Z [1m[92m     Running[0m unittests src/lib.rs (target/wasm32-wasip2/debug/deps/nepl3_reader-e5fcfe7c08f4b3ea.wasm)
2026-09-07T19:36:30.1478641Z 
2026-09-07T19:36:30.1479273Z running 0 tests
2026-09-07T19:36:30.1479616Z 
2026-09-07T19:36:30.1480169Z test result: ok. 0 passed; 0 failed; 0 ignored; 0 measured; 0 filtered out; finished in 0.00s
2026-09-07T19:36:30.1480831Z 
2026-09-07T19:36:30.1506505Z [1m[92m     Running[0m tests/builtin.rs (target/wasm32-wasip2/debug/deps/builtin-8a85d5d9065eb6eb.wasm)
2026-09-07T19:36:31.0268161Z 
2026-09-07T19:36:31.0269250Z running 17 tests
2026-09-07T19:36:31.1044216Z test builtin_budget_stops_are_typed_and_do_not_return_partial_tokens ... ok
2026-09-07T19:36:31.2966144Z test committed_text_rejects_invalid_escapes_scalars_and_direct_lines ... ok
2026-09-07T19:36:31.3144695Z test empty_skip_and_take_readers_are_nonprogress_failures ... ok
2026-09-07T19:36:31.3831633Z test generated_source_admission_is_once_and_unsuccessful_text_has_no_source_charge ... ok
2026-09-07T19:36:31.7260490Z test language_is_well_formed_abnf_not_registry_validity ... ok
2026-09-07T19:36:31.8132040Z test maximal_lexemes_wait_at_every_nonfinal_scalar_boundary ... ok
2026-09-07T19:36:31.8308007Z test mode_take_is_ordered_choice_and_does_not_consume_trailing_trivia ... ok
2026-09-07T19:36:31.8484870Z test mode_text_reservation_is_lazy_and_echo_is_checked ... ok
2026-09-07T19:36:31.9856368Z test names_preserve_unicode_spelling_and_read_maximal_identifier ... ok
2026-09-07T19:36:32.2083996Z test naturals_and_finite_decimals_are_exact_and_boundary_checked ... ok
2026-09-07T19:36:32.2261338Z test owned_tokenizer_resume_does_not_borrow_the_original_context_and_checks_all_echo_fields ... ok
2026-09-07T19:36:32.2438895Z test reservation_locator_validation_obeys_work_limit_before_scanning ... ok
2026-09-07T19:36:32.2962421Z test selected_standard_provider_dispatch_uses_builtin_values_and_rejects_forgery ... ok
2026-09-07T19:36:32.3305610Z test text_decoding_retains_each_exact_or_transformed_source_range ... ok
2026-09-07T19:36:32.3478614Z test text_exact_runs_preserve_utf8_offsets_and_escape_boundaries ... ok
2026-09-07T19:36:32.3659985Z test tokenizer_configuration_identity_ignores_mode_declaration_order_but_retains_rule_order ... ok
2026-09-07T19:36:32.4349158Z test trivia_keeps_ascii_line_boundaries_and_bom_position ... ok
2026-09-07T19:36:32.4349710Z 
2026-09-07T19:36:32.4350081Z test result: ok. 17 passed; 0 failed; 0 ignored; 0 measured; 0 filtered out; finished in 1.41s
2026-09-07T19:36:32.4350631Z 
2026-09-07T19:36:32.4454992Z [1m[92m     Running[0m tests/context.rs (target/wasm32-wasip2/debug/deps/context-3c55d1201792d405.wasm)
2026-09-07T19:36:32.9487772Z 
2026-09-07T19:36:32.9489986Z running 1 test
2026-09-07T19:36:32.9644353Z test checked_context_uses_real_digest_and_exact_origin_source_closure ... ok
2026-09-07T19:36:32.9645009Z 
2026-09-07T19:36:32.9645468Z test result: ok. 1 passed; 0 failed; 0 ignored; 0 measured; 0 filtered out; finished in 0.02s
2026-09-07T19:36:32.9646616Z 
2026-09-07T19:36:32.9735325Z [1m[92m     Running[0m tests/portable.rs (target/wasm32-wasip2/debug/deps/portable-24ec9a6189160fd5.wasm)
2026-09-07T19:36:33.7574156Z 
2026-09-07T19:36:33.7574893Z running 2 tests
2026-09-07T19:36:33.7758252Z test host_global_source_cannot_fill_a_missing_request_declaration ... ok
2026-09-07T19:36:33.7957177Z test native_request_and_checked_ndf_loopback_execute_with_identical_meaning ... ok
2026-09-07T19:36:33.7957836Z 
2026-09-07T19:36:33.7958279Z test result: ok. 2 passed; 0 failed; 0 ignored; 0 measured; 0 filtered out; finished in 0.04s
2026-09-07T19:36:33.7958856Z 
2026-09-07T19:36:33.8068527Z [1m[92m     Running[0m tests/runtime.rs (target/wasm32-wasip2/debug/deps/runtime-3037fcab50232871.wasm)
2026-09-07T19:36:34.8308339Z 
2026-09-07T19:36:34.8308838Z running 36 tests
2026-09-07T19:36:34.8586872Z test accepted_collector_crosses_language_sessions_only_in_its_original_operation ... ok
2026-09-07T19:36:34.8774608Z test accepted_diagnostic_owns_primary_related_and_fix_source_closure_before_publication ... ok
2026-09-07T19:36:34.9815527Z test allocation_faults_across_later_resumes_preserve_already_accepted_reports ... ok
2026-09-07T19:36:34.9991973Z test bounded_repeat_zero_never_executes_nullable_body ... ok
2026-09-07T19:36:35.0172834Z test cancellation_during_provider_wait_stops_and_consumes_the_pending_slot ... ok
2026-09-07T19:36:35.0357541Z test checked_context_reuse_admits_exact_source_closure_in_each_operation ... ok
2026-09-07T19:36:35.0533939Z test checked_context_reuse_rejects_same_id_revision_with_changed_content ... ok
2026-09-07T19:36:35.0713320Z test choice_rewinds_captures_views_and_retains_work ... ok
2026-09-07T19:36:35.0892292Z test commit_does_not_hide_failure_or_need_more_in_choice ... ok
2026-09-07T19:36:35.1083224Z test direct_repeat_failure_and_streaming_shortage_rollback_all_prior_iteration_reports ... ok
2026-09-07T19:36:35.1273673Z test every_utf8_prefix_split_is_need_more_and_final_truncation_is_no_match ... ok
2026-09-07T19:36:35.1453863Z test failed_choice_restores_programmed_state_before_next_provider_call ... ok
2026-09-07T19:36:35.2135542Z test failed_stopped_and_rollback_results_have_their_exact_formal_source_closure ... ok
2026-09-07T19:36:35.2316102Z test fresh_budget_and_forged_call_or_source_cannot_resume_a_saved_slot ... ok
2026-09-07T19:36:35.2497768Z test generated_sources_are_validated_transactionally_and_available_to_diagnostics ... ok
2026-09-07T19:36:35.2676420Z test long_source_identity_is_not_copied_after_allocation_budget_is_exhausted ... ok
2026-09-07T19:36:35.2860134Z test map_decode_and_then_use_typed_provider_envelopes ... ok
2026-09-07T19:36:35.3038634Z test node_sidecar_and_look_not_optional_discard_have_independent_values ... ok
2026-09-07T19:36:35.3401630Z test plan_identity_is_deterministic_but_distinguishes_arena_representation ... ok
2026-09-07T19:36:35.3583746Z test programmed_repetition_requires_actual_consumption_and_accepts_consuming_calls ... ok
2026-09-07T19:36:35.3777870Z test provider_overflow_rejects_read_failed_map_decode_without_consuming_slot ... ok
2026-09-07T19:36:35.3953224Z test provider_signature_checks_operation_envelope_and_pure_decoder ... ok
2026-09-07T19:36:35.4154023Z test retry::rejected_read_payload_state_end_source_and_view_preserve_formal_collector_and_pending ... ok
2026-09-07T19:36:35.4333353Z test runtime_rejects_left_recursion_hidden_behind_empty_programmed_call ... ok
2026-09-07T19:36:35.4511160Z test session_binds_call_source_plan_usage_and_closes_after_consumed_resume ... ok
2026-09-07T19:36:35.4688080Z test static_plan_rejects_unknown_references_types_and_unproductive_recursion ... ok
2026-09-07T19:36:35.5351557Z test stopped_reader_retains_committed_provider_reports ... ok
2026-09-07T19:36:35.6503343Z test stopped_tokenizer_retains_reader_report_and_generated_source_closure ... ok
2026-09-07T19:36:35.7714235Z test tokenizer_await_allocation_stops_clear_both_private_pending_slots ... ok
2026-09-07T19:36:35.7910863Z test tokenizer_host::synchronous_text_reservation_preserves_decode_maps_and_fallback ... ok
2026-09-07T19:36:35.8141347Z test tokenizer_host::synchronous_tokenizer_keeps_owned_fallback_and_validates_replies ... ok
2026-09-07T19:36:35.8325431Z test tokenizer_outer_echo_validates_every_nested_reader_component_before_private_resume ... ok
2026-09-07T19:36:36.8321182Z test tokenizer_preserves_accepted_skip_reports_and_sources_across_candidate_rollback ... ok
2026-09-07T19:36:36.8877848Z test transform::transform_all_outcomes_keep_sources_reports_and_retry_after_rejected_native_or_ndf_reply ... ok
2026-09-07T19:36:36.8879054Z test unicode_classes_use_pinned_unicode16_and_ascii_numeric_rules ... ok
2026-09-07T19:36:36.9054776Z test until_leaves_delimiter_and_takecount_counts_scalars ... ok
2026-09-07T19:36:36.9055279Z 
2026-09-07T19:36:36.9055652Z test result: ok. 36 passed; 0 failed; 0 ignored; 0 measured; 0 filtered out; finished in 2.08s
2026-09-07T19:36:36.9056189Z 
2026-09-07T19:36:36.9171495Z [1m[92m     Running[0m unittests src/lib.rs (target/wasm32-wasip2/debug/deps/nepl3_wire-7050a81fe1343ea4.wasm)
2026-09-07T19:36:37.1164292Z 
2026-09-07T19:36:37.1165631Z running 0 tests
2026-09-07T19:36:37.1166148Z 
2026-09-07T19:36:37.1166561Z test result: ok. 0 passed; 0 failed; 0 ignored; 0 measured; 0 filtered out; finished in 0.00s
2026-09-07T19:36:37.1167882Z 
2026-09-07T19:36:37.1214075Z [1m[92m     Running[0m tests/codec.rs (target/wasm32-wasip2/debug/deps/codec-3a47d1c2a0f5d103.wasm)
2026-09-07T19:36:37.5369005Z 
2026-09-07T19:36:37.5369302Z running 7 tests
2026-09-07T19:36:37.5371928Z test all_twelve_tags_match_specified_cbor_bytes ... ok
2026-09-07T19:36:37.5373881Z test checked_boundary_uses_real_registry_and_rejects_wrong_field_type ... ok
2026-09-07T19:36:37.6510691Z test deeply_nested_values_do_not_use_the_native_call_stack ... ok
2026-09-07T19:36:37.6511636Z test every_truncated_prefix_fails_and_complete_input_preserves_bytes ... ok
2026-09-07T19:36:37.6512522Z test integer_width_boundaries_use_shortest_unsigned_encoding ... ok
2026-09-07T19:36:37.6513634Z test limits_stop_with_typed_reasons_without_a_successful_partial_value ... ok
2026-09-07T19:36:37.6514418Z test malformed_noncanonical_and_forbidden_cbor_values_are_rejected ... ok
2026-09-07T19:36:37.6514962Z 
2026-09-07T19:36:37.6515363Z test result: ok. 7 passed; 0 failed; 0 ignored; 0 measured; 0 filtered out; finished in 0.11s
2026-09-07T19:36:37.6515909Z 
2026-09-07T19:36:37.6575119Z [1m[92m     Running[0m tests/digest.rs (target/wasm32-wasip2/debug/deps/digest-9867ff426da6f816.wasm)
2026-09-07T19:36:38.0406494Z 
2026-09-07T19:36:38.0407116Z running 1 test
2026-09-07T19:36:38.0517380Z test canonical_digest_uses_ndf_tagged_cbor_and_keeps_budget_stops ... ok
2026-09-07T19:36:38.0517978Z 
2026-09-07T19:36:38.0518422Z test result: ok. 1 passed; 0 failed; 0 ignored; 0 measured; 0 filtered out; finished in 0.01s
2026-09-07T19:36:38.0519008Z 
2026-09-07T19:36:38.0604069Z [1m[92m     Running[0m tests/facts.rs (target/wasm32-wasip2/debug/deps/facts-4ba6fc2b94868981.wasm)
2026-09-07T19:36:38.6932656Z 
2026-09-07T19:36:38.6933237Z running 1 test
2026-09-07T19:36:38.7126894Z test typed_facts_and_delta_roundtrip_preserve_ids_and_reject_semantic_forgery ... ok
2026-09-07T19:36:38.7127622Z 
2026-09-07T19:36:38.7128471Z test result: ok. 1 passed; 0 failed; 0 ignored; 0 measured; 0 filtered out; finished in 0.02s
2026-09-07T19:36:38.7129362Z 
2026-09-07T19:36:38.7258197Z [1m[92m     Running[0m tests/origin.rs (target/wasm32-wasip2/debug/deps/origin-614af06584b5dce8.wasm)
2026-09-07T19:36:39.2052138Z 
2026-09-07T19:36:39.2052637Z running 1 test
2026-09-07T19:36:39.2171099Z test origin_variants_roundtrip_and_wire_cycles_are_rejected ... ok
2026-09-07T19:36:39.2171732Z 
2026-09-07T19:36:39.2189301Z test result: ok. 1 passed; 0 failed; 0 ignored; 0 measured; 0 filtered out; finished in 0.01s
2026-09-07T19:36:39.2189807Z 
2026-09-07T19:36:39.2196247Z [1m[92m     Running[0m tests/report.rs (target/wasm32-wasip2/debug/deps/report-556c00363a9dad6a.wasm)
2026-09-07T19:36:39.7612363Z 
2026-09-07T19:36:39.7612981Z running 4 tests
2026-09-07T19:36:39.7754489Z test fix_preconditions_reject_digest_and_overlap_in_native_and_structural_wire_values ... ok
2026-09-07T19:36:39.7878530Z test one_fix_uses_one_snapshot_per_source_but_allows_multiple_sources_and_historical_related ... ok
2026-09-07T19:36:39.7994736Z test report_boundary_rejects_payload_count_and_source_forgery_and_preserves_stops ... ok
2026-09-07T19:36:39.8112912Z test report_roundtrip_preserves_diagnostics_events_fixes_and_declared_sources ... ok
2026-09-07T19:36:39.8113925Z 
2026-09-07T19:36:39.8114754Z test result: ok. 4 passed; 0 failed; 0 ignored; 0 measured; 0 filtered out; finished in 0.05s
2026-09-07T19:36:39.8115359Z 
2026-09-07T19:36:39.8217074Z [1m[92m     Running[0m tests/source.rs (target/wasm32-wasip2/debug/deps/source-701c299312f023a4.wasm)
2026-09-07T19:36:40.3010826Z 
2026-09-07T19:36:40.3011344Z running 3 tests
2026-09-07T19:36:40.3130413Z test malformed_source_declarations_reject_without_committing_and_retry_does_not_refund ... ok
2026-09-07T19:36:40.3238991Z test native_and_wire_admission_reject_zero_source_limit_and_span_scalar_interior ... ok
2026-09-07T19:36:40.3361435Z test source_and_span_roundtrip_preserve_identity_bytes_and_shared_admission ... ok
2026-09-07T19:36:40.3363782Z 
2026-09-07T19:36:40.3364774Z test result: ok. 3 passed; 0 failed; 0 ignored; 0 measured; 0 filtered out; finished in 0.03s
2026-09-07T19:36:40.3365647Z 
2026-09-07T19:36:40.3376725Z [1m[92m     Running[0m tests/stop.rs (target/wasm32-wasip2/debug/deps/stop-13ee4381bedafeda.wasm)
2026-09-07T19:36:40.8019144Z 
2026-09-07T19:36:40.8019609Z running 2 tests
2026-09-07T19:36:40.8128295Z test actual_checked_codec_schema_work_stop_is_extractable ... ok
2026-09-07T19:36:40.8129142Z test codec_stop_extraction_preserves_every_typed_nested_cause ... ok
2026-09-07T19:36:40.8129681Z 
2026-09-07T19:36:40.8130110Z test result: ok. 2 passed; 0 failed; 0 ignored; 0 measured; 0 filtered out; finished in 0.01s
2026-09-07T19:36:40.8130718Z 
2026-09-07T19:36:40.8235163Z [1m[92m     Running[0m tests/syntax.rs (target/wasm32-wasip2/debug/deps/syntax-d05296780d98d440.wasm)
2026-09-07T19:36:41.5366040Z 
2026-09-07T19:36:41.5368152Z running 8 tests
2026-09-07T19:36:41.5515328Z test foreign::standalone_foreign_keeps_selected_owner_environment_and_origin_arena ... ok
2026-09-07T19:36:41.5834031Z test foreign::standalone_foreign_rejects_missing_owner_closure_hash_and_cross_arena_claims ... ok
2026-09-07T19:36:41.5971617Z test foreign_bundle_rejects_forged_environment_digest_token_and_origin_references ... ok
2026-09-07T19:36:41.6089063Z test foreign_bundle_roundtrip_keeps_local_token_view_origin_ids_and_payloads ... ok
2026-09-07T19:36:41.6212827Z test guest_arena_reordering_updates_foreign_root_and_guest_local_children ... ok
2026-09-07T19:36:41.6496936Z test mapped_views_and_maps_survive_host_and_guest_wire_boundaries ... ok
2026-09-07T19:36:41.6644450Z test native_arena_order_is_canonicalized_and_unreachable_nodes_are_rejected ... ok
2026-09-07T19:36:41.7937165Z test nested_generated_bundles_use_iterative_conversion_and_shared_depth_budget ... ok
2026-09-07T19:36:41.7938023Z 
2026-09-07T19:36:41.7938434Z test result: ok. 8 passed; 0 failed; 0 ignored; 0 measured; 0 filtered out; finished in 0.26s
2026-09-07T19:36:41.7939011Z 
2026-09-07T19:36:41.8034298Z [1m[92m     Running[0m tests/types.rs (target/wasm32-wasip2/debug/deps/types-675d48535e49b251.wasm)
2026-09-07T19:36:42.2622612Z 
2026-09-07T19:36:42.2623537Z running 2 tests
2026-09-07T19:36:42.3132596Z test deep_symbolic_types_roundtrip_and_stop_without_recursive_cleanup ... ok
2026-09-07T19:36:42.3242440Z test symbolic_type_descriptors_preserve_all_variants_and_nested_named_data ... ok
2026-09-07T19:36:42.3243119Z 
2026-09-07T19:36:42.3243762Z test result: ok. 2 passed; 0 failed; 0 ignored; 0 measured; 0 filtered out; finished in 0.06s
2026-09-07T19:36:42.3244344Z 
2026-09-07T19:36:42.3327602Z [1m[92m     Running[0m tests/view.rs (target/wasm32-wasip2/debug/deps/view-d7a19b522fd886f6.wasm)
2026-09-07T19:36:42.8636274Z 
2026-09-07T19:36:42.8642715Z running 2 tests
2026-09-07T19:36:42.8760647Z test structured_payload_views_roles_relations_and_trivia_roundtrip_without_reparse ... ok
2026-09-07T19:36:42.8878400Z test token_wire_rejects_invalid_local_view_and_trivia_references_and_source_limit ... ok
2026-09-07T19:36:42.8885391Z 
2026-09-07T19:36:42.8886315Z test result: ok. 2 passed; 0 failed; 0 ignored; 0 measured; 0 filtered out; finished in 0.02s
2026-09-07T19:36:42.8886815Z 
2026-09-07T19:36:42.8892817Z [1m[92m   Doc-tests[0m nepl3_core
2026-09-07T19:36:42.9763345Z 
2026-09-07T19:36:42.9764160Z running 0 tests
2026-09-07T19:36:42.9764448Z 
2026-09-07T19:36:42.9764926Z test result: ok. 0 passed; 0 failed; 0 ignored; 0 measured; 0 filtered out; finished in 0.00s
2026-09-07T19:36:42.9776535Z [1m[92m   Doc-tests[0m nepl3_doc_core
2026-09-07T19:36:42.9776936Z 
2026-09-07T19:36:43.0658348Z 
2026-09-07T19:36:43.0658838Z running 0 tests
2026-09-07T19:36:43.0659051Z 
2026-09-07T19:36:43.0659375Z test result: ok. 0 passed; 0 failed; 0 ignored; 0 measured; 0 filtered out; finished in 0.00s
2026-09-07T19:36:43.0659738Z 
2026-09-07T19:36:43.0674131Z [1m[92m   Doc-tests[0m nepl3_doc_html
2026-09-07T19:36:43.0935515Z 
2026-09-07T19:36:43.0935732Z running 0 tests
2026-09-07T19:36:43.0935937Z 
2026-09-07T19:36:43.0936332Z test result: ok. 0 passed; 0 failed; 0 ignored; 0 measured; 0 filtered out; finished in 0.00s
2026-09-07T19:36:43.0936719Z 
2026-09-07T19:36:43.0947382Z [1m[92m   Doc-tests[0m nepl3_engine
2026-09-07T19:36:43.3241813Z 
2026-09-07T19:36:43.3242524Z running 0 tests
2026-09-07T19:36:43.3242770Z 
2026-09-07T19:36:43.3243076Z test result: ok. 0 passed; 0 failed; 0 ignored; 0 measured; 0 filtered out; finished in 0.00s
2026-09-07T19:36:43.3243679Z 
2026-09-07T19:36:43.3255240Z [1m[92m   Doc-tests[0m nepl3_grammar_core
2026-09-07T19:36:43.3729094Z 
2026-09-07T19:36:43.3729550Z running 0 tests
2026-09-07T19:36:43.3729796Z 
2026-09-07T19:36:43.3730093Z test result: ok. 0 passed; 0 failed; 0 ignored; 0 measured; 0 filtered out; finished in 0.00s
2026-09-07T19:36:43.3730498Z 
2026-09-07T19:36:43.3740323Z [1m[92m   Doc-tests[0m nepl3_markup
2026-09-07T19:36:43.4043689Z 
2026-09-07T19:36:43.4044168Z running 0 tests
2026-09-07T19:36:43.4044362Z 
2026-09-07T19:36:43.4044633Z test result: ok. 0 passed; 0 failed; 0 ignored; 0 measured; 0 filtered out; finished in 0.00s
2026-09-07T19:36:43.4044987Z 
2026-09-07T19:36:43.4055420Z [1m[92m   Doc-tests[0m nepl3_math_core
2026-09-07T19:36:43.4443397Z 
2026-09-07T19:36:43.4444046Z running 0 tests
2026-09-07T19:36:43.4444232Z 
2026-09-07T19:36:43.4444524Z test result: ok. 0 passed; 0 failed; 0 ignored; 0 measured; 0 filtered out; finished in 0.00s
2026-09-07T19:36:43.4444889Z 
2026-09-07T19:36:43.4456798Z [1m[92m   Doc-tests[0m nepl3_reader
2026-09-07T19:36:43.5251692Z 
2026-09-07T19:36:43.5252186Z running 0 tests
2026-09-07T19:36:43.5252470Z 
2026-09-07T19:36:43.5252796Z test result: ok. 0 passed; 0 failed; 0 ignored; 0 measured; 0 filtered out; finished in 0.00s
2026-09-07T19:36:43.5253200Z 
2026-09-07T19:36:43.5265234Z [1m[92m   Doc-tests[0m nepl3_wire
2026-09-07T19:36:43.5652891Z 
2026-09-07T19:36:43.5653362Z running 0 tests
2026-09-07T19:36:43.5653956Z 
2026-09-07T19:36:43.5654498Z test result: ok. 0 passed; 0 failed; 0 ignored; 0 measured; 0 filtered out; finished in 0.00s
2026-09-07T19:36:43.5655275Z 
2026-09-07T19:36:43.6129466Z [1m[92m Downloading[0m crates ...
2026-09-07T19:36:43.6531510Z [1m[92m  Downloaded[0m zmij v1.0.23
2026-09-07T19:36:43.6557835Z [1m[92m  Downloaded[0m itoa v1.0.18
2026-09-07T19:36:43.6573033Z [1m[92m  Downloaded[0m pulldown-cmark v0.13.4
2026-09-07T19:36:43.6625082Z [1m[92m  Downloaded[0m quote v1.0.47
2026-09-07T19:36:43.6652134Z [1m[92m  Downloaded[0m unicase v2.9.0
2026-09-07T19:36:43.6666137Z [1m[92m  Downloaded[0m bitflags v2.13.1
2026-09-07T19:36:43.6712009Z [1m[92m  Downloaded[0m serde_derive v1.0.229
2026-09-07T19:36:43.6744210Z [1m[92m  Downloaded[0m proc-macro2 v1.0.107
2026-09-07T19:36:43.6773508Z [1m[92m  Downloaded[0m serde_core v1.0.229
2026-09-07T19:36:43.6801124Z [1m[92m  Downloaded[0m serde v1.0.229
2026-09-07T19:36:43.6835460Z [1m[92m  Downloaded[0m memchr v2.8.3
2026-09-07T19:36:43.6892726Z [1m[92m  Downloaded[0m serde_json v1.0.151
2026-09-07T19:36:43.6967022Z [1m[92m  Downloaded[0m syn v3.0.5
2026-09-07T19:36:43.7229548Z [1m[92m   Compiling[0m proc-macro2 v1.0.107
2026-09-07T19:36:43.7230463Z [1m[92m   Compiling[0m quote v1.0.47
2026-09-07T19:36:43.7234428Z [1m[92m   Compiling[0m unicode-ident v1.0.18
2026-09-07T19:36:43.7235087Z [1m[92m   Compiling[0m serde_core v1.0.229
2026-09-07T19:36:43.7865038Z [1m[92m   Compiling[0m zmij v1.0.23
2026-09-07T19:36:43.9097717Z [1m[92m   Compiling[0m pulldown-cmark v0.13.4
2026-09-07T19:36:43.9634603Z [1m[92m   Compiling[0m serde v1.0.229
2026-09-07T19:36:43.9897884Z [1m[92m   Compiling[0m serde_json v1.0.151
2026-09-07T19:36:44.0741019Z [1m[92m   Compiling[0m memchr v2.8.3
2026-09-07T19:36:44.5105080Z [1m[92m   Compiling[0m itoa v1.0.18
2026-09-07T19:36:44.6445032Z [1m[92m   Compiling[0m syn v3.0.5
2026-09-07T19:36:44.6724793Z [1m[92m   Compiling[0m bitflags v2.13.1
2026-09-07T19:36:44.7292683Z [1m[92m   Compiling[0m unicase v2.9.0
2026-09-07T19:36:46.6200014Z [1m[92m   Compiling[0m serde_derive v1.0.229
2026-09-07T19:36:48.5266336Z [1m[92m   Compiling[0m nepl3-tools v0.1.0 (/home/runner/work/NEPL3/NEPL3/tools)
2026-09-07T19:36:56.7059559Z [1m[92m    Finished[0m `test` profile [unoptimized + debuginfo] target(s) in 13.10s
2026-09-07T19:36:56.7082504Z [1m[92m     Running[0m tests/grammar.rs (target/wasm32-wasip2/debug/deps/grammar-344c00de0cb3b63e.wasm)
2026-09-07T19:36:59.6630886Z 
2026-09-07T19:36:59.6631509Z running 1 test
2026-09-07T19:36:59.7540218Z test diagnostic::compiler_report_boundary_without_host_process ... ok
2026-09-07T19:36:59.7540790Z 
2026-09-07T19:36:59.7541235Z test result: ok. 1 passed; 0 failed; 0 ignored; 0 measured; 79 filtered out; finished in 0.09s
2026-09-07T19:36:59.7541929Z 
2026-09-07T19:36:59.8281344Z [1m[92m    Finished[0m `test` profile [unoptimized + debuginfo] target(s) in 0.02s
2026-09-07T19:36:59.8293272Z [1m[92m     Running[0m tests/grammar.rs (target/wasm32-wasip2/debug/deps/grammar-344c00de0cb3b63e.wasm)
2026-09-07T19:36:59.9444031Z 
2026-09-07T19:36:59.9444567Z running 2 tests
2026-09-07T19:36:59.9902891Z test reader::all_reader_constructors_compile_and_execute_with_independent_results ... ok
2026-09-07T19:37:00.0344127Z test reader::all_reader_constructors_preserve_failure_optional_and_commit_semantics ... ok
2026-09-07T19:37:00.0344979Z 
2026-09-07T19:37:00.0345494Z test result: ok. 2 passed; 0 failed; 0 ignored; 0 measured; 78 filtered out; finished in 0.09s
2026-09-07T19:37:00.0346234Z 
2026-09-07T19:37:00.0928156Z [1m[92m    Finished[0m `test` profile [unoptimized + debuginfo] target(s) in 0.02s
2026-09-07T19:37:00.0939890Z [1m[92m     Running[0m tests/grammar.rs (target/wasm32-wasip2/debug/deps/grammar-344c00de0cb3b63e.wasm)
2026-09-07T19:37:00.2083770Z 
2026-09-07T19:37:00.2084864Z running 1 test
2026-09-07T19:37:00.2536417Z test reader::compiled_reader_streaming_boundaries_and_rollback_keep_raw_positions ... ok
2026-09-07T19:37:00.2537151Z 
2026-09-07T19:37:00.2544733Z test result: ok. 1 passed; 0 failed; 0 ignored; 0 measured; 79 filtered out; finished in 0.05s
2026-09-07T19:37:00.2545489Z 
2026-09-07T19:37:00.3125008Z [1m[92m    Finished[0m `test` profile [unoptimized + debuginfo] target(s) in 0.02s
2026-09-07T19:37:00.3135694Z [1m[92m     Running[0m tests/grammar.rs (target/wasm32-wasip2/debug/deps/grammar-344c00de0cb3b63e.wasm)
2026-09-07T19:37:00.4280218Z 
2026-09-07T19:37:00.4280734Z running 52 tests
2026-09-07T19:37:00.5099874Z test binding::analysis_revalidates_concrete_package_and_keeps_initial_failures_typed ... ok
2026-09-07T19:37:00.6596430Z test binding::binding_stops_preserve_reason_partial_closure_and_caller_depth ... ok
2026-09-07T19:37:00.7290095Z test binding::custom::borrowed_facts_boundary_shares_owned_validation_without_tree_or_fact_copies ... ok
2026-09-07T19:37:00.8121861Z test binding::custom::custom_declared_mapping_and_report_survive_cancel ... ok
2026-09-07T19:37:00.8940393Z test binding::custom::custom_foreign_call_uses_its_own_namespace_and_root ... ok
2026-09-07T19:37:01.0286600Z test binding::custom::custom_global_checks_existing_batch_duplicates_and_lexical_authority ... ok
2026-09-07T19:37:01.1099265Z test binding::custom::custom_global_diagnostic_retains_the_validated_delta_source ... ok
2026-09-07T19:37:01.2192477Z test binding::custom::custom_maximum_ids_stay_typed ... ok
2026-09-07T19:37:01.5992948Z test binding::custom::custom_partial_reply_and_budget_stop_keep_checked_prefixes ... ok
2026-09-07T19:37:01.6897856Z test binding::custom::custom_provider_sparse_ids_then_normal_binding_and_accepted_stop ... ok
2026-09-07T19:37:01.8027234Z test binding::custom::custom_resolution_history_preserves_issuance_and_updates_open_inputs ... ok
2026-09-07T19:37:02.2482722Z test binding::custom::recursive::recursive_custom_actual_cbor_requests_use_same_phase_callback_and_fact_ids ... ok
2026-09-07T19:37:03.1219776Z test binding::custom::recursive::recursive_custom_phase_receipts_reject_schema_valid_claims_and_preserve_stop_prefix ... ok
2026-09-07T19:37:03.2280883Z test binding::custom::recursive::recursive_custom_rejects_header_references_and_id_reissue_but_preserves_distinct_names ... ok
2026-09-07T19:37:03.5306558Z test binding::custom::recursive::recursive_custom_reuses_header_ids_and_runs_initializers_after_all_headers ... ok
2026-09-07T19:37:03.6285885Z test binding::declaration_body_foreign_uses_independent_root_for_both_orders ... ok
2026-09-07T19:37:03.8079807Z test binding::global::global_duplicate_construction_stops_keep_the_formal_prefix ... ok
2026-09-07T19:37:04.0980585Z test binding::global::global_visibility_is_ordered_and_duplicates_keep_both_locations ... ok
2026-09-07T19:37:04.1883048Z test binding::official_binding_let_lambda_visibility_and_entity_identity ... ok
2026-09-07T19:37:04.2681188Z test binding::open_inputs_and_global_occurrences_keep_their_distinct_scopes ... ok
2026-09-07T19:37:04.6230590Z test binding::ordered_exports_recursive_headers_and_foreign_roots ... ok
2026-09-07T19:37:04.6955052Z test binding::portable::analysis::keyed_invalid_reply_and_access_errors_keep_typed_causes ... ok
2026-09-07T19:37:04.7683300Z test binding::portable::analysis::preparation_binds_conditions_and_uri_and_preserves_typed_stops ... ok
2026-09-07T19:37:04.9350488Z test binding::portable::analysis::prepared_binding_request_first_receiver_and_keyed_reply_preserve_identity ... ok
2026-09-07T19:37:05.0457962Z test binding::portable::analysis::selected_profile_provider_resource_and_execution_changes_invalidate_bound_results ... ok
2026-09-07T19:37:05.1220195Z test binding::portable::binding_bundle_scope_ledger_preserves_ids_and_rejects_invalid_raw_roots ... ok
2026-09-07T19:37:05.1910726Z test binding::portable::binding_invalid_and_stopped_envelopes_preserve_typed_causes_and_partial_fact_invariants ... ok
2026-09-07T19:37:05.3251843Z test binding::portable::binding_result_first_receiver_preserves_visibility_reports_and_foreign_closure ... ok
2026-09-07T19:37:05.3897256Z test binding::portable::causes::every_binding_failure_variant_keeps_its_typed_nested_cause ... ok
2026-09-07T19:37:05.5308134Z test binding::portable::namespace_visibility_stage_roundtrips_and_rejects_wrong_policy_or_root ... ok
2026-09-07T19:37:05.6469599Z test binding::portable::query::custom_keyed_queries_use_sparse_final_ids_and_keep_absent_locations ... ok
2026-09-07T19:37:06.2698554Z test binding::portable::query::custom_map_ownership_survives_stops_and_raw_validation ... ok
2026-09-07T19:37:06.4800903Z test binding::portable::query::keyed_definition_uses_original_ranges_and_all_identity_candidates ... ok
2026-09-07T19:37:06.5521937Z test binding::portable::query::keyed_references_boundary_options_and_sticky_stops ... ok
2026-09-07T19:37:06.6351625Z test binding::portable::query::query_import_option_uses_a_real_provider_occurrence ... ok
2026-09-07T19:37:06.7068762Z test binding::portable::query::query_received_geometry_identity_sources_and_stop_mutations_are_rejected ... ok
2026-09-07T19:37:06.8124670Z test binding::portable::query::query_role_options_ambiguity_and_open_inputs_remain_distinct ... ok
2026-09-07T19:37:06.9328563Z test binding::portable::query::region_queries_keep_custom_sparse_final_resolution_and_source_less_targets ... ok
2026-09-07T19:37:07.0992224Z test binding::portable::query::region_queries_use_only_accepted_custom_map_owners ... ok
2026-09-07T19:37:07.2599908Z test binding::portable::rename::rename_candidate_checks_unmapped_bytes_uri_revision_and_explicit_exact_derivation ... ok
2026-09-07T19:37:07.3868626Z test binding::portable::rename::rename_custom_owned_generated_name_retains_inverse_and_forward_edits ... ok
2026-09-07T19:37:07.5493826Z test binding::portable::rename::rename_exact_segments_preserve_unique_coverage_and_unmapped_geometry ... ok
2026-09-07T19:37:07.6372658Z test binding::portable::rename::rename_inverse_rejects_transformed_and_multiple_source_paths ... ok
2026-09-07T19:37:07.7371424Z test binding::portable::rename::rename_refuses_ambiguous_and_encoded_names_without_inverse_encoder ... ok
2026-09-07T19:37:07.8603343Z test binding::portable::rename::rename_refuses_capture_free_name_and_scope_collision_after_real_reanalysis ... ok
2026-09-07T19:37:07.9382618Z test binding::portable::rename::rename_rejects_a_guest_map_as_host_edit_authority ... ok
2026-09-07T19:37:08.0260112Z test binding::portable::rename::rename_rejects_stale_requests_seal_swaps_and_sticky_resource_stops ... ok
2026-09-07T19:37:08.2092228Z test binding::portable::rename::rename_reparses_candidate_and_preserves_original_entity_correspondence ... ok
2026-09-07T19:37:08.3546680Z test binding::portable::rename::rename_reserved_heads_use_namespace_owner_and_ignore_other_selected_language ... ok
2026-09-07T19:37:08.5577420Z test binding::portable::rename::rename_uses_custom_final_resolutions_and_refuses_missing_locations ... ok
2026-09-07T19:37:08.6260298Z test binding::repeated_recursive_plan_reuses_only_its_own_header_entities ... ok
2026-09-07T19:37:08.7393230Z test binding::stopped_origin_preparation_never_publishes_a_forward_reference_prefix ... ok
2026-09-07T19:37:08.7394211Z 
2026-09-07T19:37:08.7394625Z test result: ok. 52 passed; 0 failed; 0 ignored; 0 measured; 28 filtered out; finished in 8.31s
2026-09-07T19:37:08.7395177Z 
2026-09-07T19:37:08.7957027Z [1m[92m    Finished[0m `test` profile [unoptimized + debuginfo] target(s) in 0.02s
2026-09-07T19:37:08.7968377Z [1m[92m     Running[0m tests/grammar.rs (target/wasm32-wasip2/debug/deps/grammar-344c00de0cb3b63e.wasm)
2026-09-07T19:37:08.9111942Z 
2026-09-07T19:37:08.9112544Z running 10 tests
2026-09-07T19:37:08.9650924Z test region::actual_parser_region_selects_field_priority_before_inner_depth ... ok
2026-09-07T19:37:09.0688221Z test region::actual_reader_capture_and_nested_view_remain_token_owned ... ok
2026-09-07T19:37:09.2075896Z test region::boundaries::region_first_receiver_rebuilds_tree_and_sidecar_without_sender_sources ... ok
2026-09-07T19:37:09.2802909Z test region::boundaries::region_recovery_utf8_end_stale_and_stops_do_not_invent_children ... ok
2026-09-07T19:37:09.4364654Z test region::grammar_selection_errors_keep_the_exact_operand_location ... ok
2026-09-07T19:37:09.4765903Z test region::grammar_selection_priority_is_separate_from_style_and_changes_identity ... ok
2026-09-07T19:37:09.5512865Z test region::mapped::foreign_maps_stay_owner_local_and_compose_caller_depth ... ok
2026-09-07T19:37:09.6526342Z test region::mapped::formally_accepted_mapped_capture_and_trivia_republication_survive_wire ... ok
2026-09-07T19:37:09.7414812Z test region::query::region_query_preserves_multiple_mapping_candidates_and_atomic_failures ... ok
2026-09-07T19:37:10.0034699Z test region::query::regions_drive_final_definition_and_references_without_name_lookup ... ok
2026-09-07T19:37:10.0035613Z 
2026-09-07T19:37:10.0036194Z test result: ok. 10 passed; 0 failed; 0 ignored; 0 measured; 70 filtered out; finished in 1.09s
2026-09-07T19:37:10.0037436Z 
2026-09-07T19:37:10.0604642Z [1m[92m   Compiling[0m nepl3-tools v0.1.0 (/home/runner/work/NEPL3/NEPL3/tools)
2026-09-07T19:37:12.7639621Z [1m[92m    Finished[0m `test` profile [unoptimized + debuginfo] target(s) in 2.73s
2026-09-07T19:37:12.7658902Z [1m[92m     Running[0m tests/doc.rs (target/wasm32-wasip2/debug/deps/doc-34a80a4414c1dbb9.wasm)
2026-09-07T19:37:15.5427071Z 
2026-09-07T19:37:15.5427590Z running 42 tests
2026-09-07T19:37:18.0652565Z test doc_auxiliary_fragments_and_parent_operands_have_typed_boundaries ... ok
2026-09-07T19:37:18.6182618Z test doc_code_same_alias_keeps_invalid_guest_meaning_and_restores_host ... ok
2026-09-07T19:37:19.1195823Z test doc_prefix_limits_preserve_typed_stops_and_caller_depth ... ok
2026-09-07T19:37:19.9080346Z test doc_prefix_original_annotation_examples_use_actual_parser_and_lower ... ok
2026-09-07T19:37:20.2619678Z test doc_sentence_provider_failures_have_typed_report_positions_and_stops ... ok
2026-09-07T19:37:20.9266141Z test doc_sentence_provider_payload_and_prefix_share_the_actual_normal_form ... ok
2026-09-07T19:37:21.8939439Z test export::export_preserves_content_and_binds_script_free_files ... ok
2026-09-07T19:37:23.0568928Z test export::export_reserves_depth_for_the_document_shell ... ok
2026-09-07T19:37:43.1411205Z test html::annotated_linear_combination_document_reaches_real_html ... ok
2026-09-07T19:37:43.6494853Z test html::article_html_preserves_nested_paragraph_order_without_nested_p ... ok
2026-09-07T19:37:44.1638434Z test html::article_html_preserves_ruby_notes_and_forward_label_reference ... ok
2026-09-07T19:37:47.7179532Z test html::browser_layout_corpus_from_real_doc_source ... ok
2026-09-07T19:37:48.7473242Z test html::explicit_break_renders_br_without_reinterpreting_text_line_feeds ... ok
2026-09-07T19:37:52.2448590Z test html::local_render_does_not_hide_unresolved_external_inputs_or_invalid_options ... ok
2026-09-07T19:37:54.2746049Z test html::parallel_html_selects_only_explicit_language_or_fallback ... ok
2026-09-07T19:37:54.8516824Z test html::real_source_html_crosses_first_receiver_cbor_with_positions_and_options ... ok
2026-09-07T19:37:55.3940188Z test html::table_list_and_raw_code_keep_order_shape_and_original_characters ... ok
2026-09-07T19:37:56.2561312Z test labels::article_labels_do_not_import_or_validate_guest_labels ... ok
2026-09-07T19:37:56.8171313Z test labels::article_labels_resolve_forward_names_and_keep_operand_selection ... ok
2026-09-07T19:37:57.3479530Z test labels::field_location_first_receiver_rejects_kind_duplicates_and_position_claims ... ok
2026-09-07T19:37:57.8763334Z test labels::label_diagnostics_keep_typed_names_paths_and_original_failure_on_stop ... ok
2026-09-07T19:37:58.4372701Z test labels::label_duplicates_use_name_operands_and_source_less_positions_stay_absent ... ok
2026-09-07T19:37:58.9655172Z test labels::shared_label_display_occurrences_have_two_structural_paths ... ok
2026-09-07T19:37:59.5116107Z test labels::unicode_crlf_labels_and_budget_stops_keep_their_input_positions ... ok
2026-09-07T19:38:00.2808844Z test mixed::literal_and_prefix_share_one_lower_with_source_and_local_view_retention ... ok
2026-09-07T19:38:00.8595929Z test mixed::mixed_lower_keeps_doc_guest_syntax_without_meaning_check ... ok
2026-09-07T19:38:01.3784484Z test mixed::mixed_lower_rejects_other_token_view_and_semantic_positions_without_mutation ... ok
2026-09-07T19:38:01.9313876Z test mixed::mixed_lower_stops_keep_original_tree_and_caller_depth ... ok
2026-09-07T19:38:02.8275404Z test native_doc_host_preserves_owned_parse_tree_and_uses_less_allocation ... ok
2026-09-07T19:38:03.5419260Z test prepare::source_preparation_retains_code_and_identifies_each_foreign_closure ... ok
2026-09-07T19:38:32.6438229Z test print::every_form_prints_through_real_parser_and_typed_first_receiver ... ok
2026-09-07T19:38:34.1339962Z test print::prefix_and_compact_print_reparse_real_doc_annotation_and_explicit_break ... ok
2026-09-07T19:38:34.6953955Z test print::printer_expands_shared_paths_with_bounded_output_and_deep_cleanup ... ok
2026-09-07T19:38:35.2046463Z test print::printer_rejects_unprintable_source_less_names_and_languages_without_changing_values ... ok
2026-09-07T19:38:35.9559513Z test print::printer_requires_explicit_current_guest_print_and_binding_at_first_receiver ... ok
2026-09-07T19:38:36.5158786Z test print::printer_stops_preserve_request_and_report_at_preparation_and_output_boundaries ... ok
2026-09-07T19:38:37.7706514Z test print::standalone_guest_fragments_keep_concrete_entry_and_foreign_syntax ... ok
2026-09-07T19:38:39.0724831Z test text::plain_text_first_receiver_rejects_old_source_other_guest_and_owner_environment ... ok
2026-09-07T19:38:39.5682263Z test text::plain_text_preparation_stops_are_formal_and_report_overflow_requires_stopped ... ok
2026-09-07T19:38:40.0782165Z test text::plain_text_preserves_output_work_allocation_depth_and_cancel_stops ... ok
2026-09-07T19:38:41.0184990Z test text::plain_text_projects_only_policy_selected_embeds_and_roundtrips_typed_requests ... ok
2026-09-07T19:38:41.5933023Z test text::plain_text_uses_explicit_labels_alt_and_author_whitespace ... ok
2026-09-07T19:38:41.5933945Z 
2026-09-07T19:38:41.5934414Z test result: ok. 42 passed; 0 failed; 0 ignored; 0 measured; 0 filtered out; finished in 86.05s
2026-09-07T19:38:41.5935254Z 
2026-09-07T19:38:41.6660917Z [1m[92m   Compiling[0m nepl3-tools v0.1.0 (/home/runner/work/NEPL3/NEPL3/tools)
2026-09-07T19:38:42.6396211Z [1m[92m    Finished[0m `test` profile [unoptimized + debuginfo] target(s) in 1.00s
2026-09-07T19:38:42.6418113Z [1m[92m     Running[0m tests/math.rs (target/wasm32-wasip2/debug/deps/math-d80726eea3395e2f.wasm)
2026-09-07T19:38:44.7163955Z 
2026-09-07T19:38:44.7164710Z running 2 tests
2026-09-07T19:38:49.1695098Z test all_math_constructors_lower_from_the_actual_parser_and_first_receiver ... ok
2026-09-07T19:38:50.4468909Z test math_lower_failures_keep_original_constructor_and_sticky_resource_reason ... ok
2026-09-07T19:38:50.4469540Z 
2026-09-07T19:38:50.4469963Z test result: ok. 2 passed; 0 failed; 0 ignored; 0 measured; 0 filtered out; finished in 5.73s
2026-09-07T19:38:50.4470635Z 
2026-09-07T19:38:50.4655043Z ##[group]Run cargo check --locked -p nepl3-core -p nepl3-reader -p nepl3-wire -p nepl3-engine -p nepl3-grammar-core -p nepl3-doc-core -p nepl3-math-core -p nepl3-markup -p nepl3-doc-html --no-default-features --target wasm32-unknown-unknown
2026-09-07T19:38:50.4656732Z [36;1mcargo check --locked -p nepl3-core -p nepl3-reader -p nepl3-wire -p nepl3-engine -p nepl3-grammar-core -p nepl3-doc-core -p nepl3-math-core -p nepl3-markup -p nepl3-doc-html --no-default-features --target wasm32-unknown-unknown[0m
2026-09-07T19:38:50.4694146Z shell: /usr/bin/bash --noprofile --norc -e -o pipefail {0}
2026-09-07T19:38:50.4694485Z env:
2026-09-07T19:38:50.4694672Z   CARGO_TERM_COLOR: always
2026-09-07T19:38:50.4694912Z   RUSTDOCFLAGS: -D warnings
2026-09-07T19:38:50.4695138Z ##[endgroup]
2026-09-07T19:38:50.5301683Z [1m[92m    Checking[0m typenum v1.20.1
2026-09-07T19:38:50.5302405Z [1m[92m    Checking[0m cfg-if v1.0.4
2026-09-07T19:38:50.5307934Z [1m[92m    Checking[0m unicode-ident v1.0.18
2026-09-07T19:38:50.5312418Z [1m[92m   Compiling[0m num-traits v0.2.19
2026-09-07T19:38:50.8927992Z [1m[92m    Checking[0m num-integer v0.1.47
2026-09-07T19:38:50.9969303Z [1m[92m    Checking[0m num-bigint v0.4.8
2026-09-07T19:38:51.0729022Z [1m[92m    Checking[0m hybrid-array v0.4.14
2026-09-07T19:38:51.3684558Z [1m[92m    Checking[0m block-buffer v0.12.1
2026-09-07T19:38:51.3685260Z [1m[92m    Checking[0m crypto-common v0.2.2
2026-09-07T19:38:51.7492592Z [1m[92m    Checking[0m digest v0.11.3
2026-09-07T19:38:51.7991846Z [1m[92m    Checking[0m sha2 v0.11.0
2026-09-07T19:38:52.0780533Z [1m[92m    Checking[0m nepl3-core v0.1.0 (/home/runner/work/NEPL3/NEPL3/crates/foundation/core)
2026-09-07T19:38:52.8387007Z [1m[92m    Checking[0m nepl3-reader v0.1.0 (/home/runner/work/NEPL3/NEPL3/crates/foundation/reader)
2026-09-07T19:38:52.8387970Z [1m[92m    Checking[0m nepl3-markup v0.1.0 (/home/runner/work/NEPL3/NEPL3/crates/output/markup)
2026-09-07T19:38:52.8389159Z [1m[92m    Checking[0m nepl3-doc-core v0.1.0 (/home/runner/work/NEPL3/NEPL3/crates/languages/doc/core)
2026-09-07T19:38:52.8395579Z [1m[92m    Checking[0m nepl3-wire v0.1.0 (/home/runner/work/NEPL3/NEPL3/crates/foundation/wire)
2026-09-07T19:38:53.1643239Z [1m[92m    Checking[0m nepl3-math-core v0.1.0 (/home/runner/work/NEPL3/NEPL3/crates/languages/math/core)
2026-09-07T19:38:53.8702870Z [1m[92m    Checking[0m nepl3-engine v0.1.0 (/home/runner/work/NEPL3/NEPL3/crates/foundation/engine)
2026-09-07T19:38:54.0374406Z [1m[92m    Checking[0m nepl3-doc-html v0.1.0 (/home/runner/work/NEPL3/NEPL3/crates/languages/doc/html)
2026-09-07T19:38:56.3249080Z [1m[92m    Checking[0m nepl3-grammar-core v0.1.0 (/home/runner/work/NEPL3/NEPL3/crates/languages/grammar/core)
2026-09-07T19:38:56.7211882Z [1m[92m    Finished[0m `dev` profile [unoptimized + debuginfo] target(s) in 6.22s
2026-09-07T19:38:56.7306639Z ##[group]Run python -m unittest discover -s tools/emulators/wasmtime -p 'test_*.py'
2026-09-07T19:38:56.7307265Z [36;1mpython -m unittest discover -s tools/emulators/wasmtime -p 'test_*.py'[0m
2026-09-07T19:38:56.7307750Z [36;1mpython tools/emulators/wasmtime/compare.py --begin[0m
2026-09-07T19:38:56.7308399Z [36;1mcargo test --locked -p nepl3-core -p nepl3-reader -p nepl3-wire -p nepl3-engine --target wasm32-wasip2 -- --test-threads=1[0m
2026-09-07T19:38:56.7309064Z [36;1mpython tools/emulators/wasmtime/compare.py --check-results[0m
2026-09-07T19:38:56.7344734Z shell: /usr/bin/bash --noprofile --norc -e -o pipefail {0}
2026-09-07T19:38:56.7345066Z env:
2026-09-07T19:38:56.7345254Z   CARGO_TERM_COLOR: always
2026-09-07T19:38:56.7345492Z   RUSTDOCFLAGS: -D warnings
2026-09-07T19:38:56.7345970Z   CARGO_TARGET_WASM32_WASIP2_RUNNER: python /home/runner/work/NEPL3/NEPL3/tools/emulators/wasmtime/compare.py
2026-09-07T19:38:56.7346657Z   NEPL3_WASM_EVIDENCE: /home/runner/work/NEPL3/NEPL3/target/pulley-evidence
2026-09-07T19:38:56.7347051Z ##[endgroup]
2026-09-07T19:38:56.8752243Z .....
2026-09-07T19:38:56.8752661Z ----------------------------------------------------------------------
2026-09-07T19:38:56.8753072Z Ran 5 tests in 0.005s
2026-09-07T19:38:56.8753235Z 
2026-09-07T19:38:56.8753319Z OK
2026-09-07T19:38:56.9733702Z [1m[92m    Finished[0m `test` profile [unoptimized + debuginfo] target(s) in 0.02s
2026-09-07T19:38:56.9763721Z [1m[92m     Running[0m unittests src/lib.rs (target/wasm32-wasip2/debug/deps/nepl3_core-0768d9cff1cef137.wasm)
2026-09-07T19:38:57.3341430Z 
2026-09-07T19:38:57.3342042Z running 0 tests
2026-09-07T19:38:57.3342308Z 
2026-09-07T19:38:57.3342665Z test result: ok. 0 passed; 0 failed; 0 ignored; 0 measured; 0 filtered out; finished in <TIME>s
2026-09-07T19:38:57.3343040Z 
2026-09-07T19:38:57.3403201Z [1m[92m     Running[0m tests/budget.rs (target/wasm32-wasip2/debug/deps/budget-31d909483b5879d2.wasm)
2026-09-07T19:38:57.7287599Z 
2026-09-07T19:38:57.7288038Z running 2 tests
2026-09-07T19:38:57.7288737Z test observed_delegated_cost_is_atomic_across_all_resources_and_preserves_stops ... ok
2026-09-07T19:38:57.7289770Z test temporary_ceilings_restore_on_result_paths_and_cannot_regrant_reserved_capacity ... ok
2026-09-07T19:38:57.7290397Z 
2026-09-07T19:38:57.7290823Z test result: ok. 2 passed; 0 failed; 0 ignored; 0 measured; 0 filtered out; finished in <TIME>s
2026-09-07T19:38:57.7291408Z 
2026-09-07T19:38:57.7359956Z [1m[92m     Running[0m tests/contracts.rs (target/wasm32-wasip2/debug/deps/contracts-c06db335a5c3f2c6.wasm)
2026-09-07T19:38:59.4925443Z 
2026-09-07T19:38:59.4926079Z running 26 tests
2026-09-07T19:38:59.4926590Z test admission_accounts_for_copied_locator_payload ... ok
2026-09-07T19:38:59.4927238Z test admission_usage_does_not_depend_on_snapshot_allocation_order ... ok
2026-09-07T19:38:59.4928046Z test borrowed_store_insert_does_not_clone_duplicates_or_publish_on_stop ... ok
2026-09-07T19:38:59.4928716Z test budget_exact_limits_overflow_zero_and_cancel_are_distinct ... ok
2026-09-07T19:38:59.4929582Z test canonical_integers_reject_negative_zero_and_leading_zero ... ok
2026-09-07T19:38:59.4930149Z test edit_size_limit_checked_before_replacement_is_built ... ok
2026-09-07T19:38:59.4930767Z test edits_are_atomic_across_sources_and_reject_stale_or_conflicting_input ... ok
2026-09-07T19:38:59.4931460Z test first_budget_stop_is_sticky_across_smaller_charges_and_cancellation ... ok
2026-09-07T19:38:59.4932106Z test generated_source_locator_scan_is_charged_before_validation ... ok
2026-09-07T19:38:59.4932722Z test indexed_admission_keeps_unique_bytes_and_checks_empty_cancel ... ok
2026-09-07T19:38:59.4933375Z test indexed_source_insert_preserves_order_and_metered_duplicate_lookup ... ok
2026-09-07T19:38:59.4934318Z test line_index_allocation_limit_is_enforced ... ok
2026-09-07T19:38:59.4934831Z test line_positions_roundtrip_unicode_and_all_line_endings ... ok
2026-09-07T19:38:59.4935664Z test locator_profile_is_checked_without_os_or_scheme_normalization ... ok
2026-09-07T19:38:59.4936318Z test nested_budget_retains_work_and_peak_depth_after_failed_branch ... ok
2026-09-07T19:38:59.4936979Z test rational_constructors_normalize_native_but_reject_noncanonical_wire ... ok
2026-09-07T19:38:59.4937729Z test shared_admission_is_operation_local_and_independent_storage_still_checked ... ok
2026-09-07T19:38:59.4938328Z test shared_copy_and_independent_comparison_have_separate_work_bounds ... ok
2026-09-07T19:38:59.4938923Z test snapshot_clones_preserve_owned_lifetime_and_independent_identity_checks ... ok
2026-09-07T19:38:59.4939544Z test snapshot_metadata_copy_is_bounded_but_independent_comparison_is_not_free ... ok
2026-09-07T19:38:59.4940165Z test source_admission_charges_unique_snapshots_once_across_shared_calls ... ok
2026-09-07T19:38:59.4940884Z test source_admission_rejects_locator_changes_for_same_snapshot_identity ... ok
2026-09-07T19:38:59.4941534Z test source_digest_is_sha256_of_exact_original_bytes ... ok
2026-09-07T19:38:59.4942229Z test source_limits_precede_decode_and_decode_does_not_replace_bytes ... ok
2026-09-07T19:38:59.4942897Z test span_rejects_scalar_interiors_bounds_and_other_identity ... ok
2026-09-07T19:38:59.4943874Z test store_preserves_distinct_ids_at_same_uri_and_rejects_conflicting_revision ... ok
2026-09-07T19:38:59.4953007Z 
2026-09-07T19:38:59.4953622Z test result: ok. 26 passed; 0 failed; 0 ignored; 0 measured; 0 filtered out; finished in <TIME>s
2026-09-07T19:38:59.4954259Z 
2026-09-07T19:38:59.4988480Z [1m[92m     Running[0m tests/decimal.rs (target/wasm32-wasip2/debug/deps/decimal-457e68d662efebf0.wasm)
2026-09-07T19:38:59.9602616Z 
2026-09-07T19:38:59.9603093Z running 2 tests
2026-09-07T19:38:59.9603901Z test exact_decimal_constructor_is_independent_of_lexical_leading_zero_policy ... ok
2026-09-07T19:38:59.9604454Z test invalid_digits_and_resource_stops_precede_numeric_allocation ... ok
2026-09-07T19:38:59.9604749Z 
2026-09-07T19:38:59.9605038Z test result: ok. 2 passed; 0 failed; 0 ignored; 0 measured; 0 filtered out; finished in <TIME>s
2026-09-07T19:38:59.9605428Z 
2026-09-07T19:38:59.9667631Z [1m[92m     Running[0m tests/edit.rs (target/wasm32-wasip2/debug/deps/edit-abd899d9ed55ed3e.wasm)
2026-09-07T19:39:02.1255590Z 
2026-09-07T19:39:02.1256084Z running 5 tests
2026-09-07T19:39:02.1256800Z test a_conflicting_preexisting_output_does_not_publish_other_transaction_outputs ... ok
2026-09-07T19:39:02.1257484Z test deletion_admits_original_and_generated_snapshots_once ... ok
2026-09-07T19:39:02.1258107Z test every_allocation_stop_is_atomic_sticky_and_retryable_in_a_fresh_operation ... ok
2026-09-07T19:39:02.1258767Z test semantic_failure_does_not_reserve_an_unpublished_output_identity ... ok
2026-09-07T19:39:02.1259388Z test work_source_and_locator_limits_stop_before_unbounded_owned_copies ... ok
2026-09-07T19:39:02.1259766Z 
2026-09-07T19:39:02.1260064Z test result: ok. 5 passed; 0 failed; 0 ignored; 0 measured; 0 filtered out; finished in <TIME>s
2026-09-07T19:39:02.1260494Z 
2026-09-07T19:39:02.1317789Z [1m[92m     Running[0m tests/facts.rs (target/wasm32-wasip2/debug/deps/facts-7e6e80d2155fc3fa.wasm)
2026-09-07T19:39:03.5093335Z 
2026-09-07T19:39:03.5093814Z running 2 tests
2026-09-07T19:39:03.5094780Z test delta_keeps_current_scope_namespace_reservations_and_foreign_scope_authority ... ok
2026-09-07T19:39:03.5095644Z test facts_reject_missing_sources_namespace_roots_and_fresh_operation_limits ... ok
2026-09-07T19:39:03.5096139Z 
2026-09-07T19:39:03.5096496Z test result: ok. 2 passed; 0 failed; 0 ignored; 0 measured; 0 filtered out; finished in <TIME>s
2026-09-07T19:39:03.5097007Z 
2026-09-07T19:39:03.5155195Z [1m[92m     Running[0m tests/lexical.rs (target/wasm32-wasip2/debug/deps/lexical-bc830829577cd306.wasm)
2026-09-07T19:39:03.9401806Z 
2026-09-07T19:39:03.9402201Z running 3 tests
2026-09-07T19:39:03.9402523Z test whole_language_tag_preserves_abnf_scope ... ok
2026-09-07T19:39:03.9402966Z test whole_lexemes_stop_without_allocating_or_losing_cancellation ... ok
2026-09-07T19:39:03.9404033Z test whole_name_uses_pinned_unicode_spelling_and_excludes_trivia ... ok
2026-09-07T19:39:03.9404401Z 
2026-09-07T19:39:03.9404665Z test result: ok. 3 passed; 0 failed; 0 ignored; 0 measured; 0 filtered out; finished in <TIME>s
2026-09-07T19:39:03.9405009Z 
2026-09-07T19:39:03.9466936Z [1m[92m     Running[0m tests/maps.rs (target/wasm32-wasip2/debug/deps/maps-60d8e75b49759caf.wasm)
2026-09-07T19:39:04.9866787Z 
2026-09-07T19:39:04.9867277Z running 4 tests
2026-09-07T19:39:04.9867949Z test indexed_map_graphs_agree_with_transitive_closure_in_both_orders ... ok
2026-09-07T19:39:04.9868665Z test map_admission_never_copies_long_identity_before_zero_allocation_budget ... ok
2026-09-07T19:39:04.9869378Z test mapped_containment_requires_every_byte_and_every_reverse_path ... ok
2026-09-07T19:39:04.9870091Z test snapshot_dag_proves_large_transforms_without_enumerating_the_point_product ... ok
2026-09-07T19:39:04.9870553Z 
2026-09-07T19:39:04.9870882Z test result: ok. 4 passed; 0 failed; 0 ignored; 0 measured; 0 filtered out; finished in <TIME>s
2026-09-07T19:39:04.9871374Z 
2026-09-07T19:39:04.9930261Z [1m[92m     Running[0m tests/structure.rs (target/wasm32-wasip2/debug/deps/structure-7c81a685ddcd5cde.wasm)
2026-09-07T19:39:08.5333085Z 
2026-09-07T19:39:08.5333778Z running 20 tests
2026-09-07T19:39:08.5334458Z test canonical_json_escapes_controls_without_unicode_normalization ... ok
2026-09-07T19:39:08.5335127Z test deeply_nested_value_cleanup_uses_no_recursive_drop_chain ... ok
2026-09-07T19:39:08.5335774Z test descriptor_canonical_json_has_independently_specified_field_order ... ok
2026-09-07T19:39:08.5336448Z test descriptor_map_order_is_irrelevant_but_duplicates_are_rejected ... ok
2026-09-07T19:39:08.5337073Z test empty_anchor_cycles_and_transformed_relations_are_checked ... ok
2026-09-07T19:39:08.5337701Z test forward_overlap_is_acyclic_and_map_budget_failure_does_not_insert ... ok
2026-09-07T19:39:08.5338330Z test imported_origin_graph_honors_zero_nodes_and_depth_limits ... ok
2026-09-07T19:39:08.5338999Z test imported_origin_graph_rejects_cycles_unknown_refs_and_missing_source ... ok
2026-09-07T19:39:08.5339635Z test inverse_refuses_transformed_and_ambiguous_mappings ... ok
2026-09-07T19:39:08.5340209Z test local_kind_ids_are_canonical_across_descriptor_input_order ... ok
2026-09-07T19:39:08.5340818Z test registry_accepts_mutual_symbolic_references_then_seals_them ... ok
2026-09-07T19:39:08.5341432Z test registry_rejects_wrong_digest_and_unknown_unused_references ... ok
2026-09-07T19:39:08.5342066Z test rejected_deep_descriptor_is_safe_to_clone_compare_debug_and_drop ... ok
2026-09-07T19:39:08.5342734Z test report_candidate_rollback_discards_facts_without_refunding_budget ... ok
2026-09-07T19:39:08.5343369Z test report_diagnostic_limit_has_no_fabricated_global_message ... ok
2026-09-07T19:39:08.5344162Z test report_storage_obeys_allocation_budget ... ok
2026-09-07T19:39:08.5344687Z test report_zero_event_capacity_keeps_one_typed_overflow_and_stop ... ok
2026-09-07T19:39:08.5345334Z test source_map_checks_composable_interval_cycles_not_snapshot_cycles ... ok
2026-09-07T19:39:08.5346328Z test structural_boundary_checks_field_count_kind_intrinsic_subset_and_negative_natural ... ok
2026-09-07T19:39:08.5347059Z test validator_and_descriptor_depth_share_parent_budget_and_peak ... ok
2026-09-07T19:39:08.5347431Z 
2026-09-07T19:39:08.5347759Z test result: ok. 20 passed; 0 failed; 0 ignored; 0 measured; 0 filtered out; finished in <TIME>s
2026-09-07T19:39:08.5348099Z 
2026-09-07T19:39:08.5393992Z [1m[92m     Running[0m tests/syntax.rs (target/wasm32-wasip2/debug/deps/syntax-a6d47f1001f73986.wasm)
2026-09-07T19:39:25.9043997Z 
2026-09-07T19:39:25.9044637Z running 10 tests
2026-09-07T19:39:25.9045107Z test deeply_nested_foreign_bundle_cleanup_is_iterative ... ok
2026-09-07T19:39:25.9045679Z test foreign_ids_are_local_but_environment_and_root_must_match ... ok
2026-09-07T19:39:25.9046225Z test foreign_nesting_adds_to_containing_node_path_depth ... ok
2026-09-07T19:39:25.9047201Z test owned_syntax_copy_precharges_payloads_and_preserves_deep_foreign_ownership ... ok
2026-09-07T19:39:25.9047892Z test source_child_cover_must_follow_head_and_stay_in_parent ... ok
2026-09-07T19:39:25.9048489Z test syntax_graph_checks_all_refs_and_cycles_while_allowing_shared_children ... ok
2026-09-07T19:39:25.9049171Z test syntax_preserves_nested_stop_causes_and_does_not_reclassify_semantic_errors ... ok
2026-09-07T19:39:25.9049821Z test token_internal_view_is_sidecar_and_trivia_retains_bom_bytes ... ok
2026-09-07T19:39:25.9050326Z test token_owns_even_unreachable_view_elements ... ok
2026-09-07T19:39:25.9050868Z test view_child_edges_are_acyclic_but_semantic_relation_cycles_are_allowed ... ok
2026-09-07T19:39:25.9051254Z 
2026-09-07T19:39:25.9051568Z test result: ok. 10 passed; 0 failed; 0 ignored; 0 measured; 0 filtered out; finished in <TIME>s
2026-09-07T19:39:25.9051992Z 
2026-09-07T19:39:25.9099395Z [1m[92m     Running[0m tests/value.rs (target/wasm32-wasip2/debug/deps/value-523408c5691dfee0.wasm)
2026-09-07T19:39:27.2493201Z 
2026-09-07T19:39:27.2493660Z running 2 tests
2026-09-07T19:39:27.2494593Z test budgeted_equality_keeps_values_and_composes_caller_depth ... ok
2026-09-07T19:39:27.2495238Z test equality_charges_frontier_before_queueing_wide_input ... ok
2026-09-07T19:39:27.2495590Z 
2026-09-07T19:39:27.2495922Z test result: ok. 2 passed; 0 failed; 0 ignored; 0 measured; 0 filtered out; finished in <TIME>s
2026-09-07T19:39:27.2496379Z 
2026-09-07T19:39:27.2556715Z [1m[92m     Running[0m unittests src/lib.rs (target/wasm32-wasip2/debug/deps/nepl3_engine-cb0b8780e3fc4ff5.wasm)
2026-09-07T19:39:27.8450301Z 
2026-09-07T19:39:27.8451013Z running 2 tests
2026-09-07T19:39:27.8451937Z test head::tests::completed_projection_preserves_compound_values_without_unread_siblings_or_tables ... ok
2026-09-07T19:39:27.8452741Z test head::tests::window_preserves_exact_utf8_and_requires_admission_in_each_operation ... ok
2026-09-07T19:39:27.8453107Z 
2026-09-07T19:39:27.8453369Z test result: ok. 2 passed; 0 failed; 0 ignored; 0 measured; 0 filtered out; finished in <TIME>s
2026-09-07T19:39:27.8454139Z 
2026-09-07T19:39:27.8513401Z [1m[92m     Running[0m tests/head.rs (target/wasm32-wasip2/debug/deps/head-e579f5ad5975aa7b.wasm)
2026-09-07T19:39:52.6085670Z 
2026-09-07T19:39:52.6086339Z running 14 tests
2026-09-07T19:39:52.6086945Z test completed_head_wrapper_preserves_owned_execution_and_pending_boundaries ... ok
2026-09-07T19:39:52.6087681Z test deep_failed_payload_respects_saved_call_depth_and_keeps_prior_report ... ok
2026-09-07T19:39:52.6088384Z test dynamic_head_uses_compound_completed_child_and_restores_normal_child_context ... ok
2026-09-07T19:39:52.6089116Z test failed_child_context_preserves_known_parent_arity_and_formal_primary_once ... ok
2026-09-07T19:39:52.6089846Z test foreign_completed_selector_uses_local_projection_ids_and_returns_to_host_body ... ok
2026-09-07T19:39:52.6090560Z test head_cancel_keeps_accepted_diagnostic_event_and_fixed_parent_progress ... ok
2026-09-07T19:39:52.6091297Z test head_resume_source_uri_conflict_and_missing_primary_preserve_the_original_slot ... ok
2026-09-07T19:39:52.6092423Z test head_resume_uses_saved_auxiliary_context_and_rejects_caller_conflicts_before_consumption ... ok
2026-09-07T19:39:52.6093327Z test head_trace_overflow_requires_stopped_and_invalid_success_keeps_pending ... ok
2026-09-07T19:39:52.6094288Z test long_failed_reply_is_charged_before_primary_equality_and_keeps_prior_report ... ok
2026-09-07T19:39:52.6095070Z test portable::portable_callback_and_dynamic_tree_match_owned_native_execution ... ok
2026-09-07T19:39:52.6095806Z test shape_provider_failure_keeps_unknown_arity_unparsed_and_primary_once ... ok
2026-09-07T19:39:52.6096530Z test synchronous_head_host_and_owned_fallback_keep_the_same_tree_and_positions ... ok
2026-09-07T19:39:52.6097244Z test synchronous_head_reader_head_dispatch_matches_owned_interleaving ... ok
2026-09-07T19:39:52.6097659Z 
2026-09-07T19:39:52.6097995Z test result: ok. 14 passed; 0 failed; 0 ignored; 0 measured; 0 filtered out; finished in <TIME>s
2026-09-07T19:39:52.6098464Z 
2026-09-07T19:39:52.6147940Z [1m[92m     Running[0m tests/package.rs (target/wasm32-wasip2/debug/deps/package-ecf7c0526f7ab83c.wasm)
2026-09-07T19:40:17.8771478Z 
2026-09-07T19:40:17.8771977Z running 21 tests
2026-09-07T19:40:17.8772705Z test head::head_registrations_bind_alias_signature_host_identity_and_profile_digest ... ok
2026-09-07T19:40:17.8773915Z test head::portable::delegated_grant_and_real_framing_share_the_original_work_cap ... ok
2026-09-07T19:40:17.8775251Z test head::portable::head_all_reply_branches_preserve_projected_report_and_reject_invalid_fixes_and_graphs ... ok
2026-09-07T19:40:17.8776812Z test head::portable::head_delegation_accounts_window_reception_once_and_merges_relative_costs_with_absolute_depth ... ok
2026-09-07T19:40:17.8778196Z test head::portable::head_first_receiver_preserves_compound_projection_and_rejects_schema_valid_corruption ... ok
2026-09-07T19:40:17.8779287Z test head::portable::projected_shared_payload_depth_includes_the_deeper_graph_path ... ok
2026-09-07T19:40:17.8780310Z test head::portable::stopped_transport_records_child_cost_and_unsettled_drop_blocks_parent_reuse ... ok
2026-09-07T19:40:17.8781298Z test listof_foreign_has_foreign_head_and_local_tail_without_losing_its_selector ... ok
2026-09-07T19:40:17.8782252Z test package_boundary_checks_extension_provenance_and_resource_limits ... ok
2026-09-07T19:40:17.8783262Z test package_checks_real_surface_shapes_modes_selectors_and_binding_coverage ... ok
2026-09-07T19:40:17.8784468Z test package_rejects_direct_reader_cycles_and_counts_binding_entry_depth ... ok
2026-09-07T19:40:17.8785490Z test persistent_tree_checks_parent_reads_spelling_payload_and_concrete_owner ... ok
2026-09-07T19:40:17.8786696Z test portable::facts::facts_all_reply_branches_keep_report_only_sources_and_request_relative_grants ... ok
2026-09-07T19:40:17.8787916Z test portable::facts::facts_first_receiver_decodes_without_the_senders_request_or_source_store ... ok
2026-09-07T19:40:17.8788917Z test portable::facts::facts_request_binds_complete_host_authority_and_canonical_target ... ok
2026-09-07T19:40:17.8790015Z test portable::typed_tree_recovery_uses_the_guest_source_table_and_canonical_node_reference ... ok
2026-09-07T19:40:17.8791208Z test portable::typed_tree_roundtrip_remaps_every_local_owner_and_rejects_stale_wrapper_indices ... ok
2026-09-07T19:40:17.8792283Z test recovery_strategy_and_sync_order_are_part_of_package_behavior ... ok
2026-09-07T19:40:17.8793273Z test resolved_profile_pins_real_package_host_providers_resources_and_foreign_modes ... ok
2026-09-07T19:40:17.8794514Z test semantic_identity_preserves_ordered_behavior_and_presentation_fallback ... ok
2026-09-07T19:40:17.8795436Z test semantic_identity_removes_arena_layout_sharing_and_provenance ... ok
2026-09-07T19:40:17.8795977Z 
2026-09-07T19:40:17.8796426Z test result: ok. 21 passed; 0 failed; 0 ignored; 0 measured; 0 filtered out; finished in <TIME>s
2026-09-07T19:40:17.8797072Z 
2026-09-07T19:40:17.8834609Z [1m[92m     Running[0m tests/parse.rs (target/wasm32-wasip2/debug/deps/parse-185b3f579214042b.wasm)
2026-09-07T19:43:27.3835531Z [1m[91merror[0m: test failed, to rerun pass `-p nepl3-engine --test parse`
2026-09-07T19:43:27.3836286Z 
2026-09-07T19:43:27.3836778Z Caused by:
2026-09-07T19:43:27.3838073Z   process didn't exit successfully: `python /home/runner/work/NEPL3/NEPL3/tools/emulators/wasmtime/compare.py /home/runner/work/NEPL3/NEPL3/target/wasm32-wasip2/debug/deps/parse-185b3f579214042b.wasm --test-threads=1` (exit status: 1)
2026-09-07T19:43:27.3839481Z [1m[92mnote[0m: test exited abnormally; to see the full output pass --no-capture to the harness.
2026-09-07T19:43:27.3861762Z ##[error]Process completed with exit code 1.
2026-09-07T19:43:27.3939365Z ##[group]Run actions/upload-artifact@043fb46d1a93c77aae656e7c1c64a875d1fc6a0a
2026-09-07T19:43:27.3939778Z with:
2026-09-07T19:43:27.3940065Z   name: pulley-execution-b2d3b3766a244a0d836e2ab2c77f8b4abf5800cd
2026-09-07T19:43:27.3940436Z   path: target/pulley-evidence/
2026-09-07T19:43:27.3940690Z   if-no-files-found: error
2026-09-07T19:43:27.3940914Z   retention-days: 14
2026-09-07T19:43:27.3941135Z   compression-level: 6
2026-09-07T19:43:27.3941337Z   overwrite: false
2026-09-07T19:43:27.3941539Z   include-hidden-files: false
2026-09-07T19:43:27.3941765Z   archive: true
2026-09-07T19:43:27.3941949Z env:
2026-09-07T19:43:27.3942127Z   CARGO_TERM_COLOR: always
2026-09-07T19:43:27.3942349Z   RUSTDOCFLAGS: -D warnings
2026-09-07T19:43:27.3942571Z ##[endgroup]
2026-09-07T19:43:27.5539533Z With the provided path, there will be 76 files uploaded
2026-09-07T19:43:27.5547351Z Artifact name is valid!
2026-09-07T19:43:27.5548047Z Root directory input is valid!
2026-09-07T19:43:27.9464783Z Uploading artifact: pulley-execution-b2d3b3766a244a0d836e2ab2c77f8b4abf5800cd.zip
2026-09-07T19:43:27.9534651Z Beginning upload of artifact content to blob storage
2026-09-07T19:43:28.3980912Z Uploaded bytes 38436
2026-09-07T19:43:28.4751300Z Finished uploading artifact content to blob storage!
2026-09-07T19:43:28.4752381Z SHA256 digest of uploaded artifact is 845dd89c9720991280a6b565def5dad2670c3c218847c2bced1df3ececbb2e71
2026-09-07T19:43:28.4753848Z Finalizing artifact upload
2026-09-07T19:43:28.8872530Z Artifact pulley-execution-b2d3b3766a244a0d836e2ab2c77f8b4abf5800cd successfully finalized. Artifact ID 10031188851
2026-09-07T19:43:28.8875016Z Artifact pulley-execution-b2d3b3766a244a0d836e2ab2c77f8b4abf5800cd has been successfully uploaded! Final size is 38436 bytes. Artifact ID is 10031188851
2026-09-07T19:43:28.8887756Z Artifact download URL: https://github.com/neknaj/NEPL3/actions/runs/34156102042/artifacts/10031188851
2026-09-07T19:43:28.9082437Z Post job cleanup.
2026-09-07T19:43:28.9930176Z [command]/usr/bin/git version
2026-09-07T19:43:28.9982119Z git version 2.55.0
2026-09-07T19:43:29.0024340Z Temporarily overriding HOME='/home/runner/work/_temp/b2e19890-cc0f-4a1f-82e4-eec1ca31fb51' before making global git config changes
2026-09-07T19:43:29.0025842Z Adding repository directory to the temporary git global config as a safe directory
2026-09-07T19:43:29.0029511Z [command]/usr/bin/git config --global --add safe.directory /home/runner/work/NEPL3/NEPL3
2026-09-07T19:43:29.0062313Z Removing SSH command configuration
2026-09-07T19:43:29.0069050Z [command]/usr/bin/git config --local --name-only --get-regexp core\.sshCommand
2026-09-07T19:43:29.0107193Z [command]/usr/bin/git submodule foreach --recursive sh -c "git config --local --name-only --get-regexp 'core\.sshCommand' && git config --local --unset-all 'core.sshCommand' || :"
2026-09-07T19:43:29.0351165Z Removing HTTP extra header
2026-09-07T19:43:29.0358102Z [command]/usr/bin/git config --local --name-only --get-regexp http\.https\:\/\/github\.com\/\.extraheader
2026-09-07T19:43:29.0396672Z [command]/usr/bin/git submodule foreach --recursive sh -c "git config --local --name-only --get-regexp 'http\.https\:\/\/github\.com\/\.extraheader' && git config --local --unset-all 'http.https://github.com/.extraheader' || :"
2026-09-07T19:43:29.0653247Z Removing includeIf entries pointing to credentials config files
2026-09-07T19:43:29.0661292Z [command]/usr/bin/git config --local --name-only --get-regexp ^includeIf\.gitdir:
2026-09-07T19:43:29.0700525Z [command]/usr/bin/git submodule foreach --recursive git config --local --show-origin --name-only --get-regexp remote.origin.url
2026-09-07T19:43:29.1147240Z Cleaning up orphan processes
