wasi and wasm compilation	Set up job	﻿2026-09-06T15:57:28.6884190Z Current runner version: '2.337.0'
wasi and wasm compilation	Set up job	2026-09-06T15:57:28.6904859Z ##[group]Runner Image Provisioner
wasi and wasm compilation	Set up job	2026-09-06T15:57:28.6905712Z Hosted Compute Agent
wasi and wasm compilation	Set up job	2026-09-06T15:57:28.6906225Z Version: 20260828.587
wasi and wasm compilation	Set up job	2026-09-06T15:57:28.6906765Z Commit: abac92662cab4cc7352de4f9f9d2e2419aad9c29
wasi and wasm compilation	Set up job	2026-09-06T15:57:28.6907439Z Build Date: 2026-08-28T16:44:25Z
wasi and wasm compilation	Set up job	2026-09-06T15:57:28.6908017Z Worker ID: {6d59aa8d-d872-4421-beee-5c86c7a3185f}
wasi and wasm compilation	Set up job	2026-09-06T15:57:28.6908607Z Azure Region: westus3
wasi and wasm compilation	Set up job	2026-09-06T15:57:28.6909125Z ##[endgroup]
wasi and wasm compilation	Set up job	2026-09-06T15:57:28.6910785Z ##[group]Operating System
wasi and wasm compilation	Set up job	2026-09-06T15:57:28.6911422Z Ubuntu
wasi and wasm compilation	Set up job	2026-09-06T15:57:28.6911901Z 24.04.4
wasi and wasm compilation	Set up job	2026-09-06T15:57:28.6912363Z LTS
wasi and wasm compilation	Set up job	2026-09-06T15:57:28.6912872Z ##[endgroup]
wasi and wasm compilation	Set up job	2026-09-06T15:57:28.6913374Z ##[group]Runner Image
wasi and wasm compilation	Set up job	2026-09-06T15:57:28.6914277Z Image: ubuntu-24.04
wasi and wasm compilation	Set up job	2026-09-06T15:57:28.6914839Z Version: 20260831.293.1
wasi and wasm compilation	Set up job	2026-09-06T15:57:28.6915800Z Included Software: https://github.com/actions/runner-images/blob/ubuntu24/20260831.293/images/ubuntu/Ubuntu2404-Readme.md
wasi and wasm compilation	Set up job	2026-09-06T15:57:28.6917404Z Image Release: https://github.com/actions/runner-images/releases/tag/ubuntu24%2F20260831.293
wasi and wasm compilation	Set up job	2026-09-06T15:57:28.6918271Z ##[endgroup]
wasi and wasm compilation	Set up job	2026-09-06T15:57:28.6919310Z ##[group]GITHUB_TOKEN Permissions
wasi and wasm compilation	Set up job	2026-09-06T15:57:28.6921635Z Contents: read
wasi and wasm compilation	Set up job	2026-09-06T15:57:28.6922204Z Metadata: read
wasi and wasm compilation	Set up job	2026-09-06T15:57:28.6922744Z ##[endgroup]
wasi and wasm compilation	Set up job	2026-09-06T15:57:28.6924749Z Secret source: Actions
wasi and wasm compilation	Set up job	2026-09-06T15:57:28.6925679Z Prepare workflow directory
wasi and wasm compilation	Set up job	2026-09-06T15:57:28.7282600Z Prepare all required actions
wasi and wasm compilation	Set up job	2026-09-06T15:57:28.7324721Z Getting action download info
wasi and wasm compilation	Set up job	2026-09-06T15:57:29.0142443Z Download action repository 'actions/checkout@11d5960a326750d5838078e36cf38b85af677262' (SHA:11d5960a326750d5838078e36cf38b85af677262)
wasi and wasm compilation	Set up job	2026-09-06T15:57:29.5750556Z Complete job name: wasi and wasm compilation
wasi and wasm compilation	Checkout	﻿2026-09-06T15:57:29.6388794Z Node 20 is being deprecated. This workflow is running with Node 24 by default. If you need to temporarily use Node 20, you can set the ACTIONS_ALLOW_USE_UNSECURE_NODE_VERSION=true environment variable. For more information see: https://github.blog/changelog/2025-09-19-deprecation-of-node-20-on-github-actions-runners/
wasi and wasm compilation	Checkout	2026-09-06T15:57:29.6397206Z ##[group]Run actions/checkout@11d5960a326750d5838078e36cf38b85af677262
wasi and wasm compilation	Checkout	2026-09-06T15:57:29.6398249Z with:
wasi and wasm compilation	Checkout	2026-09-06T15:57:29.6398827Z   persist-credentials: false
wasi and wasm compilation	Checkout	2026-09-06T15:57:29.6399668Z   repository: neknaj/NEPL3
wasi and wasm compilation	Checkout	2026-09-06T15:57:29.6403881Z   token: ***
wasi and wasm compilation	Checkout	2026-09-06T15:57:29.6404443Z   ssh-strict: true
wasi and wasm compilation	Checkout	2026-09-06T15:57:29.6405004Z   ssh-user: git
wasi and wasm compilation	Checkout	2026-09-06T15:57:29.6405554Z   clean: true
wasi and wasm compilation	Checkout	2026-09-06T15:57:29.6406146Z   sparse-checkout-cone-mode: true
wasi and wasm compilation	Checkout	2026-09-06T15:57:29.6406779Z   fetch-depth: 1
wasi and wasm compilation	Checkout	2026-09-06T15:57:29.6407282Z   fetch-tags: false
wasi and wasm compilation	Checkout	2026-09-06T15:57:29.6407788Z   show-progress: true
wasi and wasm compilation	Checkout	2026-09-06T15:57:29.6408319Z   lfs: false
wasi and wasm compilation	Checkout	2026-09-06T15:57:29.6408952Z   submodules: false
wasi and wasm compilation	Checkout	2026-09-06T15:57:29.6409575Z   set-safe-directory: true
wasi and wasm compilation	Checkout	2026-09-06T15:57:29.6410182Z   allow-unsafe-pr-checkout: false
wasi and wasm compilation	Checkout	2026-09-06T15:57:29.6410924Z env:
wasi and wasm compilation	Checkout	2026-09-06T15:57:29.6411439Z   CARGO_TERM_COLOR: always
wasi and wasm compilation	Checkout	2026-09-06T15:57:29.6412003Z   RUSTDOCFLAGS: -D warnings
wasi and wasm compilation	Checkout	2026-09-06T15:57:29.6412580Z ##[endgroup]
wasi and wasm compilation	Checkout	2026-09-06T15:57:29.7336291Z Syncing repository: neknaj/NEPL3
wasi and wasm compilation	Checkout	2026-09-06T15:57:29.7339102Z ##[group]Getting Git version info
wasi and wasm compilation	Checkout	2026-09-06T15:57:29.7340532Z Working directory is '/home/runner/work/NEPL3/NEPL3'
wasi and wasm compilation	Checkout	2026-09-06T15:57:29.7342120Z [command]/usr/bin/git version
wasi and wasm compilation	Checkout	2026-09-06T15:57:29.7671958Z git version 2.55.0
wasi and wasm compilation	Checkout	2026-09-06T15:57:29.7724324Z ##[endgroup]
wasi and wasm compilation	Checkout	2026-09-06T15:57:29.7733231Z Temporarily overriding HOME='/home/runner/work/_temp/ebe3ad7a-676f-4728-b21b-f0719568f9aa' before making global git config changes
wasi and wasm compilation	Checkout	2026-09-06T15:57:29.7735559Z Adding repository directory to the temporary git global config as a safe directory
wasi and wasm compilation	Checkout	2026-09-06T15:57:29.7737416Z [command]/usr/bin/git config --global --add safe.directory /home/runner/work/NEPL3/NEPL3
wasi and wasm compilation	Checkout	2026-09-06T15:57:29.7763208Z Deleting the contents of '/home/runner/work/NEPL3/NEPL3'
wasi and wasm compilation	Checkout	2026-09-06T15:57:29.7791052Z ##[group]Initializing the repository
wasi and wasm compilation	Checkout	2026-09-06T15:57:29.7796644Z [command]/usr/bin/git init /home/runner/work/NEPL3/NEPL3
wasi and wasm compilation	Checkout	2026-09-06T15:57:29.7939846Z hint: Using 'master' as the name for the initial branch. This default branch name
wasi and wasm compilation	Checkout	2026-09-06T15:57:29.7941575Z hint: will change to "main" in Git 3.0. To configure the initial branch name
wasi and wasm compilation	Checkout	2026-09-06T15:57:29.7943372Z hint: to use in all of your new repositories, which will suppress this warning,
wasi and wasm compilation	Checkout	2026-09-06T15:57:29.7944648Z hint: call:
wasi and wasm compilation	Checkout	2026-09-06T15:57:29.7945400Z hint:
wasi and wasm compilation	Checkout	2026-09-06T15:57:29.7946482Z hint: 	git config --global init.defaultBranch <name>
wasi and wasm compilation	Checkout	2026-09-06T15:57:29.7947478Z hint:
wasi and wasm compilation	Checkout	2026-09-06T15:57:29.7948483Z hint: Names commonly chosen instead of 'master' are 'main', 'trunk' and
wasi and wasm compilation	Checkout	2026-09-06T15:57:29.7950313Z hint: 'development'. The just-created branch can be renamed via this command:
wasi and wasm compilation	Checkout	2026-09-06T15:57:29.7951712Z hint:
wasi and wasm compilation	Checkout	2026-09-06T15:57:29.7952506Z hint: 	git branch -m <name>
wasi and wasm compilation	Checkout	2026-09-06T15:57:29.7953288Z hint:
wasi and wasm compilation	Checkout	2026-09-06T15:57:29.7954330Z hint: Disable this message with "git config set advice.defaultBranchName false"
wasi and wasm compilation	Checkout	2026-09-06T15:57:29.7955483Z Initialized empty Git repository in /home/runner/work/NEPL3/NEPL3/.git/
wasi and wasm compilation	Checkout	2026-09-06T15:57:29.7960633Z [command]/usr/bin/git remote add origin https://github.com/neknaj/NEPL3
wasi and wasm compilation	Checkout	2026-09-06T15:57:29.8017099Z ##[endgroup]
wasi and wasm compilation	Checkout	2026-09-06T15:57:29.8018449Z ##[group]Disabling automatic garbage collection
wasi and wasm compilation	Checkout	2026-09-06T15:57:29.8021407Z [command]/usr/bin/git config --local gc.auto 0
wasi and wasm compilation	Checkout	2026-09-06T15:57:29.8050161Z ##[endgroup]
wasi and wasm compilation	Checkout	2026-09-06T15:57:29.8051874Z ##[group]Setting up auth
wasi and wasm compilation	Checkout	2026-09-06T15:57:29.8055824Z [command]/usr/bin/git config --local --name-only --get-regexp core\.sshCommand
wasi and wasm compilation	Checkout	2026-09-06T15:57:29.8083674Z [command]/usr/bin/git submodule foreach --recursive sh -c "git config --local --name-only --get-regexp 'core\.sshCommand' && git config --local --unset-all 'core.sshCommand' || :"
wasi and wasm compilation	Checkout	2026-09-06T15:57:29.8429124Z [command]/usr/bin/git config --local --name-only --get-regexp http\.https\:\/\/github\.com\/\.extraheader
wasi and wasm compilation	Checkout	2026-09-06T15:57:29.8457860Z [command]/usr/bin/git submodule foreach --recursive sh -c "git config --local --name-only --get-regexp 'http\.https\:\/\/github\.com\/\.extraheader' && git config --local --unset-all 'http.https://github.com/.extraheader' || :"
wasi and wasm compilation	Checkout	2026-09-06T15:57:29.8630158Z [command]/usr/bin/git config --local --name-only --get-regexp ^includeIf\.gitdir:
wasi and wasm compilation	Checkout	2026-09-06T15:57:29.8656763Z [command]/usr/bin/git submodule foreach --recursive git config --local --show-origin --name-only --get-regexp remote.origin.url
wasi and wasm compilation	Checkout	2026-09-06T15:57:29.8834570Z [command]/usr/bin/git config --local http.https://github.com/.extraheader AUTHORIZATION: basic ***
wasi and wasm compilation	Checkout	2026-09-06T15:57:29.8872446Z ##[endgroup]
wasi and wasm compilation	Checkout	2026-09-06T15:57:29.8874082Z ##[group]Fetching the repository
wasi and wasm compilation	Checkout	2026-09-06T15:57:29.8882440Z [command]/usr/bin/git -c protocol.version=2 fetch --no-tags --prune --no-recurse-submodules --depth=1 origin +da7328c6157b889684f3a153579b3934dfadae73:refs/remotes/origin/main
wasi and wasm compilation	Checkout	2026-09-06T15:57:30.9977589Z From https://github.com/neknaj/NEPL3
wasi and wasm compilation	Checkout	2026-09-06T15:57:30.9980087Z  * [new ref]         da7328c6157b889684f3a153579b3934dfadae73 -> origin/main
wasi and wasm compilation	Checkout	2026-09-06T15:57:30.9984885Z ##[endgroup]
wasi and wasm compilation	Checkout	2026-09-06T15:57:30.9986663Z ##[group]Determining the checkout info
wasi and wasm compilation	Checkout	2026-09-06T15:57:30.9988708Z ##[endgroup]
wasi and wasm compilation	Checkout	2026-09-06T15:57:30.9990158Z [command]/usr/bin/git sparse-checkout disable
wasi and wasm compilation	Checkout	2026-09-06T15:57:31.0032605Z [command]/usr/bin/git config --local --unset-all extensions.worktreeConfig
wasi and wasm compilation	Checkout	2026-09-06T15:57:31.0060708Z ##[group]Checking out the ref
wasi and wasm compilation	Checkout	2026-09-06T15:57:31.0062900Z [command]/usr/bin/git checkout --progress --force -B main refs/remotes/origin/main
wasi and wasm compilation	Checkout	2026-09-06T15:57:31.0220425Z Switched to a new branch 'main'
wasi and wasm compilation	Checkout	2026-09-06T15:57:31.0227457Z branch 'main' set up to track 'origin/main'.
wasi and wasm compilation	Checkout	2026-09-06T15:57:31.0233839Z ##[endgroup]
wasi and wasm compilation	Checkout	2026-09-06T15:57:31.0269907Z [command]/usr/bin/git log -1 --format=%H
wasi and wasm compilation	Checkout	2026-09-06T15:57:31.0290875Z da7328c6157b889684f3a153579b3934dfadae73
wasi and wasm compilation	Checkout	2026-09-06T15:57:31.0300206Z ##[group]Removing auth
wasi and wasm compilation	Checkout	2026-09-06T15:57:31.0302524Z [command]/usr/bin/git config --local --name-only --get-regexp core\.sshCommand
wasi and wasm compilation	Checkout	2026-09-06T15:57:31.0332126Z [command]/usr/bin/git submodule foreach --recursive sh -c "git config --local --name-only --get-regexp 'core\.sshCommand' && git config --local --unset-all 'core.sshCommand' || :"
wasi and wasm compilation	Checkout	2026-09-06T15:57:31.0507783Z [command]/usr/bin/git config --local --name-only --get-regexp http\.https\:\/\/github\.com\/\.extraheader
wasi and wasm compilation	Checkout	2026-09-06T15:57:31.0530890Z http.https://github.com/.extraheader
wasi and wasm compilation	Checkout	2026-09-06T15:57:31.0536824Z [command]/usr/bin/git config --local --unset-all http.https://github.com/.extraheader
wasi and wasm compilation	Checkout	2026-09-06T15:57:31.0569057Z [command]/usr/bin/git submodule foreach --recursive sh -c "git config --local --name-only --get-regexp 'http\.https\:\/\/github\.com\/\.extraheader' && git config --local --unset-all 'http.https://github.com/.extraheader' || :"
wasi and wasm compilation	Checkout	2026-09-06T15:57:31.0737704Z [command]/usr/bin/git config --local --name-only --get-regexp ^includeIf\.gitdir:
wasi and wasm compilation	Checkout	2026-09-06T15:57:31.0762291Z [command]/usr/bin/git submodule foreach --recursive git config --local --show-origin --name-only --get-regexp remote.origin.url
wasi and wasm compilation	Checkout	2026-09-06T15:57:31.0931743Z ##[endgroup]
wasi and wasm compilation	Install pinned Rust targets	﻿2026-09-06T15:57:31.1160599Z ##[group]Run rustup show active-toolchain
wasi and wasm compilation	Install pinned Rust targets	2026-09-06T15:57:31.1162151Z [36;1mrustup show active-toolchain[0m
wasi and wasm compilation	Install pinned Rust targets	2026-09-06T15:57:31.1163736Z [36;1mrustup target add wasm32-wasip2 wasm32-unknown-unknown[0m
wasi and wasm compilation	Install pinned Rust targets	2026-09-06T15:57:31.1165363Z [36;1mrustc --version --verbose[0m
wasi and wasm compilation	Install pinned Rust targets	2026-09-06T15:57:31.1197038Z shell: /usr/bin/bash --noprofile --norc -e -o pipefail {0}
wasi and wasm compilation	Install pinned Rust targets	2026-09-06T15:57:31.1198635Z env:
wasi and wasm compilation	Install pinned Rust targets	2026-09-06T15:57:31.1199741Z   CARGO_TERM_COLOR: always
wasi and wasm compilation	Install pinned Rust targets	2026-09-06T15:57:31.1200927Z   RUSTDOCFLAGS: -D warnings
wasi and wasm compilation	Install pinned Rust targets	2026-09-06T15:57:31.1202011Z ##[endgroup]
wasi and wasm compilation	Install pinned Rust targets	2026-09-06T15:57:31.4127830Z info: syncing channel updates for 1.97.0-x86_64-unknown-linux-gnu
wasi and wasm compilation	Install pinned Rust targets	2026-09-06T15:57:31.9871696Z info: latest update on 2026-07-09 for version 1.97.0 (2d8144b78 2026-07-07)
wasi and wasm compilation	Install pinned Rust targets	2026-09-06T15:57:31.9926491Z info: downloading 5 components
wasi and wasm compilation	Install pinned Rust targets	2026-09-06T15:57:41.1700612Z 1.97.0-x86_64-unknown-linux-gnu (overridden by '/home/runner/work/NEPL3/NEPL3/rust-toolchain.toml')
wasi and wasm compilation	Install pinned Rust targets	2026-09-06T15:57:41.2225861Z info: downloading component rust-std
wasi and wasm compilation	Install pinned Rust targets	2026-09-06T15:57:44.8103213Z info: downloading component rust-std
wasi and wasm compilation	Install pinned Rust targets	2026-09-06T15:57:47.5627852Z rustc 1.97.0 (2d8144b78 2026-07-07)
wasi and wasm compilation	Install pinned Rust targets	2026-09-06T15:57:47.5628753Z binary: rustc
wasi and wasm compilation	Install pinned Rust targets	2026-09-06T15:57:47.5629381Z commit-hash: 2d8144b7880597b6e6d3dfd63a9a9efae3f533d3
wasi and wasm compilation	Install pinned Rust targets	2026-09-06T15:57:47.5630360Z commit-date: 2026-07-07
wasi and wasm compilation	Install pinned Rust targets	2026-09-06T15:57:47.5631156Z host: x86_64-unknown-linux-gnu
wasi and wasm compilation	Install pinned Rust targets	2026-09-06T15:57:47.5635875Z release: 1.97.0
wasi and wasm compilation	Install pinned Rust targets	2026-09-06T15:57:47.5636583Z LLVM version: 22.1.6
wasi and wasm compilation	Install verified Wasmtime	﻿2026-09-06T15:57:47.5687267Z ##[group]Run curl --fail --location --retry 3 --output wasmtime.tar.xz https://github.com/bytecodealliance/wasmtime/releases/download/v44.0.1/wasmtime-v44.0.1-x86_64-linux.tar.xz
wasi and wasm compilation	Install verified Wasmtime	2026-09-06T15:57:47.5688524Z [36;1mcurl --fail --location --retry 3 --output wasmtime.tar.xz https://github.com/bytecodealliance/wasmtime/releases/download/v44.0.1/wasmtime-v44.0.1-x86_64-linux.tar.xz[0m
wasi and wasm compilation	Install verified Wasmtime	2026-09-06T15:57:47.5689722Z [36;1mecho 'afd58715f105e3a7f454169daed22168c5736ec5f225fb04c4ac62c54c9508a3  wasmtime.tar.xz' | sha256sum --check --strict[0m
wasi and wasm compilation	Install verified Wasmtime	2026-09-06T15:57:47.5690429Z [36;1mtar -xf wasmtime.tar.xz[0m
wasi and wasm compilation	Install verified Wasmtime	2026-09-06T15:57:47.5690861Z [36;1mecho "$PWD/wasmtime-v44.0.1-x86_64-linux" >> "$GITHUB_PATH"[0m
wasi and wasm compilation	Install verified Wasmtime	2026-09-06T15:57:47.5712845Z shell: /usr/bin/bash --noprofile --norc -e -o pipefail {0}
wasi and wasm compilation	Install verified Wasmtime	2026-09-06T15:57:47.5713228Z env:
wasi and wasm compilation	Install verified Wasmtime	2026-09-06T15:57:47.5713562Z   CARGO_TERM_COLOR: always
wasi and wasm compilation	Install verified Wasmtime	2026-09-06T15:57:47.5713863Z   RUSTDOCFLAGS: -D warnings
wasi and wasm compilation	Install verified Wasmtime	2026-09-06T15:57:47.5714153Z ##[endgroup]
wasi and wasm compilation	Install verified Wasmtime	2026-09-06T15:57:47.6301813Z   % Total    % Received % Xferd  Average Speed   Time    Time     Time  Current
wasi and wasm compilation	Install verified Wasmtime	2026-09-06T15:57:47.6302697Z                                  Dload  Upload   Total   Spent    Left  Speed
wasi and wasm compilation	Install verified Wasmtime	2026-09-06T15:57:47.6303132Z 
wasi and wasm compilation	Install verified Wasmtime	2026-09-06T15:57:47.7441170Z   0     0    0     0    0     0      0      0 --:--:-- --:--:-- --:--:--     0
wasi and wasm compilation	Install verified Wasmtime	2026-09-06T15:57:47.8674823Z   0     0    0     0    0     0      0      0 --:--:-- --:--:-- --:--:--     0
wasi and wasm compilation	Install verified Wasmtime	2026-09-06T15:57:47.8676136Z   0     0    0     0    0     0      0      0 --:--:-- --:--:-- --:--:--     0
wasi and wasm compilation	Install verified Wasmtime	2026-09-06T15:57:48.4342713Z 
wasi and wasm compilation	Install verified Wasmtime	2026-09-06T15:57:48.4343835Z 100 11.8M  100 11.8M    0     0  14.6M      0 --:--:-- --:--:-- --:--:-- 14.6M
wasi and wasm compilation	Install verified Wasmtime	2026-09-06T15:57:48.4477173Z wasmtime.tar.xz: OK
wasi and wasm compilation	Execute foundation tests on WASI	﻿2026-09-06T15:57:49.2998990Z ##[group]Run wasmtime --version
wasi and wasm compilation	Execute foundation tests on WASI	2026-09-06T15:57:49.2999411Z [36;1mwasmtime --version[0m
wasi and wasm compilation	Execute foundation tests on WASI	2026-09-06T15:57:49.3000701Z [36;1mcargo test --locked -p nepl3-core -p nepl3-reader -p nepl3-wire --target wasm32-wasip2 -- --test-threads=1[0m
wasi and wasm compilation	Execute foundation tests on WASI	2026-09-06T15:57:49.3025606Z shell: /usr/bin/bash --noprofile --norc -e -o pipefail {0}
wasi and wasm compilation	Execute foundation tests on WASI	2026-09-06T15:57:49.3026187Z env:
wasi and wasm compilation	Execute foundation tests on WASI	2026-09-06T15:57:49.3026517Z   CARGO_TERM_COLOR: always
wasi and wasm compilation	Execute foundation tests on WASI	2026-09-06T15:57:49.3026902Z   RUSTDOCFLAGS: -D warnings
wasi and wasm compilation	Execute foundation tests on WASI	2026-09-06T15:57:49.3027275Z   CARGO_TARGET_WASM32_WASIP2_RUNNER: wasmtime run
wasi and wasm compilation	Execute foundation tests on WASI	2026-09-06T15:57:49.3027640Z ##[endgroup]
wasi and wasm compilation	Execute foundation tests on WASI	2026-09-06T15:57:49.3098540Z wasmtime 44.0.1 (f302ebd6b 2026-04-30)
wasi and wasm compilation	Execute foundation tests on WASI	2026-09-06T15:57:49.3630255Z [1m[92m    Updating[0m crates.io index
wasi and wasm compilation	Execute foundation tests on WASI	2026-09-06T15:57:49.6504146Z [1m[92m Downloading[0m crates ...
wasi and wasm compilation	Execute foundation tests on WASI	2026-09-06T15:57:49.7009434Z [1m[92m  Downloaded[0m autocfg v1.5.1
wasi and wasm compilation	Execute foundation tests on WASI	2026-09-06T15:57:49.7025343Z [1m[92m  Downloaded[0m cfg-if v1.0.4
wasi and wasm compilation	Execute foundation tests on WASI	2026-09-06T15:57:49.7061735Z [1m[92m  Downloaded[0m crypto-common v0.2.2
wasi and wasm compilation	Execute foundation tests on WASI	2026-09-06T15:57:49.7074948Z [1m[92m  Downloaded[0m block-buffer v0.12.1
wasi and wasm compilation	Execute foundation tests on WASI	2026-09-06T15:57:49.7091049Z [1m[92m  Downloaded[0m cpufeatures v0.3.1
wasi and wasm compilation	Execute foundation tests on WASI	2026-09-06T15:57:49.7196865Z [1m[92m  Downloaded[0m digest v0.11.3
wasi and wasm compilation	Execute foundation tests on WASI	2026-09-06T15:57:49.7235051Z [1m[92m  Downloaded[0m num-integer v0.1.47
wasi and wasm compilation	Execute foundation tests on WASI	2026-09-06T15:57:49.7264795Z [1m[92m  Downloaded[0m sha2 v0.11.0
wasi and wasm compilation	Execute foundation tests on WASI	2026-09-06T15:57:49.7283809Z [1m[92m  Downloaded[0m unicode-ident v1.0.18
wasi and wasm compilation	Execute foundation tests on WASI	2026-09-06T15:57:49.7299688Z [1m[92m  Downloaded[0m hybrid-array v0.4.14
wasi and wasm compilation	Execute foundation tests on WASI	2026-09-06T15:57:49.7312474Z [1m[92m  Downloaded[0m num-traits v0.2.19
wasi and wasm compilation	Execute foundation tests on WASI	2026-09-06T15:57:49.7330435Z [1m[92m  Downloaded[0m typenum v1.20.1
wasi and wasm compilation	Execute foundation tests on WASI	2026-09-06T15:57:49.7354227Z [1m[92m  Downloaded[0m num-bigint v0.4.8
wasi and wasm compilation	Execute foundation tests on WASI	2026-09-06T15:57:49.7644449Z [1m[92m   Compiling[0m autocfg v1.5.1
wasi and wasm compilation	Execute foundation tests on WASI	2026-09-06T15:57:49.7645105Z [1m[92m   Compiling[0m typenum v1.20.1
wasi and wasm compilation	Execute foundation tests on WASI	2026-09-06T15:57:49.7645687Z [1m[92m   Compiling[0m cfg-if v1.0.4
wasi and wasm compilation	Execute foundation tests on WASI	2026-09-06T15:57:49.7646241Z [1m[92m   Compiling[0m unicode-ident v1.0.18
wasi and wasm compilation	Execute foundation tests on WASI	2026-09-06T15:57:50.0358452Z [1m[92m   Compiling[0m num-traits v0.2.19
wasi and wasm compilation	Execute foundation tests on WASI	2026-09-06T15:57:50.2773905Z [1m[92m   Compiling[0m hybrid-array v0.4.14
wasi and wasm compilation	Execute foundation tests on WASI	2026-09-06T15:57:50.5412768Z [1m[92m   Compiling[0m block-buffer v0.12.1
wasi and wasm compilation	Execute foundation tests on WASI	2026-09-06T15:57:50.5413656Z [1m[92m   Compiling[0m crypto-common v0.2.2
wasi and wasm compilation	Execute foundation tests on WASI	2026-09-06T15:57:50.7712249Z [1m[92m   Compiling[0m num-integer v0.1.47
wasi and wasm compilation	Execute foundation tests on WASI	2026-09-06T15:57:50.9013327Z [1m[92m   Compiling[0m num-bigint v0.4.8
wasi and wasm compilation	Execute foundation tests on WASI	2026-09-06T15:57:50.9761024Z [1m[92m   Compiling[0m digest v0.11.3
wasi and wasm compilation	Execute foundation tests on WASI	2026-09-06T15:57:51.0731198Z [1m[92m   Compiling[0m sha2 v0.11.0
wasi and wasm compilation	Execute foundation tests on WASI	2026-09-06T15:57:51.5787621Z [1m[92m   Compiling[0m nepl3-core v0.1.0 (/home/runner/work/NEPL3/NEPL3/crates/foundation/core)
wasi and wasm compilation	Execute foundation tests on WASI	2026-09-06T15:57:52.2199968Z [1m[92m   Compiling[0m nepl3-wire v0.1.0 (/home/runner/work/NEPL3/NEPL3/crates/foundation/wire)
wasi and wasm compilation	Execute foundation tests on WASI	2026-09-06T15:57:52.2201567Z [1m[92m   Compiling[0m nepl3-reader v0.1.0 (/home/runner/work/NEPL3/NEPL3/crates/foundation/reader)
wasi and wasm compilation	Execute foundation tests on WASI	2026-09-06T15:58:01.4525375Z [1m[92m    Finished[0m `test` profile [unoptimized + debuginfo] target(s) in 12.12s
wasi and wasm compilation	Execute foundation tests on WASI	2026-09-06T15:58:01.4585128Z [1m[92m     Running[0m unittests src/lib.rs (target/wasm32-wasip2/debug/deps/nepl3_core-284aee386795315f.wasm)
wasi and wasm compilation	Execute foundation tests on WASI	2026-09-06T15:58:01.6306934Z 
wasi and wasm compilation	Execute foundation tests on WASI	2026-09-06T15:58:01.6308352Z running 0 tests
wasi and wasm compilation	Execute foundation tests on WASI	2026-09-06T15:58:01.6308748Z 
wasi and wasm compilation	Execute foundation tests on WASI	2026-09-06T15:58:01.6324992Z [1m[92m     Running[0m tests/contracts.rs (target/wasm32-wasip2/debug/deps/contracts-b4b7663740d5764f.wasm)
wasi and wasm compilation	Execute foundation tests on WASI	2026-09-06T15:58:01.6325986Z test result: ok. 0 passed; 0 failed; 0 ignored; 0 measured; 0 filtered out; finished in 0.00s
wasi and wasm compilation	Execute foundation tests on WASI	2026-09-06T15:58:01.6326578Z 
wasi and wasm compilation	Execute foundation tests on WASI	2026-09-06T15:58:01.9313086Z 
wasi and wasm compilation	Execute foundation tests on WASI	2026-09-06T15:58:01.9314020Z running 17 tests
wasi and wasm compilation	Execute foundation tests on WASI	2026-09-06T15:58:01.9330984Z test admission_accounts_for_copied_locator_payload ... ok
wasi and wasm compilation	Execute foundation tests on WASI	2026-09-06T15:58:01.9331610Z test budget_exact_limits_overflow_zero_and_cancel_are_distinct ... ok
wasi and wasm compilation	Execute foundation tests on WASI	2026-09-06T15:58:01.9332083Z test canonical_integers_reject_negative_zero_and_leading_zero ... ok
wasi and wasm compilation	Execute foundation tests on WASI	2026-09-06T15:58:01.9332577Z test edit_size_limit_checked_before_replacement_is_built ... ok
wasi and wasm compilation	Execute foundation tests on WASI	2026-09-06T15:58:01.9333426Z test edits_are_atomic_across_sources_and_reject_stale_or_conflicting_input ... ok
wasi and wasm compilation	Execute foundation tests on WASI	2026-09-06T15:58:01.9333963Z test first_budget_stop_is_sticky_across_smaller_charges_and_cancellation ... ok
wasi and wasm compilation	Execute foundation tests on WASI	2026-09-06T15:58:01.9334457Z test line_index_allocation_limit_is_enforced ... ok
wasi and wasm compilation	Execute foundation tests on WASI	2026-09-06T15:58:01.9334933Z test line_positions_roundtrip_unicode_and_all_line_endings ... ok
wasi and wasm compilation	Execute foundation tests on WASI	2026-09-06T15:58:01.9335435Z test locator_profile_is_checked_without_os_or_scheme_normalization ... ok
wasi and wasm compilation	Execute foundation tests on WASI	2026-09-06T15:58:01.9335938Z test nested_budget_retains_work_and_peak_depth_after_failed_branch ... ok
wasi and wasm compilation	Execute foundation tests on WASI	2026-09-06T15:58:01.9336523Z test rational_constructors_normalize_native_but_reject_noncanonical_wire ... ok
wasi and wasm compilation	Execute foundation tests on WASI	2026-09-06T15:58:01.9337064Z test source_admission_charges_unique_snapshots_once_across_shared_calls ... ok
wasi and wasm compilation	Execute foundation tests on WASI	2026-09-06T15:58:01.9337580Z test source_admission_rejects_locator_changes_for_same_snapshot_identity ... ok
wasi and wasm compilation	Execute foundation tests on WASI	2026-09-06T15:58:01.9338142Z test source_digest_is_sha256_of_exact_original_bytes ... ok
wasi and wasm compilation	Execute foundation tests on WASI	2026-09-06T15:58:01.9338865Z test source_limits_precede_decode_and_decode_does_not_replace_bytes ... ok
wasi and wasm compilation	Execute foundation tests on WASI	2026-09-06T15:58:01.9339730Z test span_rejects_scalar_interiors_bounds_and_other_identity ... ok
wasi and wasm compilation	Execute foundation tests on WASI	2026-09-06T15:58:01.9340449Z test store_preserves_distinct_ids_at_same_uri_and_rejects_conflicting_revision ... ok
wasi and wasm compilation	Execute foundation tests on WASI	2026-09-06T15:58:01.9340850Z 
wasi and wasm compilation	Execute foundation tests on WASI	2026-09-06T15:58:01.9341185Z test result: ok. 17 passed; 0 failed; 0 ignored; 0 measured; 0 filtered out; finished in 0.00s
wasi and wasm compilation	Execute foundation tests on WASI	2026-09-06T15:58:01.9341658Z 
wasi and wasm compilation	Execute foundation tests on WASI	2026-09-06T15:58:01.9353231Z [1m[92m     Running[0m tests/structure.rs (target/wasm32-wasip2/debug/deps/structure-a512b5d556c3a950.wasm)
wasi and wasm compilation	Execute foundation tests on WASI	2026-09-06T15:58:02.3197039Z 
wasi and wasm compilation	Execute foundation tests on WASI	2026-09-06T15:58:02.3216293Z running 20 tests
wasi and wasm compilation	Execute foundation tests on WASI	2026-09-06T15:58:02.3218155Z test canonical_json_escapes_controls_without_unicode_normalization ... ok
wasi and wasm compilation	Execute foundation tests on WASI	2026-09-06T15:58:02.3756574Z test deeply_nested_value_cleanup_uses_no_recursive_drop_chain ... ok
wasi and wasm compilation	Execute foundation tests on WASI	2026-09-06T15:58:02.3757750Z test descriptor_canonical_json_has_independently_specified_field_order ... ok
wasi and wasm compilation	Execute foundation tests on WASI	2026-09-06T15:58:02.3758766Z test descriptor_map_order_is_irrelevant_but_duplicates_are_rejected ... ok
wasi and wasm compilation	Execute foundation tests on WASI	2026-09-06T15:58:02.3760065Z test empty_anchor_cycles_and_transformed_relations_are_checked ... ok
wasi and wasm compilation	Execute foundation tests on WASI	2026-09-06T15:58:02.3760938Z test forward_overlap_is_acyclic_and_map_budget_failure_does_not_insert ... ok
wasi and wasm compilation	Execute foundation tests on WASI	2026-09-06T15:58:02.3761814Z test imported_origin_graph_honors_zero_nodes_and_depth_limits ... ok
wasi and wasm compilation	Execute foundation tests on WASI	2026-09-06T15:58:02.3762681Z test imported_origin_graph_rejects_cycles_unknown_refs_and_missing_source ... ok
wasi and wasm compilation	Execute foundation tests on WASI	2026-09-06T15:58:02.3763480Z test inverse_refuses_transformed_and_ambiguous_mappings ... ok
wasi and wasm compilation	Execute foundation tests on WASI	2026-09-06T15:58:02.3765178Z test local_kind_ids_are_canonical_across_descriptor_input_order ... ok
wasi and wasm compilation	Execute foundation tests on WASI	2026-09-06T15:58:02.3766425Z test registry_accepts_mutual_symbolic_references_then_seals_them ... ok
wasi and wasm compilation	Execute foundation tests on WASI	2026-09-06T15:58:02.3768322Z test registry_rejects_wrong_digest_and_unknown_unused_references ... ok
wasi and wasm compilation	Execute foundation tests on WASI	2026-09-06T15:58:02.4002966Z test rejected_deep_descriptor_is_safe_to_clone_compare_debug_and_drop ... ok
wasi and wasm compilation	Execute foundation tests on WASI	2026-09-06T15:58:02.4004083Z test report_candidate_rollback_discards_facts_without_refunding_budget ... ok
wasi and wasm compilation	Execute foundation tests on WASI	2026-09-06T15:58:02.4005126Z test report_diagnostic_limit_has_no_fabricated_global_message ... ok
wasi and wasm compilation	Execute foundation tests on WASI	2026-09-06T15:58:02.4005860Z test report_storage_obeys_allocation_budget ... ok
wasi and wasm compilation	Execute foundation tests on WASI	2026-09-06T15:58:02.4006614Z test report_zero_event_capacity_keeps_one_typed_overflow_and_stop ... ok
wasi and wasm compilation	Execute foundation tests on WASI	2026-09-06T15:58:02.4007600Z test source_map_checks_composable_interval_cycles_not_snapshot_cycles ... ok
wasi and wasm compilation	Execute foundation tests on WASI	2026-09-06T15:58:02.4008629Z test structural_boundary_checks_field_count_kind_intrinsic_subset_and_negative_natural ... ok
wasi and wasm compilation	Execute foundation tests on WASI	2026-09-06T15:58:02.4009773Z test validator_and_descriptor_depth_share_parent_budget_and_peak ... ok
wasi and wasm compilation	Execute foundation tests on WASI	2026-09-06T15:58:02.4018827Z 
wasi and wasm compilation	Execute foundation tests on WASI	2026-09-06T15:58:02.4019835Z test result: ok. 20 passed; 0 failed; 0 ignored; 0 measured; 0 filtered out; finished in 0.08s
wasi and wasm compilation	Execute foundation tests on WASI	2026-09-06T15:58:02.4020399Z 
wasi and wasm compilation	Execute foundation tests on WASI	2026-09-06T15:58:02.4087065Z [1m[92m     Running[0m tests/syntax.rs (target/wasm32-wasip2/debug/deps/syntax-93ea34dfc0dadb0a.wasm)
wasi and wasm compilation	Execute foundation tests on WASI	2026-09-06T15:58:02.7499864Z 
wasi and wasm compilation	Execute foundation tests on WASI	2026-09-06T15:58:02.7500790Z running 8 tests
wasi and wasm compilation	Execute foundation tests on WASI	2026-09-06T15:58:02.8116817Z test deeply_nested_foreign_bundle_cleanup_is_iterative ... ok
wasi and wasm compilation	Execute foundation tests on WASI	2026-09-06T15:58:02.8118065Z test foreign_ids_are_local_but_environment_and_root_must_match ... ok
wasi and wasm compilation	Execute foundation tests on WASI	2026-09-06T15:58:02.8119346Z test foreign_nesting_adds_to_containing_node_path_depth ... ok
wasi and wasm compilation	Execute foundation tests on WASI	2026-09-06T15:58:02.8120589Z test source_child_cover_must_follow_head_and_stay_in_parent ... ok
wasi and wasm compilation	Execute foundation tests on WASI	2026-09-06T15:58:02.8121577Z test syntax_graph_checks_all_refs_and_cycles_while_allowing_shared_children ... ok
wasi and wasm compilation	Execute foundation tests on WASI	2026-09-06T15:58:02.8122836Z test token_internal_view_is_sidecar_and_trivia_retains_bom_bytes ... ok
wasi and wasm compilation	Execute foundation tests on WASI	2026-09-06T15:58:02.8123651Z test token_owns_even_unreachable_view_elements ... ok
wasi and wasm compilation	Execute foundation tests on WASI	2026-09-06T15:58:02.8124347Z test view_child_edges_are_acyclic_but_semantic_relation_cycles_are_allowed ... ok
wasi and wasm compilation	Execute foundation tests on WASI	2026-09-06T15:58:02.8137143Z 
wasi and wasm compilation	Execute foundation tests on WASI	2026-09-06T15:58:02.8151207Z test result: ok. 8 passed; 0 failed; 0 ignored; 0 measured; 0 filtered out; finished in 0.06s
wasi and wasm compilation	Execute foundation tests on WASI	2026-09-06T15:58:02.8151635Z 
wasi and wasm compilation	Execute foundation tests on WASI	2026-09-06T15:58:02.8176063Z [1m[92m     Running[0m unittests src/lib.rs (target/wasm32-wasip2/debug/deps/nepl3_reader-2a62fa25b820fd2d.wasm)
wasi and wasm compilation	Execute foundation tests on WASI	2026-09-06T15:58:02.9958486Z 
wasi and wasm compilation	Execute foundation tests on WASI	2026-09-06T15:58:02.9960196Z running 0 tests
wasi and wasm compilation	Execute foundation tests on WASI	2026-09-06T15:58:02.9961054Z 
wasi and wasm compilation	Execute foundation tests on WASI	2026-09-06T15:58:02.9962595Z test result: ok. 0 passed; 0 failed; 0 ignored; 0 measured; 0 filtered out; finished in 0.00s
wasi and wasm compilation	Execute foundation tests on WASI	2026-09-06T15:58:02.9964833Z 
wasi and wasm compilation	Execute foundation tests on WASI	2026-09-06T15:58:02.9996701Z [1m[92m     Running[0m tests/context.rs (target/wasm32-wasip2/debug/deps/context-51f7ac362a19a825.wasm)
wasi and wasm compilation	Execute foundation tests on WASI	2026-09-06T15:58:03.3625584Z 
wasi and wasm compilation	Execute foundation tests on WASI	2026-09-06T15:58:03.3626954Z running 1 test
wasi and wasm compilation	Execute foundation tests on WASI	2026-09-06T15:58:03.3676874Z test checked_context_uses_real_digest_and_exact_origin_source_closure ... ok
wasi and wasm compilation	Execute foundation tests on WASI	2026-09-06T15:58:03.3677571Z 
wasi and wasm compilation	Execute foundation tests on WASI	2026-09-06T15:58:03.3678045Z test result: ok. 1 passed; 0 failed; 0 ignored; 0 measured; 0 filtered out; finished in 0.01s
wasi and wasm compilation	Execute foundation tests on WASI	2026-09-06T15:58:03.3678865Z 
wasi and wasm compilation	Execute foundation tests on WASI	2026-09-06T15:58:03.3730136Z [1m[92m     Running[0m tests/portable.rs (target/wasm32-wasip2/debug/deps/portable-eb1aa665e9c5f47b.wasm)
wasi and wasm compilation	Execute foundation tests on WASI	2026-09-06T15:58:03.9725925Z 
wasi and wasm compilation	Execute foundation tests on WASI	2026-09-06T15:58:03.9727056Z running 2 tests
wasi and wasm compilation	Execute foundation tests on WASI	2026-09-06T15:58:03.9869134Z test host_global_source_cannot_fill_a_missing_request_declaration ... ok
wasi and wasm compilation	Execute foundation tests on WASI	2026-09-06T15:58:03.9959912Z test native_request_and_checked_ndf_loopback_execute_with_identical_meaning ... ok
wasi and wasm compilation	Execute foundation tests on WASI	2026-09-06T15:58:03.9960708Z 
wasi and wasm compilation	Execute foundation tests on WASI	2026-09-06T15:58:03.9961285Z test result: ok. 2 passed; 0 failed; 0 ignored; 0 measured; 0 filtered out; finished in 0.02s
wasi and wasm compilation	Execute foundation tests on WASI	2026-09-06T15:58:03.9961869Z 
wasi and wasm compilation	Execute foundation tests on WASI	2026-09-06T15:58:04.0008971Z [1m[92m     Running[0m tests/runtime.rs (target/wasm32-wasip2/debug/deps/runtime-5667f09538a1e91e.wasm)
wasi and wasm compilation	Execute foundation tests on WASI	2026-09-06T15:58:04.6020081Z 
wasi and wasm compilation	Execute foundation tests on WASI	2026-09-06T15:58:04.6021514Z running 24 tests
wasi and wasm compilation	Execute foundation tests on WASI	2026-09-06T15:58:04.6756633Z test allocation_faults_across_later_resumes_preserve_already_accepted_reports ... ok
wasi and wasm compilation	Execute foundation tests on WASI	2026-09-06T15:58:04.6853085Z test bounded_repeat_zero_never_executes_nullable_body ... ok
wasi and wasm compilation	Execute foundation tests on WASI	2026-09-06T15:58:04.6935612Z test cancellation_during_provider_wait_stops_and_consumes_the_pending_slot ... ok
wasi and wasm compilation	Execute foundation tests on WASI	2026-09-06T15:58:04.7025287Z test checked_context_reuse_admits_exact_source_closure_in_each_operation ... ok
wasi and wasm compilation	Execute foundation tests on WASI	2026-09-06T15:58:04.7109265Z test checked_context_reuse_rejects_same_id_revision_with_changed_content ... ok
wasi and wasm compilation	Execute foundation tests on WASI	2026-09-06T15:58:04.7194202Z test choice_rewinds_captures_views_and_retains_work ... ok
wasi and wasm compilation	Execute foundation tests on WASI	2026-09-06T15:58:04.7278010Z test commit_does_not_hide_failure_or_need_more_in_choice ... ok
wasi and wasm compilation	Execute foundation tests on WASI	2026-09-06T15:58:04.7371813Z test direct_repeat_failure_and_streaming_shortage_rollback_all_prior_iteration_reports ... ok
wasi and wasm compilation	Execute foundation tests on WASI	2026-09-06T15:58:04.7465512Z test every_utf8_prefix_split_is_need_more_and_final_truncation_is_no_match ... ok
wasi and wasm compilation	Execute foundation tests on WASI	2026-09-06T15:58:04.7554940Z test failed_choice_restores_programmed_state_before_next_provider_call ... ok
wasi and wasm compilation	Execute foundation tests on WASI	2026-09-06T15:58:04.7645050Z test fresh_budget_and_forged_call_or_source_cannot_resume_a_saved_slot ... ok
wasi and wasm compilation	Execute foundation tests on WASI	2026-09-06T15:58:04.7737127Z test generated_sources_are_validated_transactionally_and_available_to_diagnostics ... ok
wasi and wasm compilation	Execute foundation tests on WASI	2026-09-06T15:58:04.7833184Z test long_source_identity_is_not_copied_after_allocation_budget_is_exhausted ... ok
wasi and wasm compilation	Execute foundation tests on WASI	2026-09-06T15:58:04.7926495Z test map_decode_and_then_use_typed_provider_envelopes ... ok
wasi and wasm compilation	Execute foundation tests on WASI	2026-09-06T15:58:04.8013779Z test node_sidecar_and_look_not_optional_discard_have_independent_values ... ok
wasi and wasm compilation	Execute foundation tests on WASI	2026-09-06T15:58:04.8187345Z test plan_identity_is_deterministic_but_distinguishes_arena_representation ... ok
wasi and wasm compilation	Execute foundation tests on WASI	2026-09-06T15:58:04.8275120Z test programmed_repetition_requires_actual_consumption_and_accepts_consuming_calls ... ok
wasi and wasm compilation	Execute foundation tests on WASI	2026-09-06T15:58:04.8358305Z test provider_signature_checks_operation_envelope_and_pure_decoder ... ok
wasi and wasm compilation	Execute foundation tests on WASI	2026-09-06T15:58:04.8445320Z test runtime_rejects_left_recursion_hidden_behind_empty_programmed_call ... ok
wasi and wasm compilation	Execute foundation tests on WASI	2026-09-06T15:58:04.8531420Z test session_binds_call_source_plan_usage_and_closes_after_consumed_resume ... ok
wasi and wasm compilation	Execute foundation tests on WASI	2026-09-06T15:58:04.8615521Z test static_plan_rejects_unknown_references_types_and_unproductive_recursion ... ok
wasi and wasm compilation	Execute foundation tests on WASI	2026-09-06T15:58:04.9051625Z test stopped_reader_retains_committed_provider_reports ... ok
wasi and wasm compilation	Execute foundation tests on WASI	2026-09-06T15:58:04.9052794Z test unicode_classes_use_pinned_unicode16_and_ascii_numeric_rules ... ok
wasi and wasm compilation	Execute foundation tests on WASI	2026-09-06T15:58:04.9133280Z test until_leaves_delimiter_and_takecount_counts_scalars ... ok
wasi and wasm compilation	Execute foundation tests on WASI	2026-09-06T15:58:04.9133683Z 
wasi and wasm compilation	Execute foundation tests on WASI	2026-09-06T15:58:04.9134082Z test result: ok. 24 passed; 0 failed; 0 ignored; 0 measured; 0 filtered out; finished in 0.31s
wasi and wasm compilation	Execute foundation tests on WASI	2026-09-06T15:58:04.9134767Z 
wasi and wasm compilation	Execute foundation tests on WASI	2026-09-06T15:58:04.9184210Z [1m[92m     Running[0m unittests src/lib.rs (target/wasm32-wasip2/debug/deps/nepl3_wire-b24b1a4a32609c17.wasm)
wasi and wasm compilation	Execute foundation tests on WASI	2026-09-06T15:58:05.0950652Z 
wasi and wasm compilation	Execute foundation tests on WASI	2026-09-06T15:58:05.0957027Z running 0 tests
wasi and wasm compilation	Execute foundation tests on WASI	2026-09-06T15:58:05.0957503Z 
wasi and wasm compilation	Execute foundation tests on WASI	2026-09-06T15:58:05.0958175Z test result: ok. 0 passed; 0 failed; 0 ignored; 0 measured; 0 filtered out; finished in 0.00s
wasi and wasm compilation	Execute foundation tests on WASI	2026-09-06T15:58:05.0958694Z 
wasi and wasm compilation	Execute foundation tests on WASI	2026-09-06T15:58:05.0965933Z [1m[92m     Running[0m tests/codec.rs (target/wasm32-wasip2/debug/deps/codec-39995c3cbba57516.wasm)
wasi and wasm compilation	Execute foundation tests on WASI	2026-09-06T15:58:05.4552565Z 
wasi and wasm compilation	Execute foundation tests on WASI	2026-09-06T15:58:05.4553151Z running 7 tests
wasi and wasm compilation	Execute foundation tests on WASI	2026-09-06T15:58:05.4559894Z test all_twelve_tags_match_specified_cbor_bytes ... ok
wasi and wasm compilation	Execute foundation tests on WASI	2026-09-06T15:58:05.4560568Z test checked_boundary_uses_real_registry_and_rejects_wrong_field_type ... ok
wasi and wasm compilation	Execute foundation tests on WASI	2026-09-06T15:58:05.5290374Z test deeply_nested_values_do_not_use_the_native_call_stack ... ok
wasi and wasm compilation	Execute foundation tests on WASI	2026-09-06T15:58:05.5291742Z test every_truncated_prefix_fails_and_complete_input_preserves_bytes ... ok
wasi and wasm compilation	Execute foundation tests on WASI	2026-09-06T15:58:05.5292865Z test integer_width_boundaries_use_shortest_unsigned_encoding ... ok
wasi and wasm compilation	Execute foundation tests on WASI	2026-09-06T15:58:05.5294006Z test limits_stop_with_typed_reasons_without_a_successful_partial_value ... ok
wasi and wasm compilation	Execute foundation tests on WASI	2026-09-06T15:58:05.5295081Z test malformed_noncanonical_and_forbidden_cbor_values_are_rejected ... ok
wasi and wasm compilation	Execute foundation tests on WASI	2026-09-06T15:58:05.5295786Z 
wasi and wasm compilation	Execute foundation tests on WASI	2026-09-06T15:58:05.5296442Z test result: ok. 7 passed; 0 failed; 0 ignored; 0 measured; 0 filtered out; finished in 0.07s
wasi and wasm compilation	Execute foundation tests on WASI	2026-09-06T15:58:05.5297190Z 
wasi and wasm compilation	Execute foundation tests on WASI	2026-09-06T15:58:05.5306570Z [1m[92m     Running[0m tests/origin.rs (target/wasm32-wasip2/debug/deps/origin-1b653db646426f41.wasm)
wasi and wasm compilation	Execute foundation tests on WASI	2026-09-06T15:58:05.9512354Z 
wasi and wasm compilation	Execute foundation tests on WASI	2026-09-06T15:58:05.9513241Z running 1 test
wasi and wasm compilation	Execute foundation tests on WASI	2026-09-06T15:58:05.9616866Z test origin_variants_roundtrip_and_wire_cycles_are_rejected ... ok
wasi and wasm compilation	Execute foundation tests on WASI	2026-09-06T15:58:05.9617724Z 
wasi and wasm compilation	Execute foundation tests on WASI	2026-09-06T15:58:05.9618498Z test result: ok. 1 passed; 0 failed; 0 ignored; 0 measured; 0 filtered out; finished in 0.01s
wasi and wasm compilation	Execute foundation tests on WASI	2026-09-06T15:58:05.9619294Z 
wasi and wasm compilation	Execute foundation tests on WASI	2026-09-06T15:58:05.9689828Z [1m[92m     Running[0m tests/source.rs (target/wasm32-wasip2/debug/deps/source-6144b54e6eedb637.wasm)
wasi and wasm compilation	Execute foundation tests on WASI	2026-09-06T15:58:06.4540445Z 
wasi and wasm compilation	Execute foundation tests on WASI	2026-09-06T15:58:06.4541562Z running 3 tests
wasi and wasm compilation	Execute foundation tests on WASI	2026-09-06T15:58:06.4632373Z test malformed_source_declarations_reject_without_committing_and_retry_does_not_refund ... ok
wasi and wasm compilation	Execute foundation tests on WASI	2026-09-06T15:58:06.4707629Z test native_and_wire_admission_reject_zero_source_limit_and_span_scalar_interior ... ok
wasi and wasm compilation	Execute foundation tests on WASI	2026-09-06T15:58:06.4775048Z test source_and_span_roundtrip_preserve_identity_bytes_and_shared_admission ... ok
wasi and wasm compilation	Execute foundation tests on WASI	2026-09-06T15:58:06.4776693Z 
wasi and wasm compilation	Execute foundation tests on WASI	2026-09-06T15:58:06.4777151Z test result: ok. 3 passed; 0 failed; 0 ignored; 0 measured; 0 filtered out; finished in 0.02s
wasi and wasm compilation	Execute foundation tests on WASI	2026-09-06T15:58:06.4778132Z 
wasi and wasm compilation	Execute foundation tests on WASI	2026-09-06T15:58:06.4785852Z [1m[92m     Running[0m tests/syntax.rs (target/wasm32-wasip2/debug/deps/syntax-4ec5b828d9ad4442.wasm)
wasi and wasm compilation	Execute foundation tests on WASI	2026-09-06T15:58:07.1191030Z 
wasi and wasm compilation	Execute foundation tests on WASI	2026-09-06T15:58:07.1192251Z running 5 tests
wasi and wasm compilation	Execute foundation tests on WASI	2026-09-06T15:58:07.1277288Z test foreign_bundle_rejects_forged_environment_digest_token_and_origin_references ... ok
wasi and wasm compilation	Execute foundation tests on WASI	2026-09-06T15:58:07.1361732Z test foreign_bundle_roundtrip_keeps_local_token_view_origin_ids_and_payloads ... ok
wasi and wasm compilation	Execute foundation tests on WASI	2026-09-06T15:58:07.1465889Z test guest_arena_reordering_updates_foreign_root_and_guest_local_children ... ok
wasi and wasm compilation	Execute foundation tests on WASI	2026-09-06T15:58:07.1592979Z test native_arena_order_is_canonicalized_and_unreachable_nodes_are_rejected ... ok
wasi and wasm compilation	Execute foundation tests on WASI	2026-09-06T15:58:07.2651967Z test nested_generated_bundles_use_iterative_conversion_and_shared_depth_budget ... ok
wasi and wasm compilation	Execute foundation tests on WASI	2026-09-06T15:58:07.2652575Z 
wasi and wasm compilation	Execute foundation tests on WASI	2026-09-06T15:58:07.2653421Z test result: ok. 5 passed; 0 failed; 0 ignored; 0 measured; 0 filtered out; finished in 0.15s
wasi and wasm compilation	Execute foundation tests on WASI	2026-09-06T15:58:07.2654104Z 
wasi and wasm compilation	Execute foundation tests on WASI	2026-09-06T15:58:07.2699209Z [1m[92m     Running[0m tests/view.rs (target/wasm32-wasip2/debug/deps/view-cfa499092407b046.wasm)
wasi and wasm compilation	Execute foundation tests on WASI	2026-09-06T15:58:07.8142283Z 
wasi and wasm compilation	Execute foundation tests on WASI	2026-09-06T15:58:07.8143364Z running 2 tests
wasi and wasm compilation	Execute foundation tests on WASI	2026-09-06T15:58:07.8229339Z test structured_payload_views_roles_relations_and_trivia_roundtrip_without_reparse ... ok
wasi and wasm compilation	Execute foundation tests on WASI	2026-09-06T15:58:07.8306127Z test token_wire_rejects_invalid_local_view_and_trivia_references_and_source_limit ... ok
wasi and wasm compilation	Execute foundation tests on WASI	2026-09-06T15:58:07.8306781Z 
wasi and wasm compilation	Execute foundation tests on WASI	2026-09-06T15:58:07.8314273Z test result: ok. 2 passed; 0 failed; 0 ignored; 0 measured; 0 filtered out; finished in 0.02s
wasi and wasm compilation	Execute foundation tests on WASI	2026-09-06T15:58:07.8315085Z 
wasi and wasm compilation	Execute foundation tests on WASI	2026-09-06T15:58:07.8385137Z [1m[92m   Doc-tests[0m nepl3_core
wasi and wasm compilation	Execute foundation tests on WASI	2026-09-06T15:58:07.9003173Z 
wasi and wasm compilation	Execute foundation tests on WASI	2026-09-06T15:58:07.9003910Z running 0 tests
wasi and wasm compilation	Execute foundation tests on WASI	2026-09-06T15:58:07.9004394Z 
wasi and wasm compilation	Execute foundation tests on WASI	2026-09-06T15:58:07.9004970Z test result: ok. 0 passed; 0 failed; 0 ignored; 0 measured; 0 filtered out; finished in 0.00s
wasi and wasm compilation	Execute foundation tests on WASI	2026-09-06T15:58:07.9005883Z 
wasi and wasm compilation	Execute foundation tests on WASI	2026-09-06T15:58:07.9030298Z [1m[92m   Doc-tests[0m nepl3_reader
wasi and wasm compilation	Execute foundation tests on WASI	2026-09-06T15:58:07.9506502Z 
wasi and wasm compilation	Execute foundation tests on WASI	2026-09-06T15:58:07.9507092Z running 0 tests
wasi and wasm compilation	Execute foundation tests on WASI	2026-09-06T15:58:07.9507343Z 
wasi and wasm compilation	Execute foundation tests on WASI	2026-09-06T15:58:07.9507784Z test result: ok. 0 passed; 0 failed; 0 ignored; 0 measured; 0 filtered out; finished in 0.00s
wasi and wasm compilation	Execute foundation tests on WASI	2026-09-06T15:58:07.9508183Z 
wasi and wasm compilation	Execute foundation tests on WASI	2026-09-06T15:58:07.9515983Z [1m[92m   Doc-tests[0m nepl3_wire
wasi and wasm compilation	Execute foundation tests on WASI	2026-09-06T15:58:07.9790011Z 
wasi and wasm compilation	Execute foundation tests on WASI	2026-09-06T15:58:07.9790682Z running 0 tests
wasi and wasm compilation	Execute foundation tests on WASI	2026-09-06T15:58:07.9791102Z 
wasi and wasm compilation	Execute foundation tests on WASI	2026-09-06T15:58:07.9791480Z test result: ok. 0 passed; 0 failed; 0 ignored; 0 measured; 0 filtered out; finished in 0.00s
wasi and wasm compilation	Execute foundation tests on WASI	2026-09-06T15:58:07.9791974Z 
wasi and wasm compilation	Compile foundation for browser Wasm	﻿2026-09-06T15:58:07.9871207Z ##[group]Run cargo check --locked -p nepl3-core -p nepl3-reader -p nepl3-wire --no-default-features --target wasm32-unknown-unknown
wasi and wasm compilation	Compile foundation for browser Wasm	2026-09-06T15:58:07.9872187Z [36;1mcargo check --locked -p nepl3-core -p nepl3-reader -p nepl3-wire --no-default-features --target wasm32-unknown-unknown[0m
wasi and wasm compilation	Compile foundation for browser Wasm	2026-09-06T15:58:07.9896082Z shell: /usr/bin/bash --noprofile --norc -e -o pipefail {0}
wasi and wasm compilation	Compile foundation for browser Wasm	2026-09-06T15:58:07.9896497Z env:
wasi and wasm compilation	Compile foundation for browser Wasm	2026-09-06T15:58:07.9896865Z   CARGO_TERM_COLOR: always
wasi and wasm compilation	Compile foundation for browser Wasm	2026-09-06T15:58:07.9897197Z   RUSTDOCFLAGS: -D warnings
wasi and wasm compilation	Compile foundation for browser Wasm	2026-09-06T15:58:07.9897523Z ##[endgroup]
wasi and wasm compilation	Compile foundation for browser Wasm	2026-09-06T15:58:08.0394416Z [1m[92m    Checking[0m typenum v1.20.1
wasi and wasm compilation	Compile foundation for browser Wasm	2026-09-06T15:58:08.0395185Z [1m[92m    Checking[0m cfg-if v1.0.4
wasi and wasm compilation	Compile foundation for browser Wasm	2026-09-06T15:58:08.0396926Z [1m[92m    Checking[0m unicode-ident v1.0.18
wasi and wasm compilation	Compile foundation for browser Wasm	2026-09-06T15:58:08.0397462Z [1m[92m   Compiling[0m num-traits v0.2.19
wasi and wasm compilation	Compile foundation for browser Wasm	2026-09-06T15:58:08.3552313Z [1m[92m    Checking[0m num-integer v0.1.47
wasi and wasm compilation	Compile foundation for browser Wasm	2026-09-06T15:58:08.4571704Z [1m[92m    Checking[0m num-bigint v0.4.8
wasi and wasm compilation	Compile foundation for browser Wasm	2026-09-06T15:58:08.4951744Z [1m[92m    Checking[0m hybrid-array v0.4.14
wasi and wasm compilation	Compile foundation for browser Wasm	2026-09-06T15:58:08.7522143Z [1m[92m    Checking[0m block-buffer v0.12.1
wasi and wasm compilation	Compile foundation for browser Wasm	2026-09-06T15:58:08.7541119Z [1m[92m    Checking[0m crypto-common v0.2.2
wasi and wasm compilation	Compile foundation for browser Wasm	2026-09-06T15:58:09.1086091Z [1m[92m    Checking[0m digest v0.11.3
wasi and wasm compilation	Compile foundation for browser Wasm	2026-09-06T15:58:09.1551651Z [1m[92m    Checking[0m sha2 v0.11.0
wasi and wasm compilation	Compile foundation for browser Wasm	2026-09-06T15:58:09.4173188Z [1m[92m    Checking[0m nepl3-core v0.1.0 (/home/runner/work/NEPL3/NEPL3/crates/foundation/core)
wasi and wasm compilation	Compile foundation for browser Wasm	2026-09-06T15:58:09.8389009Z [1m[92m    Checking[0m nepl3-reader v0.1.0 (/home/runner/work/NEPL3/NEPL3/crates/foundation/reader)
wasi and wasm compilation	Compile foundation for browser Wasm	2026-09-06T15:58:09.8390284Z [1m[92m    Checking[0m nepl3-wire v0.1.0 (/home/runner/work/NEPL3/NEPL3/crates/foundation/wire)
wasi and wasm compilation	Compile foundation for browser Wasm	2026-09-06T15:58:10.2132659Z [1m[92m    Finished[0m `dev` profile [unoptimized + debuginfo] target(s) in 2.19s
wasi and wasm compilation	Post Checkout	﻿2026-09-06T15:58:10.2266947Z Node 20 is being deprecated. This workflow is running with Node 24 by default. If you need to temporarily use Node 20, you can set the ACTIONS_ALLOW_USE_UNSECURE_NODE_VERSION=true environment variable. For more information see: https://github.blog/changelog/2025-09-19-deprecation-of-node-20-on-github-actions-runners/
wasi and wasm compilation	Post Checkout	2026-09-06T15:58:10.2268395Z Post job cleanup.
wasi and wasm compilation	Post Checkout	2026-09-06T15:58:10.3070876Z [command]/usr/bin/git version
wasi and wasm compilation	Post Checkout	2026-09-06T15:58:10.3104615Z git version 2.55.0
wasi and wasm compilation	Post Checkout	2026-09-06T15:58:10.3133657Z Temporarily overriding HOME='/home/runner/work/_temp/8e0752e6-c52d-4adb-bb11-14a35cb4d59e' before making global git config changes
wasi and wasm compilation	Post Checkout	2026-09-06T15:58:10.3135402Z Adding repository directory to the temporary git global config as a safe directory
wasi and wasm compilation	Post Checkout	2026-09-06T15:58:10.3137719Z [command]/usr/bin/git config --global --add safe.directory /home/runner/work/NEPL3/NEPL3
wasi and wasm compilation	Post Checkout	2026-09-06T15:58:10.3171864Z [command]/usr/bin/git config --local --name-only --get-regexp core\.sshCommand
wasi and wasm compilation	Post Checkout	2026-09-06T15:58:10.3201399Z [command]/usr/bin/git submodule foreach --recursive sh -c "git config --local --name-only --get-regexp 'core\.sshCommand' && git config --local --unset-all 'core.sshCommand' || :"
wasi and wasm compilation	Post Checkout	2026-09-06T15:58:10.3387618Z [command]/usr/bin/git config --local --name-only --get-regexp http\.https\:\/\/github\.com\/\.extraheader
wasi and wasm compilation	Post Checkout	2026-09-06T15:58:10.3415496Z [command]/usr/bin/git submodule foreach --recursive sh -c "git config --local --name-only --get-regexp 'http\.https\:\/\/github\.com\/\.extraheader' && git config --local --unset-all 'http.https://github.com/.extraheader' || :"
wasi and wasm compilation	Post Checkout	2026-09-06T15:58:10.3589111Z [command]/usr/bin/git config --local --name-only --get-regexp ^includeIf\.gitdir:
wasi and wasm compilation	Post Checkout	2026-09-06T15:58:10.3623838Z [command]/usr/bin/git submodule foreach --recursive git config --local --show-origin --name-only --get-regexp remote.origin.url
wasi and wasm compilation	Complete job	﻿2026-09-06T15:58:10.3971849Z Cleaning up orphan processes
wasi and wasm compilation	Complete job	2026-09-06T15:58:10.4202419Z ##[warning]Node.js 20 is deprecated. The following actions target Node.js 20 but are being forced to run on Node.js 24: actions/checkout@11d5960a326750d5838078e36cf38b85af677262. For more information see: https://github.blog/changelog/2025-09-19-deprecation-of-node-20-on-github-actions-runners/
native (macos-latest)	Set up job	﻿2026-09-06T15:57:33.2811190Z Current runner version: '2.337.0'
native (macos-latest)	Set up job	2026-09-06T15:57:33.2829880Z ##[group]Runner Image Provisioner
native (macos-latest)	Set up job	2026-09-06T15:57:33.2830490Z Hosted Compute Agent
native (macos-latest)	Set up job	2026-09-06T15:57:33.2830870Z Version: 20260828.587
native (macos-latest)	Set up job	2026-09-06T15:57:33.2831300Z Commit: abac92662cab4cc7352de4f9f9d2e2419aad9c29
native (macos-latest)	Set up job	2026-09-06T15:57:33.2831770Z Build Date: 2026-08-28T16:44:25Z
native (macos-latest)	Set up job	2026-09-06T15:57:33.2832220Z Worker ID: {52cfe3b2-5e4d-4963-a6fa-3625aceca47d}
native (macos-latest)	Set up job	2026-09-06T15:57:33.2832680Z Azure Region: westus
native (macos-latest)	Set up job	2026-09-06T15:57:33.2833030Z ##[endgroup]
native (macos-latest)	Set up job	2026-09-06T15:57:33.2834100Z ##[group]Operating System
native (macos-latest)	Set up job	2026-09-06T15:57:33.2834510Z macOS
native (macos-latest)	Set up job	2026-09-06T15:57:33.2834850Z 26.6.2
native (macos-latest)	Set up job	2026-09-06T15:57:33.2835190Z 25G83
native (macos-latest)	Set up job	2026-09-06T15:57:33.2835570Z ##[endgroup]
native (macos-latest)	Set up job	2026-09-06T15:57:33.2836010Z ##[group]Runner Image
native (macos-latest)	Set up job	2026-09-06T15:57:33.2836420Z Image: macos-26-arm64
native (macos-latest)	Set up job	2026-09-06T15:57:33.2836790Z Version: 20260831.0337.3
native (macos-latest)	Set up job	2026-09-06T15:57:33.2837530Z Included Software: https://github.com/actions/runner-images/blob/macos-26-arm64/20260831.0337/images/macos/macos-26-arm64-Readme.md
native (macos-latest)	Set up job	2026-09-06T15:57:33.2838700Z Image Release: https://github.com/actions/runner-images/releases/tag/macos-26-arm64%2F20260831.0337
native (macos-latest)	Set up job	2026-09-06T15:57:33.2839380Z ##[endgroup]
native (macos-latest)	Set up job	2026-09-06T15:57:33.2840150Z ##[group]GITHUB_TOKEN Permissions
native (macos-latest)	Set up job	2026-09-06T15:57:33.2841620Z Contents: read
native (macos-latest)	Set up job	2026-09-06T15:57:33.2841980Z Metadata: read
native (macos-latest)	Set up job	2026-09-06T15:57:33.2842340Z ##[endgroup]
native (macos-latest)	Set up job	2026-09-06T15:57:33.2843840Z Secret source: Actions
native (macos-latest)	Set up job	2026-09-06T15:57:33.2844510Z Prepare workflow directory
native (macos-latest)	Set up job	2026-09-06T15:57:33.3315610Z Prepare all required actions
native (macos-latest)	Set up job	2026-09-06T15:57:33.3386180Z Getting action download info
native (macos-latest)	Set up job	2026-09-06T15:57:33.6089830Z Download action repository 'actions/checkout@11d5960a326750d5838078e36cf38b85af677262' (SHA:11d5960a326750d5838078e36cf38b85af677262)
native (macos-latest)	Set up job	2026-09-06T15:57:33.9725410Z Download action repository 'actions/setup-python@a26af69be951a213d495a4c3e4e4022e16d87065' (SHA:a26af69be951a213d495a4c3e4e4022e16d87065)
native (macos-latest)	Set up job	2026-09-06T15:57:34.2186480Z Complete job name: native (macos-latest)
native (macos-latest)	Checkout	﻿2026-09-06T15:57:34.2779720Z Node 20 is being deprecated. This workflow is running with Node 24 by default. If you need to temporarily use Node 20, you can set the ACTIONS_ALLOW_USE_UNSECURE_NODE_VERSION=true environment variable. For more information see: https://github.blog/changelog/2025-09-19-deprecation-of-node-20-on-github-actions-runners/
native (macos-latest)	Checkout	2026-09-06T15:57:34.2787400Z ##[group]Run actions/checkout@11d5960a326750d5838078e36cf38b85af677262
native (macos-latest)	Checkout	2026-09-06T15:57:34.2788100Z with:
native (macos-latest)	Checkout	2026-09-06T15:57:34.2788450Z   fetch-depth: 0
native (macos-latest)	Checkout	2026-09-06T15:57:34.2788810Z   persist-credentials: false
native (macos-latest)	Checkout	2026-09-06T15:57:34.2789220Z   repository: neknaj/NEPL3
native (macos-latest)	Checkout	2026-09-06T15:57:34.2792310Z   token: ***
native (macos-latest)	Checkout	2026-09-06T15:57:34.2792650Z   ssh-strict: true
native (macos-latest)	Checkout	2026-09-06T15:57:34.2793000Z   ssh-user: git
native (macos-latest)	Checkout	2026-09-06T15:57:34.2793330Z   clean: true
native (macos-latest)	Checkout	2026-09-06T15:57:34.2793690Z   sparse-checkout-cone-mode: true
native (macos-latest)	Checkout	2026-09-06T15:57:34.2794120Z   fetch-tags: false
native (macos-latest)	Checkout	2026-09-06T15:57:34.2794470Z   show-progress: true
native (macos-latest)	Checkout	2026-09-06T15:57:34.2794840Z   lfs: false
native (macos-latest)	Checkout	2026-09-06T15:57:34.2795500Z   submodules: false
native (macos-latest)	Checkout	2026-09-06T15:57:34.2795940Z   set-safe-directory: true
native (macos-latest)	Checkout	2026-09-06T15:57:34.2796350Z   allow-unsafe-pr-checkout: false
native (macos-latest)	Checkout	2026-09-06T15:57:34.2797080Z env:
native (macos-latest)	Checkout	2026-09-06T15:57:34.2797430Z   CARGO_TERM_COLOR: always
native (macos-latest)	Checkout	2026-09-06T15:57:34.2797860Z   RUSTDOCFLAGS: -D warnings
native (macos-latest)	Checkout	2026-09-06T15:57:34.2798270Z ##[endgroup]
native (macos-latest)	Checkout	2026-09-06T15:57:34.7619960Z Syncing repository: neknaj/NEPL3
native (macos-latest)	Checkout	2026-09-06T15:57:34.7624880Z ##[group]Getting Git version info
native (macos-latest)	Checkout	2026-09-06T15:57:34.7626670Z Working directory is '/Users/runner/work/NEPL3/NEPL3'
native (macos-latest)	Checkout	2026-09-06T15:57:34.7629430Z [command]/opt/homebrew/bin/git version
native (macos-latest)	Checkout	2026-09-06T15:57:34.7990550Z git version 2.55.0
native (macos-latest)	Checkout	2026-09-06T15:57:34.8028810Z ##[endgroup]
native (macos-latest)	Checkout	2026-09-06T15:57:34.8034600Z Copying '/Users/runner/.gitconfig' to '/Users/runner/work/_temp/09a54681-c4b9-4103-8258-ffb164d165cf/.gitconfig'
native (macos-latest)	Checkout	2026-09-06T15:57:34.8044760Z Temporarily overriding HOME='/Users/runner/work/_temp/09a54681-c4b9-4103-8258-ffb164d165cf' before making global git config changes
native (macos-latest)	Checkout	2026-09-06T15:57:34.8048960Z Adding repository directory to the temporary git global config as a safe directory
native (macos-latest)	Checkout	2026-09-06T15:57:34.8051530Z [command]/opt/homebrew/bin/git config --global --add safe.directory /Users/runner/work/NEPL3/NEPL3
native (macos-latest)	Checkout	2026-09-06T15:57:34.8183240Z Deleting the contents of '/Users/runner/work/NEPL3/NEPL3'
native (macos-latest)	Checkout	2026-09-06T15:57:34.8220040Z ##[group]Initializing the repository
native (macos-latest)	Checkout	2026-09-06T15:57:34.8223820Z [command]/opt/homebrew/bin/git init /Users/runner/work/NEPL3/NEPL3
native (macos-latest)	Checkout	2026-09-06T15:57:34.8702410Z hint: Using 'master' as the name for the initial branch. This default branch name
native (macos-latest)	Checkout	2026-09-06T15:57:34.8705630Z hint: will change to "main" in Git 3.0. To configure the initial branch name
native (macos-latest)	Checkout	2026-09-06T15:57:34.8708150Z hint: to use in all of your new repositories, which will suppress this warning,
native (macos-latest)	Checkout	2026-09-06T15:57:34.8709980Z hint: call:
native (macos-latest)	Checkout	2026-09-06T15:57:34.8711070Z hint:
native (macos-latest)	Checkout	2026-09-06T15:57:34.8712420Z hint: 	git config --global init.defaultBranch <name>
native (macos-latest)	Checkout	2026-09-06T15:57:34.8713870Z hint:
native (macos-latest)	Checkout	2026-09-06T15:57:34.8715300Z hint: Names commonly chosen instead of 'master' are 'main', 'trunk' and
native (macos-latest)	Checkout	2026-09-06T15:57:34.8718290Z hint: 'development'. The just-created branch can be renamed via this command:
native (macos-latest)	Checkout	2026-09-06T15:57:34.8719290Z hint:
native (macos-latest)	Checkout	2026-09-06T15:57:34.8719780Z hint: 	git branch -m <name>
native (macos-latest)	Checkout	2026-09-06T15:57:34.8720260Z hint:
native (macos-latest)	Checkout	2026-09-06T15:57:34.8720930Z hint: Disable this message with "git config set advice.defaultBranchName false"
native (macos-latest)	Checkout	2026-09-06T15:57:34.8721840Z Initialized empty Git repository in /Users/runner/work/NEPL3/NEPL3/.git/
native (macos-latest)	Checkout	2026-09-06T15:57:34.8723640Z [command]/opt/homebrew/bin/git remote add origin https://github.com/neknaj/NEPL3
native (macos-latest)	Checkout	2026-09-06T15:57:34.8828510Z ##[endgroup]
native (macos-latest)	Checkout	2026-09-06T15:57:34.8829360Z ##[group]Disabling automatic garbage collection
native (macos-latest)	Checkout	2026-09-06T15:57:34.8832880Z [command]/opt/homebrew/bin/git config --local gc.auto 0
native (macos-latest)	Checkout	2026-09-06T15:57:34.8987890Z ##[endgroup]
native (macos-latest)	Checkout	2026-09-06T15:57:34.8990080Z ##[group]Setting up auth
native (macos-latest)	Checkout	2026-09-06T15:57:34.8993140Z [command]/opt/homebrew/bin/git config --local --name-only --get-regexp core\.sshCommand
native (macos-latest)	Checkout	2026-09-06T15:57:34.9086430Z [command]/opt/homebrew/bin/git submodule foreach --recursive sh -c "git config --local --name-only --get-regexp 'core\.sshCommand' && git config --local --unset-all 'core.sshCommand' || :"
native (macos-latest)	Checkout	2026-09-06T15:57:35.0605260Z [command]/opt/homebrew/bin/git config --local --name-only --get-regexp http\.https\:\/\/github\.com\/\.extraheader
native (macos-latest)	Checkout	2026-09-06T15:57:35.0714590Z [command]/opt/homebrew/bin/git submodule foreach --recursive sh -c "git config --local --name-only --get-regexp 'http\.https\:\/\/github\.com\/\.extraheader' && git config --local --unset-all 'http.https://github.com/.extraheader' || :"
native (macos-latest)	Checkout	2026-09-06T15:57:35.1740690Z [command]/opt/homebrew/bin/git config --local --name-only --get-regexp ^includeIf\.gitdir:
native (macos-latest)	Checkout	2026-09-06T15:57:35.2059370Z [command]/opt/homebrew/bin/git submodule foreach --recursive git config --local --show-origin --name-only --get-regexp remote.origin.url
native (macos-latest)	Checkout	2026-09-06T15:57:35.3755520Z [command]/opt/homebrew/bin/git config --local http.https://github.com/.extraheader AUTHORIZATION: basic ***
native (macos-latest)	Checkout	2026-09-06T15:57:35.3836940Z ##[endgroup]
native (macos-latest)	Checkout	2026-09-06T15:57:35.3838430Z ##[group]Fetching the repository
native (macos-latest)	Checkout	2026-09-06T15:57:35.3840280Z [command]/opt/homebrew/bin/git -c protocol.version=2 fetch --prune --no-recurse-submodules origin +refs/heads/*:refs/remotes/origin/* +refs/tags/*:refs/tags/*
native (macos-latest)	Checkout	2026-09-06T15:57:36.1314850Z From https://github.com/neknaj/NEPL3
native (macos-latest)	Checkout	2026-09-06T15:57:36.1318510Z  * [new branch]      dependabot/github_actions/github-actions-69435ca2c2 -> origin/dependabot/github_actions/github-actions-69435ca2c2
native (macos-latest)	Checkout	2026-09-06T15:57:36.1321730Z  * [new branch]      main       -> origin/main
native (macos-latest)	Checkout	2026-09-06T15:57:36.1332570Z [command]/opt/homebrew/bin/git branch --list --remote origin/main
native (macos-latest)	Checkout	2026-09-06T15:57:36.1440690Z   origin/main
native (macos-latest)	Checkout	2026-09-06T15:57:36.1448330Z [command]/opt/homebrew/bin/git rev-parse refs/remotes/origin/main
native (macos-latest)	Checkout	2026-09-06T15:57:36.1515990Z da7328c6157b889684f3a153579b3934dfadae73
native (macos-latest)	Checkout	2026-09-06T15:57:36.1521540Z ##[endgroup]
native (macos-latest)	Checkout	2026-09-06T15:57:36.1523740Z ##[group]Determining the checkout info
native (macos-latest)	Checkout	2026-09-06T15:57:36.1527850Z ##[endgroup]
native (macos-latest)	Checkout	2026-09-06T15:57:36.1529660Z [command]/opt/homebrew/bin/git sparse-checkout disable
native (macos-latest)	Checkout	2026-09-06T15:57:36.1617460Z [command]/opt/homebrew/bin/git config --local --unset-all extensions.worktreeConfig
native (macos-latest)	Checkout	2026-09-06T15:57:36.1707090Z ##[group]Checking out the ref
native (macos-latest)	Checkout	2026-09-06T15:57:36.1715250Z [command]/opt/homebrew/bin/git checkout --progress --force -B main refs/remotes/origin/main
native (macos-latest)	Checkout	2026-09-06T15:57:36.2223320Z Switched to a new branch 'main'
native (macos-latest)	Checkout	2026-09-06T15:57:36.2233330Z branch 'main' set up to track 'origin/main'.
native (macos-latest)	Checkout	2026-09-06T15:57:36.2252440Z ##[endgroup]
native (macos-latest)	Checkout	2026-09-06T15:57:36.2529190Z [command]/opt/homebrew/bin/git log -1 --format=%H
native (macos-latest)	Checkout	2026-09-06T15:57:36.2617790Z da7328c6157b889684f3a153579b3934dfadae73
native (macos-latest)	Checkout	2026-09-06T15:57:36.2635220Z ##[group]Removing auth
native (macos-latest)	Checkout	2026-09-06T15:57:36.2638490Z [command]/opt/homebrew/bin/git config --local --name-only --get-regexp core\.sshCommand
native (macos-latest)	Checkout	2026-09-06T15:57:36.2714210Z [command]/opt/homebrew/bin/git submodule foreach --recursive sh -c "git config --local --name-only --get-regexp 'core\.sshCommand' && git config --local --unset-all 'core.sshCommand' || :"
native (macos-latest)	Checkout	2026-09-06T15:57:36.3965270Z [command]/opt/homebrew/bin/git config --local --name-only --get-regexp http\.https\:\/\/github\.com\/\.extraheader
native (macos-latest)	Checkout	2026-09-06T15:57:36.4064140Z http.https://github.com/.extraheader
native (macos-latest)	Checkout	2026-09-06T15:57:36.4214750Z [command]/opt/homebrew/bin/git config --local --unset-all http.https://github.com/.extraheader
native (macos-latest)	Checkout	2026-09-06T15:57:36.4227400Z [command]/opt/homebrew/bin/git submodule foreach --recursive sh -c "git config --local --name-only --get-regexp 'http\.https\:\/\/github\.com\/\.extraheader' && git config --local --unset-all 'http.https://github.com/.extraheader' || :"
native (macos-latest)	Checkout	2026-09-06T15:57:36.5310420Z [command]/opt/homebrew/bin/git config --local --name-only --get-regexp ^includeIf\.gitdir:
native (macos-latest)	Checkout	2026-09-06T15:57:36.5634030Z [command]/opt/homebrew/bin/git submodule foreach --recursive git config --local --show-origin --name-only --get-regexp remote.origin.url
native (macos-latest)	Checkout	2026-09-06T15:57:36.7322500Z ##[endgroup]
native (macos-latest)	Install pinned toolchain and components	﻿2026-09-06T15:57:36.7720730Z ##[group]Run rustup show active-toolchain
native (macos-latest)	Install pinned toolchain and components	2026-09-06T15:57:36.7721980Z [36;1mrustup show active-toolchain[0m
native (macos-latest)	Install pinned toolchain and components	2026-09-06T15:57:36.7723080Z [36;1mrustup component add rustfmt clippy[0m
native (macos-latest)	Install pinned toolchain and components	2026-09-06T15:57:36.7724100Z [36;1mrustc --version --verbose[0m
native (macos-latest)	Install pinned toolchain and components	2026-09-06T15:57:36.7724980Z [36;1mcargo --version[0m
native (macos-latest)	Install pinned toolchain and components	2026-09-06T15:57:36.7855150Z shell: /bin/bash --noprofile --norc -e -o pipefail {0}
native (macos-latest)	Install pinned toolchain and components	2026-09-06T15:57:36.7857020Z env:
native (macos-latest)	Install pinned toolchain and components	2026-09-06T15:57:36.7857820Z   CARGO_TERM_COLOR: always
native (macos-latest)	Install pinned toolchain and components	2026-09-06T15:57:36.7858680Z   RUSTDOCFLAGS: -D warnings
native (macos-latest)	Install pinned toolchain and components	2026-09-06T15:57:36.7859510Z ##[endgroup]
native (macos-latest)	Install pinned toolchain and components	2026-09-06T15:57:36.9126650Z info: syncing channel updates for 1.97.0-aarch64-apple-darwin
native (macos-latest)	Install pinned toolchain and components	2026-09-06T15:57:37.1856540Z info: latest update on 2026-07-09 for version 1.97.0 (2d8144b78 2026-07-07)
native (macos-latest)	Install pinned toolchain and components	2026-09-06T15:57:37.1961070Z info: downloading 5 components
native (macos-latest)	Install pinned toolchain and components	2026-09-06T15:57:45.8303010Z 1.97.0-aarch64-apple-darwin (overridden by '/Users/runner/work/NEPL3/NEPL3/rust-toolchain.toml')
native (macos-latest)	Install pinned toolchain and components	2026-09-06T15:57:45.9361970Z info: component rustfmt is up to date
native (macos-latest)	Install pinned toolchain and components	2026-09-06T15:57:45.9666560Z info: component clippy is up to date
native (macos-latest)	Install pinned toolchain and components	2026-09-06T15:57:46.1968270Z rustc 1.97.0 (2d8144b78 2026-07-07)
native (macos-latest)	Install pinned toolchain and components	2026-09-06T15:57:46.1969220Z binary: rustc
native (macos-latest)	Install pinned toolchain and components	2026-09-06T15:57:46.1970030Z commit-hash: 2d8144b7880597b6e6d3dfd63a9a9efae3f533d3
native (macos-latest)	Install pinned toolchain and components	2026-09-06T15:57:46.1971140Z commit-date: 2026-07-07
native (macos-latest)	Install pinned toolchain and components	2026-09-06T15:57:46.1971850Z host: aarch64-apple-darwin
native (macos-latest)	Install pinned toolchain and components	2026-09-06T15:57:46.1972610Z release: 1.97.0
native (macos-latest)	Install pinned toolchain and components	2026-09-06T15:57:46.2088730Z LLVM version: 22.1.6
native (macos-latest)	Install pinned toolchain and components	2026-09-06T15:57:46.3398890Z cargo 1.97.0 (c980f4866 2026-06-30)
native (macos-latest)	Install structural audit interpreter	﻿2026-09-06T15:57:46.3641980Z Node 20 is being deprecated. This workflow is running with Node 24 by default. If you need to temporarily use Node 20, you can set the ACTIONS_ALLOW_USE_UNSECURE_NODE_VERSION=true environment variable. For more information see: https://github.blog/changelog/2025-09-19-deprecation-of-node-20-on-github-actions-runners/
native (macos-latest)	Install structural audit interpreter	2026-09-06T15:57:46.3646820Z ##[group]Run actions/setup-python@a26af69be951a213d495a4c3e4e4022e16d87065
native (macos-latest)	Install structural audit interpreter	2026-09-06T15:57:46.3661220Z with:
native (macos-latest)	Install structural audit interpreter	2026-09-06T15:57:46.3662520Z   python-version: 3.13
native (macos-latest)	Install structural audit interpreter	2026-09-06T15:57:46.3666760Z   check-latest: false
native (macos-latest)	Install structural audit interpreter	2026-09-06T15:57:46.3671180Z   token: ***
native (macos-latest)	Install structural audit interpreter	2026-09-06T15:57:46.3671970Z   update-environment: true
native (macos-latest)	Install structural audit interpreter	2026-09-06T15:57:46.3672820Z   allow-prereleases: false
native (macos-latest)	Install structural audit interpreter	2026-09-06T15:57:46.3673850Z   freethreaded: false
native (macos-latest)	Install structural audit interpreter	2026-09-06T15:57:46.3674410Z env:
native (macos-latest)	Install structural audit interpreter	2026-09-06T15:57:46.3675620Z   CARGO_TERM_COLOR: always
native (macos-latest)	Install structural audit interpreter	2026-09-06T15:57:46.3676670Z   RUSTDOCFLAGS: -D warnings
native (macos-latest)	Install structural audit interpreter	2026-09-06T15:57:46.3677800Z ##[endgroup]
native (macos-latest)	Install structural audit interpreter	2026-09-06T15:57:46.7495340Z ##[group]Installed versions
native (macos-latest)	Install structural audit interpreter	2026-09-06T15:57:46.7711280Z (node:2983) [DEP0040] DeprecationWarning: The `punycode` module is deprecated. Please use a userland alternative instead.
native (macos-latest)	Install structural audit interpreter	2026-09-06T15:57:46.7713480Z (Use `node --trace-deprecation ...` to show where the warning was created)
native (macos-latest)	Install structural audit interpreter	2026-09-06T15:57:46.7714820Z Successfully set up CPython (3.13.15)
native (macos-latest)	Install structural audit interpreter	2026-09-06T15:57:46.7716230Z ##[endgroup]
native (macos-latest)	Independent structure audit	﻿2026-09-06T15:57:46.7854820Z ##[group]Run python tools/audit/structure.py
native (macos-latest)	Independent structure audit	2026-09-06T15:57:46.7855350Z [36;1mpython tools/audit/structure.py[0m
native (macos-latest)	Independent structure audit	2026-09-06T15:57:46.7923850Z shell: /bin/bash --noprofile --norc -e -o pipefail {0}
native (macos-latest)	Independent structure audit	2026-09-06T15:57:46.7924210Z env:
native (macos-latest)	Independent structure audit	2026-09-06T15:57:46.7924490Z   CARGO_TERM_COLOR: always
native (macos-latest)	Independent structure audit	2026-09-06T15:57:46.7948520Z   RUSTDOCFLAGS: -D warnings
native (macos-latest)	Independent structure audit	2026-09-06T15:57:46.7949060Z   pythonLocation: /Users/runner/hostedtoolcache/Python/3.13.15/arm64
native (macos-latest)	Independent structure audit	2026-09-06T15:57:46.7949570Z   PKG_CONFIG_PATH: /Users/runner/hostedtoolcache/Python/3.13.15/arm64/lib/pkgconfig
native (macos-latest)	Independent structure audit	2026-09-06T15:57:46.7950020Z   Python_ROOT_DIR: /Users/runner/hostedtoolcache/Python/3.13.15/arm64
native (macos-latest)	Independent structure audit	2026-09-06T15:57:46.7950490Z   Python2_ROOT_DIR: /Users/runner/hostedtoolcache/Python/3.13.15/arm64
native (macos-latest)	Independent structure audit	2026-09-06T15:57:46.7950880Z   Python3_ROOT_DIR: /Users/runner/hostedtoolcache/Python/3.13.15/arm64
native (macos-latest)	Independent structure audit	2026-09-06T15:57:46.7951270Z ##[endgroup]
native (macos-latest)	Independent structure audit	2026-09-06T15:57:47.2756860Z {
native (macos-latest)	Independent structure audit	2026-09-06T15:57:47.2758900Z   "scope": "design-source structure only; not runtime conformance",
native (macos-latest)	Independent structure audit	2026-09-06T15:57:47.2760130Z   "sources": [
native (macos-latest)	Independent structure audit	2026-09-06T15:57:47.2761640Z     {
native (macos-latest)	Independent structure audit	2026-09-06T15:57:47.2762060Z       "path": "languages/grammar/syntax.neplg",
native (macos-latest)	Independent structure audit	2026-09-06T15:57:47.2762550Z       "form_signatures": 68
native (macos-latest)	Independent structure audit	2026-09-06T15:57:47.2762800Z     },
native (macos-latest)	Independent structure audit	2026-09-06T15:57:47.2763020Z     {
native (macos-latest)	Independent structure audit	2026-09-06T15:57:47.2763290Z       "path": "languages/doc/syntax.neplg",
native (macos-latest)	Independent structure audit	2026-09-06T15:57:47.2763610Z       "form_signatures": 32
native (macos-latest)	Independent structure audit	2026-09-06T15:57:47.2763880Z     },
native (macos-latest)	Independent structure audit	2026-09-06T15:57:47.2764130Z     {
native (macos-latest)	Independent structure audit	2026-09-06T15:57:47.2764390Z       "path": "languages/math/syntax.neplg",
native (macos-latest)	Independent structure audit	2026-09-06T15:57:47.2764710Z       "form_signatures": 29
native (macos-latest)	Independent structure audit	2026-09-06T15:57:47.2764950Z     },
native (macos-latest)	Independent structure audit	2026-09-06T15:57:47.2765170Z     {
native (macos-latest)	Independent structure audit	2026-09-06T15:57:47.2765400Z       "path": "languages/circuit/syntax.neplg",
native (macos-latest)	Independent structure audit	2026-09-06T15:57:47.2765720Z       "form_signatures": 26
native (macos-latest)	Independent structure audit	2026-09-06T15:57:47.2765970Z     },
native (macos-latest)	Independent structure audit	2026-09-06T15:57:47.2766420Z     {
native (macos-latest)	Independent structure audit	2026-09-06T15:57:47.2766740Z       "path": "examples/circuit/half-adder.neplc"
native (macos-latest)	Independent structure audit	2026-09-06T15:57:47.2767040Z     },
native (macos-latest)	Independent structure audit	2026-09-06T15:57:47.2767270Z     {
native (macos-latest)	Independent structure audit	2026-09-06T15:57:47.2767510Z       "path": "examples/circuit/instances.neplc"
native (macos-latest)	Independent structure audit	2026-09-06T15:57:47.2767810Z     },
native (macos-latest)	Independent structure audit	2026-09-06T15:57:47.2768010Z     {
native (macos-latest)	Independent structure audit	2026-09-06T15:57:47.2768250Z       "path": "examples/circuit/simultaneous.neplc"
native (macos-latest)	Independent structure audit	2026-09-06T15:57:47.2768570Z     },
native (macos-latest)	Independent structure audit	2026-09-06T15:57:47.2768760Z     {
native (macos-latest)	Independent structure audit	2026-09-06T15:57:47.2769900Z       "path": "examples/circuit/state-feedback.neplc"
native (macos-latest)	Independent structure audit	2026-09-06T15:57:47.2770250Z     },
native (macos-latest)	Independent structure audit	2026-09-06T15:57:47.2770680Z     {
native (macos-latest)	Independent structure audit	2026-09-06T15:57:47.2771000Z       "path": "examples/circuit/toggle.neplc"
native (macos-latest)	Independent structure audit	2026-09-06T15:57:47.2771560Z     },
native (macos-latest)	Independent structure audit	2026-09-06T15:57:47.2771780Z     {
native (macos-latest)	Independent structure audit	2026-09-06T15:57:47.2772020Z       "path": "examples/document/integration.nepld"
native (macos-latest)	Independent structure audit	2026-09-06T15:57:47.2772340Z     },
native (macos-latest)	Independent structure audit	2026-09-06T15:57:47.2772530Z     {
native (macos-latest)	Independent structure audit	2026-09-06T15:57:47.2772780Z       "path": "examples/document/parallel.nepld"
native (macos-latest)	Independent structure audit	2026-09-06T15:57:47.2773080Z     },
native (macos-latest)	Independent structure audit	2026-09-06T15:57:47.2773340Z     {
native (macos-latest)	Independent structure audit	2026-09-06T15:57:47.2773650Z       "path": "examples/document/prefix.nepld"
native (macos-latest)	Independent structure audit	2026-09-06T15:57:47.2774050Z     },
native (macos-latest)	Independent structure audit	2026-09-06T15:57:47.2774950Z     {
native (macos-latest)	Independent structure audit	2026-09-06T15:57:47.2775410Z       "path": "examples/document/references.nepld"
native (macos-latest)	Independent structure audit	2026-09-06T15:57:47.2775800Z     },
native (macos-latest)	Independent structure audit	2026-09-06T15:57:47.2776030Z     {
native (macos-latest)	Independent structure audit	2026-09-06T15:57:47.2776340Z       "path": "examples/document/sentence.nepld"
native (macos-latest)	Independent structure audit	2026-09-06T15:57:47.2776650Z     },
native (macos-latest)	Independent structure audit	2026-09-06T15:57:47.2776850Z     {
native (macos-latest)	Independent structure audit	2026-09-06T15:57:47.2777110Z       "path": "examples/grammar/angle-tag.neplg"
native (macos-latest)	Independent structure audit	2026-09-06T15:57:47.2777410Z     },
native (macos-latest)	Independent structure audit	2026-09-06T15:57:47.2777630Z     {
native (macos-latest)	Independent structure audit	2026-09-06T15:57:47.2777890Z       "path": "examples/grammar/binding.neplg"
native (macos-latest)	Independent structure audit	2026-09-06T15:57:47.2778180Z     },
native (macos-latest)	Independent structure audit	2026-09-06T15:57:47.2778390Z     {
native (macos-latest)	Independent structure audit	2026-09-06T15:57:47.2778630Z       "path": "examples/grammar/provider.neplg"
native (macos-latest)	Independent structure audit	2026-09-06T15:57:47.2778940Z     },
native (macos-latest)	Independent structure audit	2026-09-06T15:57:47.2780130Z     {
native (macos-latest)	Independent structure audit	2026-09-06T15:57:47.2780380Z       "path": "examples/math/binding.neplm"
native (macos-latest)	Independent structure audit	2026-09-06T15:57:47.2780690Z     },
native (macos-latest)	Independent structure audit	2026-09-06T15:57:47.2780960Z     {
native (macos-latest)	Independent structure audit	2026-09-06T15:57:47.2781260Z       "path": "examples/math/decimal.neplm"
native (macos-latest)	Independent structure audit	2026-09-06T15:57:47.2782620Z     },
native (macos-latest)	Independent structure audit	2026-09-06T15:57:47.2782940Z     {
native (macos-latest)	Independent structure audit	2026-09-06T15:57:47.2783410Z       "path": "examples/math/doc-label.neplm"
native (macos-latest)	Independent structure audit	2026-09-06T15:57:47.2783740Z     },
native (macos-latest)	Independent structure audit	2026-09-06T15:57:47.2783910Z     {
native (macos-latest)	Independent structure audit	2026-09-06T15:57:47.2784090Z       "path": "examples/math/matrix.neplm"
native (macos-latest)	Independent structure audit	2026-09-06T15:57:47.2784330Z     },
native (macos-latest)	Independent structure audit	2026-09-06T15:57:47.2784470Z     {
native (macos-latest)	Independent structure audit	2026-09-06T15:57:47.2784660Z       "path": "examples/math/notation.neplm"
native (macos-latest)	Independent structure audit	2026-09-06T15:57:47.2784930Z     },
native (macos-latest)	Independent structure audit	2026-09-06T15:57:47.2785070Z     {
native (macos-latest)	Independent structure audit	2026-09-06T15:57:47.2785250Z       "path": "examples/math/rational.neplm"
native (macos-latest)	Independent structure audit	2026-09-06T15:57:47.2785470Z     },
native (macos-latest)	Independent structure audit	2026-09-06T15:57:47.2785610Z     {
native (macos-latest)	Independent structure audit	2026-09-06T15:57:47.2785770Z       "path": "examples/math/sum.neplm"
native (macos-latest)	Independent structure audit	2026-09-06T15:57:47.2785980Z     }
native (macos-latest)	Independent structure audit	2026-09-06T15:57:47.2786120Z   ]
native (macos-latest)	Independent structure audit	2026-09-06T15:57:47.2786290Z }
native (macos-latest)	Structure audit tests	﻿2026-09-06T15:57:47.2820010Z ##[group]Run python -m unittest discover -s tools/audit -p test.py
native (macos-latest)	Structure audit tests	2026-09-06T15:57:47.2820660Z [36;1mpython -m unittest discover -s tools/audit -p test.py[0m
native (macos-latest)	Structure audit tests	2026-09-06T15:57:47.2863950Z shell: /bin/bash --noprofile --norc -e -o pipefail {0}
native (macos-latest)	Structure audit tests	2026-09-06T15:57:47.2864270Z env:
native (macos-latest)	Structure audit tests	2026-09-06T15:57:47.2864440Z   CARGO_TERM_COLOR: always
native (macos-latest)	Structure audit tests	2026-09-06T15:57:47.2864650Z   RUSTDOCFLAGS: -D warnings
native (macos-latest)	Structure audit tests	2026-09-06T15:57:47.2864930Z   pythonLocation: /Users/runner/hostedtoolcache/Python/3.13.15/arm64
native (macos-latest)	Structure audit tests	2026-09-06T15:57:47.2865430Z   PKG_CONFIG_PATH: /Users/runner/hostedtoolcache/Python/3.13.15/arm64/lib/pkgconfig
native (macos-latest)	Structure audit tests	2026-09-06T15:57:47.2865900Z   Python_ROOT_DIR: /Users/runner/hostedtoolcache/Python/3.13.15/arm64
native (macos-latest)	Structure audit tests	2026-09-06T15:57:47.2866280Z   Python2_ROOT_DIR: /Users/runner/hostedtoolcache/Python/3.13.15/arm64
native (macos-latest)	Structure audit tests	2026-09-06T15:57:47.2866680Z   Python3_ROOT_DIR: /Users/runner/hostedtoolcache/Python/3.13.15/arm64
native (macos-latest)	Structure audit tests	2026-09-06T15:57:47.2866970Z ##[endgroup]
native (macos-latest)	Structure audit tests	2026-09-06T15:57:47.5040930Z ......
native (macos-latest)	Structure audit tests	2026-09-06T15:57:47.5042150Z ----------------------------------------------------------------------
native (macos-latest)	Structure audit tests	2026-09-06T15:57:47.5043480Z Ran 6 tests in 0.001s
native (macos-latest)	Structure audit tests	2026-09-06T15:57:47.5044030Z 
native (macos-latest)	Structure audit tests	2026-09-06T15:57:47.5044370Z OK
native (macos-latest)	Format	﻿2026-09-06T15:57:47.5141180Z ##[group]Run cargo fmt --all -- --check
native (macos-latest)	Format	2026-09-06T15:57:47.5141590Z [36;1mcargo fmt --all -- --check[0m
native (macos-latest)	Format	2026-09-06T15:57:47.5171720Z shell: /bin/bash --noprofile --norc -e -o pipefail {0}
native (macos-latest)	Format	2026-09-06T15:57:47.5172010Z env:
native (macos-latest)	Format	2026-09-06T15:57:47.5172320Z   CARGO_TERM_COLOR: always
native (macos-latest)	Format	2026-09-06T15:57:47.5184190Z   RUSTDOCFLAGS: -D warnings
native (macos-latest)	Format	2026-09-06T15:57:47.5184590Z   pythonLocation: /Users/runner/hostedtoolcache/Python/3.13.15/arm64
native (macos-latest)	Format	2026-09-06T15:57:47.5185030Z   PKG_CONFIG_PATH: /Users/runner/hostedtoolcache/Python/3.13.15/arm64/lib/pkgconfig
native (macos-latest)	Format	2026-09-06T15:57:47.5185430Z   Python_ROOT_DIR: /Users/runner/hostedtoolcache/Python/3.13.15/arm64
native (macos-latest)	Format	2026-09-06T15:57:47.5185820Z   Python2_ROOT_DIR: /Users/runner/hostedtoolcache/Python/3.13.15/arm64
native (macos-latest)	Format	2026-09-06T15:57:47.5186210Z   Python3_ROOT_DIR: /Users/runner/hostedtoolcache/Python/3.13.15/arm64
native (macos-latest)	Format	2026-09-06T15:57:47.5186510Z ##[endgroup]
native (macos-latest)	Clippy	﻿2026-09-06T15:57:48.0120790Z ##[group]Run cargo clippy --workspace --all-targets --locked -- -D warnings
native (macos-latest)	Clippy	2026-09-06T15:57:48.0121310Z [36;1mcargo clippy --workspace --all-targets --locked -- -D warnings[0m
native (macos-latest)	Clippy	2026-09-06T15:57:48.0155270Z shell: /bin/bash --noprofile --norc -e -o pipefail {0}
native (macos-latest)	Clippy	2026-09-06T15:57:48.0155580Z env:
native (macos-latest)	Clippy	2026-09-06T15:57:48.0155780Z   CARGO_TERM_COLOR: always
native (macos-latest)	Clippy	2026-09-06T15:57:48.0155980Z   RUSTDOCFLAGS: -D warnings
native (macos-latest)	Clippy	2026-09-06T15:57:48.0156280Z   pythonLocation: /Users/runner/hostedtoolcache/Python/3.13.15/arm64
native (macos-latest)	Clippy	2026-09-06T15:57:48.0156720Z   PKG_CONFIG_PATH: /Users/runner/hostedtoolcache/Python/3.13.15/arm64/lib/pkgconfig
native (macos-latest)	Clippy	2026-09-06T15:57:48.0157180Z   Python_ROOT_DIR: /Users/runner/hostedtoolcache/Python/3.13.15/arm64
native (macos-latest)	Clippy	2026-09-06T15:57:48.0157610Z   Python2_ROOT_DIR: /Users/runner/hostedtoolcache/Python/3.13.15/arm64
native (macos-latest)	Clippy	2026-09-06T15:57:48.0158020Z   Python3_ROOT_DIR: /Users/runner/hostedtoolcache/Python/3.13.15/arm64
native (macos-latest)	Clippy	2026-09-06T15:57:48.0158420Z ##[endgroup]
native (macos-latest)	Clippy	2026-09-06T15:57:48.2805840Z [1m[92m    Updating[0m crates.io index
native (macos-latest)	Clippy	2026-09-06T15:57:48.5636460Z [1m[92m Downloading[0m crates ...
native (macos-latest)	Clippy	2026-09-06T15:57:48.6249840Z [1m[92m  Downloaded[0m cpufeatures v0.3.1
native (macos-latest)	Clippy	2026-09-06T15:57:48.6344420Z [1m[92m  Downloaded[0m bitflags v2.13.1
native (macos-latest)	Clippy	2026-09-06T15:57:48.6559520Z [1m[92m  Downloaded[0m block-buffer v0.12.1
native (macos-latest)	Clippy	2026-09-06T15:57:48.6585690Z [1m[92m  Downloaded[0m crypto-common v0.2.2
native (macos-latest)	Clippy	2026-09-06T15:57:48.6610140Z [1m[92m  Downloaded[0m itoa v1.0.18
native (macos-latest)	Clippy	2026-09-06T15:57:48.6703880Z [1m[92m  Downloaded[0m cfg-if v1.0.4
native (macos-latest)	Clippy	2026-09-06T15:57:48.6715100Z [1m[92m  Downloaded[0m quote v1.0.47
native (macos-latest)	Clippy	2026-09-06T15:57:48.6865400Z [1m[92m  Downloaded[0m digest v0.11.3
native (macos-latest)	Clippy	2026-09-06T15:57:48.6949170Z [1m[92m  Downloaded[0m zmij v1.0.23
native (macos-latest)	Clippy	2026-09-06T15:57:48.7016460Z [1m[92m  Downloaded[0m num-integer v0.1.47
native (macos-latest)	Clippy	2026-09-06T15:57:48.7065840Z [1m[92m  Downloaded[0m sha2 v0.11.0
native (macos-latest)	Clippy	2026-09-06T15:57:48.7145710Z [1m[92m  Downloaded[0m unicase v2.9.0
native (macos-latest)	Clippy	2026-09-06T15:57:48.7181840Z [1m[92m  Downloaded[0m autocfg v1.5.1
native (macos-latest)	Clippy	2026-09-06T15:57:48.7240120Z [1m[92m  Downloaded[0m hybrid-array v0.4.14
native (macos-latest)	Clippy	2026-09-06T15:57:48.7294570Z [1m[92m  Downloaded[0m serde_derive v1.0.229
native (macos-latest)	Clippy	2026-09-06T15:57:48.7393900Z [1m[92m  Downloaded[0m unicode-ident v1.0.18
native (macos-latest)	Clippy	2026-09-06T15:57:48.7460320Z [1m[92m  Downloaded[0m num-traits v0.2.19
native (macos-latest)	Clippy	2026-09-06T15:57:48.7512700Z [1m[92m  Downloaded[0m proc-macro2 v1.0.107
native (macos-latest)	Clippy	2026-09-06T15:57:48.7571900Z [1m[92m  Downloaded[0m serde_core v1.0.229
native (macos-latest)	Clippy	2026-09-06T15:57:48.7636030Z [1m[92m  Downloaded[0m memchr v2.8.3
native (macos-latest)	Clippy	2026-09-06T15:57:48.7828130Z [1m[92m  Downloaded[0m serde v1.0.229
native (macos-latest)	Clippy	2026-09-06T15:57:48.7892190Z [1m[92m  Downloaded[0m num-bigint v0.4.8
native (macos-latest)	Clippy	2026-09-06T15:57:48.8003350Z [1m[92m  Downloaded[0m typenum v1.20.1
native (macos-latest)	Clippy	2026-09-06T15:57:48.8061930Z [1m[92m  Downloaded[0m pulldown-cmark v0.13.4
native (macos-latest)	Clippy	2026-09-06T15:57:48.8208470Z [1m[92m  Downloaded[0m serde_json v1.0.151
native (macos-latest)	Clippy	2026-09-06T15:57:48.8378990Z [1m[92m  Downloaded[0m syn v3.0.5
native (macos-latest)	Clippy	2026-09-06T15:57:48.8655030Z [1m[92m  Downloaded[0m libc v0.2.189
native (macos-latest)	Clippy	2026-09-06T15:57:49.0201710Z [1m[92m   Compiling[0m autocfg v1.5.1
native (macos-latest)	Clippy	2026-09-06T15:57:49.0207090Z [1m[92m    Checking[0m typenum v1.20.1
native (macos-latest)	Clippy	2026-09-06T15:57:49.0208300Z [1m[92m   Compiling[0m libc v0.2.189
native (macos-latest)	Clippy	2026-09-06T15:57:49.8025650Z [1m[92m   Compiling[0m num-traits v0.2.19
native (macos-latest)	Clippy	2026-09-06T15:57:50.2470170Z [1m[92m    Checking[0m hybrid-array v0.4.14
native (macos-latest)	Clippy	2026-09-06T15:57:50.6798080Z [1m[92m    Checking[0m block-buffer v0.12.1
native (macos-latest)	Clippy	2026-09-06T15:57:50.7928970Z [1m[92m    Checking[0m crypto-common v0.2.2
native (macos-latest)	Clippy	2026-09-06T15:57:51.4062990Z [1m[92m    Checking[0m digest v0.11.3
native (macos-latest)	Clippy	2026-09-06T15:57:51.4770340Z [1m[92m    Checking[0m cfg-if v1.0.4
native (macos-latest)	Clippy	2026-09-06T15:57:51.4972270Z [1m[92m   Compiling[0m proc-macro2 v1.0.107
native (macos-latest)	Clippy	2026-09-06T15:57:54.3395850Z [1m[92m   Compiling[0m unicode-ident v1.0.18
native (macos-latest)	Clippy	2026-09-06T15:57:54.4934170Z [1m[92m   Compiling[0m quote v1.0.47
native (macos-latest)	Clippy	2026-09-06T15:57:54.7889680Z [1m[92m    Checking[0m cpufeatures v0.3.1
native (macos-latest)	Clippy	2026-09-06T15:57:54.8441790Z [1m[92m    Checking[0m sha2 v0.11.0
native (macos-latest)	Clippy	2026-09-06T15:57:54.9140160Z [1m[92m    Checking[0m num-integer v0.1.47
native (macos-latest)	Clippy	2026-09-06T15:57:55.0867560Z [1m[92m    Checking[0m num-bigint v0.4.8
native (macos-latest)	Clippy	2026-09-06T15:57:55.3429260Z [1m[92m   Compiling[0m serde_core v1.0.229
native (macos-latest)	Clippy	2026-09-06T15:57:55.6378030Z [1m[92m   Compiling[0m zmij v1.0.23
native (macos-latest)	Clippy	2026-09-06T15:57:55.8530940Z [1m[92m   Compiling[0m syn v3.0.5
native (macos-latest)	Clippy	2026-09-06T15:57:55.9497520Z [1m[92m    Checking[0m nepl3-core v0.1.0 (/Users/runner/work/NEPL3/NEPL3/crates/foundation/core)
native (macos-latest)	Clippy	2026-09-06T15:57:56.9781210Z [1m[92m    Checking[0m nepl3-wire v0.1.0 (/Users/runner/work/NEPL3/NEPL3/crates/foundation/wire)
native (macos-latest)	Clippy	2026-09-06T15:57:57.3721760Z [1m[92m   Compiling[0m serde_json v1.0.151
native (macos-latest)	Clippy	2026-09-06T15:57:57.5132810Z [1m[92m   Compiling[0m serde v1.0.229
native (macos-latest)	Clippy	2026-09-06T15:57:57.5456500Z [1m[92m   Compiling[0m pulldown-cmark v0.13.4
native (macos-latest)	Clippy	2026-09-06T15:57:57.6753630Z [1m[92m    Checking[0m memchr v2.8.3
native (macos-latest)	Clippy	2026-09-06T15:57:58.0209250Z [1m[92m    Checking[0m unicase v2.9.0
native (macos-latest)	Clippy	2026-09-06T15:57:58.0728750Z [1m[92m    Checking[0m bitflags v2.13.1
native (macos-latest)	Clippy	2026-09-06T15:57:58.1497110Z [1m[92m   Compiling[0m serde_derive v1.0.229
native (macos-latest)	Clippy	2026-09-06T15:57:58.1613910Z [1m[92m    Checking[0m itoa v1.0.18
native (macos-latest)	Clippy	2026-09-06T15:57:58.7790570Z [1m[92m    Checking[0m nepl3-reader v0.1.0 (/Users/runner/work/NEPL3/NEPL3/crates/foundation/reader)
native (macos-latest)	Clippy	2026-09-06T15:58:00.8594820Z [1m[92m    Checking[0m nepl3-tools v0.1.0 (/Users/runner/work/NEPL3/NEPL3/tools)
native (macos-latest)	Clippy	2026-09-06T15:58:03.0607940Z [1m[92m    Finished[0m `dev` profile [unoptimized + debuginfo] target(s) in 14.90s
native (macos-latest)	Tests	﻿2026-09-06T15:58:03.1164540Z ##[group]Run cargo test --workspace --locked
native (macos-latest)	Tests	2026-09-06T15:58:03.1165970Z [36;1mcargo test --workspace --locked[0m
native (macos-latest)	Tests	2026-09-06T15:58:03.1289020Z shell: /bin/bash --noprofile --norc -e -o pipefail {0}
native (macos-latest)	Tests	2026-09-06T15:58:03.1289450Z env:
native (macos-latest)	Tests	2026-09-06T15:58:03.1289680Z   CARGO_TERM_COLOR: always
native (macos-latest)	Tests	2026-09-06T15:58:03.1289960Z   RUSTDOCFLAGS: -D warnings
native (macos-latest)	Tests	2026-09-06T15:58:03.1290370Z   pythonLocation: /Users/runner/hostedtoolcache/Python/3.13.15/arm64
native (macos-latest)	Tests	2026-09-06T15:58:03.1290880Z   PKG_CONFIG_PATH: /Users/runner/hostedtoolcache/Python/3.13.15/arm64/lib/pkgconfig
native (macos-latest)	Tests	2026-09-06T15:58:03.1291450Z   Python_ROOT_DIR: /Users/runner/hostedtoolcache/Python/3.13.15/arm64
native (macos-latest)	Tests	2026-09-06T15:58:03.1292010Z   Python2_ROOT_DIR: /Users/runner/hostedtoolcache/Python/3.13.15/arm64
native (macos-latest)	Tests	2026-09-06T15:58:03.1292450Z   Python3_ROOT_DIR: /Users/runner/hostedtoolcache/Python/3.13.15/arm64
native (macos-latest)	Tests	2026-09-06T15:58:03.1292870Z ##[endgroup]
native (macos-latest)	Tests	2026-09-06T15:58:03.4076090Z [1m[92m   Compiling[0m typenum v1.20.1
native (macos-latest)	Tests	2026-09-06T15:58:03.4086480Z [1m[92m   Compiling[0m num-traits v0.2.19
native (macos-latest)	Tests	2026-09-06T15:58:03.4102140Z [1m[92m   Compiling[0m libc v0.2.189
native (macos-latest)	Tests	2026-09-06T15:58:03.9589700Z [1m[92m   Compiling[0m num-integer v0.1.47
native (macos-latest)	Tests	2026-09-06T15:58:04.0210950Z [1m[92m   Compiling[0m cpufeatures v0.3.1
native (macos-latest)	Tests	2026-09-06T15:58:04.1193040Z [1m[92m   Compiling[0m cfg-if v1.0.4
native (macos-latest)	Tests	2026-09-06T15:58:04.1498400Z [1m[92m   Compiling[0m unicode-ident v1.0.18
native (macos-latest)	Tests	2026-09-06T15:58:04.2499200Z [1m[92m   Compiling[0m num-bigint v0.4.8
native (macos-latest)	Tests	2026-09-06T15:58:04.2603920Z [1m[92m   Compiling[0m proc-macro2 v1.0.107
native (macos-latest)	Tests	2026-09-06T15:58:04.3251460Z [1m[92m   Compiling[0m hybrid-array v0.4.14
native (macos-latest)	Tests	2026-09-06T15:58:04.7354070Z [1m[92m   Compiling[0m block-buffer v0.12.1
native (macos-latest)	Tests	2026-09-06T15:58:04.7559000Z [1m[92m   Compiling[0m crypto-common v0.2.2
native (macos-latest)	Tests	2026-09-06T15:58:04.8430550Z [1m[92m   Compiling[0m quote v1.0.47
native (macos-latest)	Tests	2026-09-06T15:58:05.0182550Z [1m[92m   Compiling[0m syn v3.0.5
native (macos-latest)	Tests	2026-09-06T15:58:05.5954720Z [1m[92m   Compiling[0m digest v0.11.3
native (macos-latest)	Tests	2026-09-06T15:58:05.6954390Z [1m[92m   Compiling[0m sha2 v0.11.0
native (macos-latest)	Tests	2026-09-06T15:58:05.7602400Z [1m[92m   Compiling[0m serde_core v1.0.229
native (macos-latest)	Tests	2026-09-06T15:58:06.4380200Z [1m[92m   Compiling[0m nepl3-core v0.1.0 (/Users/runner/work/NEPL3/NEPL3/crates/foundation/core)
native (macos-latest)	Tests	2026-09-06T15:58:07.1316870Z [1m[92m   Compiling[0m memchr v2.8.3
native (macos-latest)	Tests	2026-09-06T15:58:07.5933670Z [1m[92m   Compiling[0m nepl3-wire v0.1.0 (/Users/runner/work/NEPL3/NEPL3/crates/foundation/wire)
native (macos-latest)	Tests	2026-09-06T15:58:07.7341830Z [1m[92m   Compiling[0m serde_derive v1.0.229
native (macos-latest)	Tests	2026-09-06T15:58:08.9152500Z [1m[92m   Compiling[0m zmij v1.0.23
native (macos-latest)	Tests	2026-09-06T15:58:09.2547180Z [1m[92m   Compiling[0m itoa v1.0.18
native (macos-latest)	Tests	2026-09-06T15:58:09.3776260Z [1m[92m   Compiling[0m unicase v2.9.0
native (macos-latest)	Tests	2026-09-06T15:58:09.4365480Z [1m[92m   Compiling[0m bitflags v2.13.1
native (macos-latest)	Tests	2026-09-06T15:58:09.5660070Z [1m[92m   Compiling[0m serde_json v1.0.151
native (macos-latest)	Tests	2026-09-06T15:58:09.6651240Z [1m[92m   Compiling[0m pulldown-cmark v0.13.4
native (macos-latest)	Tests	2026-09-06T15:58:11.0005770Z [1m[92m   Compiling[0m serde v1.0.229
native (macos-latest)	Tests	2026-09-06T15:58:11.4388390Z [1m[92m   Compiling[0m nepl3-reader v0.1.0 (/Users/runner/work/NEPL3/NEPL3/crates/foundation/reader)
native (macos-latest)	Tests	2026-09-06T15:58:11.8272630Z [1m[92m   Compiling[0m nepl3-tools v0.1.0 (/Users/runner/work/NEPL3/NEPL3/tools)
native (macos-latest)	Tests	2026-09-06T15:58:21.4312190Z [1m[92m    Finished[0m `test` profile [unoptimized + debuginfo] target(s) in 18.14s
native (macos-latest)	Tests	2026-09-06T15:58:21.4449420Z [1m[92m     Running[0m unittests src/lib.rs (target/debug/deps/nepl3_core-62cf1458666d12b5)
native (macos-latest)	Tests	2026-09-06T15:58:21.4499370Z 
native (macos-latest)	Tests	2026-09-06T15:58:21.4500450Z running 0 tests
native (macos-latest)	Tests	2026-09-06T15:58:21.4500940Z 
native (macos-latest)	Tests	2026-09-06T15:58:21.4501950Z test result: ok. 0 passed; 0 failed; 0 ignored; 0 measured; 0 filtered out; finished in 0.00s
native (macos-latest)	Tests	2026-09-06T15:58:21.4503230Z 
native (macos-latest)	Tests	2026-09-06T15:58:21.4505340Z [1m[92m     Running[0m tests/contracts.rs (target/debug/deps/contracts-e34d7865d8ed2c56)
native (macos-latest)	Tests	2026-09-06T15:58:21.4543650Z 
native (macos-latest)	Tests	2026-09-06T15:58:21.4545790Z running 17 tests
native (macos-latest)	Tests	2026-09-06T15:58:21.4550650Z test budget_exact_limits_overflow_zero_and_cancel_are_distinct ... ok
native (macos-latest)	Tests	2026-09-06T15:58:21.4555830Z test canonical_integers_reject_negative_zero_and_leading_zero ... ok
native (macos-latest)	Tests	2026-09-06T15:58:21.4556730Z test edit_size_limit_checked_before_replacement_is_built ... ok
native (macos-latest)	Tests	2026-09-06T15:58:21.4557280Z test first_budget_stop_is_sticky_across_smaller_charges_and_cancellation ... ok
native (macos-latest)	Tests	2026-09-06T15:58:21.4557770Z test line_index_allocation_limit_is_enforced ... ok
native (macos-latest)	Tests	2026-09-06T15:58:21.4558180Z test line_positions_roundtrip_unicode_and_all_line_endings ... ok
native (macos-latest)	Tests	2026-09-06T15:58:21.4558710Z test locator_profile_is_checked_without_os_or_scheme_normalization ... ok
native (macos-latest)	Tests	2026-09-06T15:58:21.4559390Z test edits_are_atomic_across_sources_and_reject_stale_or_conflicting_input ... ok
native (macos-latest)	Tests	2026-09-06T15:58:21.4560010Z test nested_budget_retains_work_and_peak_depth_after_failed_branch ... ok
native (macos-latest)	Tests	2026-09-06T15:58:21.4560660Z test rational_constructors_normalize_native_but_reject_noncanonical_wire ... ok
native (macos-latest)	Tests	2026-09-06T15:58:21.4561180Z test source_admission_charges_unique_snapshots_once_across_shared_calls ... ok
native (macos-latest)	Tests	2026-09-06T15:58:21.4561780Z test source_admission_rejects_locator_changes_for_same_snapshot_identity ... ok
native (macos-latest)	Tests	2026-09-06T15:58:21.4562290Z test source_limits_precede_decode_and_decode_does_not_replace_bytes ... ok
native (macos-latest)	Tests	2026-09-06T15:58:21.4562790Z test source_digest_is_sha256_of_exact_original_bytes ... ok
native (macos-latest)	Tests	2026-09-06T15:58:21.4563210Z test admission_accounts_for_copied_locator_payload ... ok
native (macos-latest)	Tests	2026-09-06T15:58:21.4563700Z test span_rejects_scalar_interiors_bounds_and_other_identity ... ok
native (macos-latest)	Tests	2026-09-06T15:58:21.4564340Z test store_preserves_distinct_ids_at_same_uri_and_rejects_conflicting_revision ... ok
native (macos-latest)	Tests	2026-09-06T15:58:21.4564620Z 
native (macos-latest)	Tests	2026-09-06T15:58:21.4564910Z test result: ok. 17 passed; 0 failed; 0 ignored; 0 measured; 0 filtered out; finished in 0.00s
native (macos-latest)	Tests	2026-09-06T15:58:21.4565340Z 
native (macos-latest)	Tests	2026-09-06T15:58:21.4565770Z [1m[92m     Running[0m tests/structure.rs (target/debug/deps/structure-5a331876cca10654)
native (macos-latest)	Tests	2026-09-06T15:58:21.4602960Z 
native (macos-latest)	Tests	2026-09-06T15:58:21.4609170Z running 20 tests
native (macos-latest)	Tests	2026-09-06T15:58:21.4633310Z test canonical_json_escapes_controls_without_unicode_normalization ... ok
native (macos-latest)	Tests	2026-09-06T15:58:21.4635360Z test descriptor_canonical_json_has_independently_specified_field_order ... ok
native (macos-latest)	Tests	2026-09-06T15:58:21.4638660Z test empty_anchor_cycles_and_transformed_relations_are_checked ... ok
native (macos-latest)	Tests	2026-09-06T15:58:21.4640160Z test descriptor_map_order_is_irrelevant_but_duplicates_are_rejected ... ok
native (macos-latest)	Tests	2026-09-06T15:58:21.4641820Z test forward_overlap_is_acyclic_and_map_budget_failure_does_not_insert ... ok
native (macos-latest)	Tests	2026-09-06T15:58:21.4644120Z test imported_origin_graph_honors_zero_nodes_and_depth_limits ... ok
native (macos-latest)	Tests	2026-09-06T15:58:21.4645600Z test inverse_refuses_transformed_and_ambiguous_mappings ... ok
native (macos-latest)	Tests	2026-09-06T15:58:21.4655250Z test imported_origin_graph_rejects_cycles_unknown_refs_and_missing_source ... ok
native (macos-latest)	Tests	2026-09-06T15:58:21.4655880Z test local_kind_ids_are_canonical_across_descriptor_input_order ... ok
native (macos-latest)	Tests	2026-09-06T15:58:21.4656350Z test registry_rejects_wrong_digest_and_unknown_unused_references ... ok
native (macos-latest)	Tests	2026-09-06T15:58:21.4656890Z test registry_accepts_mutual_symbolic_references_then_seals_them ... ok
native (macos-latest)	Tests	2026-09-06T15:58:21.4657380Z test report_candidate_rollback_discards_facts_without_refunding_budget ... ok
native (macos-latest)	Tests	2026-09-06T15:58:21.4657950Z test report_diagnostic_limit_has_no_fabricated_global_message ... ok
native (macos-latest)	Tests	2026-09-06T15:58:21.4658410Z test report_storage_obeys_allocation_budget ... ok
native (macos-latest)	Tests	2026-09-06T15:58:21.4658920Z test report_zero_event_capacity_keeps_one_typed_overflow_and_stop ... ok
native (macos-latest)	Tests	2026-09-06T15:58:21.4659470Z test source_map_checks_composable_interval_cycles_not_snapshot_cycles ... ok
native (macos-latest)	Tests	2026-09-06T15:58:21.4660010Z test structural_boundary_checks_field_count_kind_intrinsic_subset_and_negative_natural ... ok
native (macos-latest)	Tests	2026-09-06T15:58:21.4660630Z test validator_and_descriptor_depth_share_parent_budget_and_peak ... ok
native (macos-latest)	Tests	2026-09-06T15:58:21.5026620Z test rejected_deep_descriptor_is_safe_to_clone_compare_debug_and_drop ... ok
native (macos-latest)	Tests	2026-09-06T15:58:21.5063030Z test deeply_nested_value_cleanup_uses_no_recursive_drop_chain ... ok
native (macos-latest)	Tests	2026-09-06T15:58:21.5064230Z 
native (macos-latest)	Tests	2026-09-06T15:58:21.5065120Z test result: ok. 20 passed; 0 failed; 0 ignored; 0 measured; 0 filtered out; finished in 0.05s
native (macos-latest)	Tests	2026-09-06T15:58:21.5069070Z [1m[92m     Running[0m tests/syntax.rs (target/debug/deps/syntax-3af7d9adbe36c601)
native (macos-latest)	Tests	2026-09-06T15:58:21.5070010Z 
native (macos-latest)	Tests	2026-09-06T15:58:21.5111930Z 
native (macos-latest)	Tests	2026-09-06T15:58:21.5117920Z running 8 tests
native (macos-latest)	Tests	2026-09-06T15:58:21.5118510Z test foreign_ids_are_local_but_environment_and_root_must_match ... ok
native (macos-latest)	Tests	2026-09-06T15:58:21.5119120Z test source_child_cover_must_follow_head_and_stay_in_parent ... ok
native (macos-latest)	Tests	2026-09-06T15:58:21.5119720Z test syntax_graph_checks_all_refs_and_cycles_while_allowing_shared_children ... ok
native (macos-latest)	Tests	2026-09-06T15:58:21.5120430Z test token_internal_view_is_sidecar_and_trivia_retains_bom_bytes ... ok
native (macos-latest)	Tests	2026-09-06T15:58:21.5121010Z test token_owns_even_unreachable_view_elements ... ok
native (macos-latest)	Tests	2026-09-06T15:58:21.5121530Z test view_child_edges_are_acyclic_but_semantic_relation_cycles_are_allowed ... ok
native (macos-latest)	Tests	2026-09-06T15:58:21.5131460Z test foreign_nesting_adds_to_containing_node_path_depth ... ok
native (macos-latest)	Tests	2026-09-06T15:58:21.5467730Z test deeply_nested_foreign_bundle_cleanup_is_iterative ... ok
native (macos-latest)	Tests	2026-09-06T15:58:21.5469070Z 
native (macos-latest)	Tests	2026-09-06T15:58:21.5469790Z test result: ok. 8 passed; 0 failed; 0 ignored; 0 measured; 0 filtered out; finished in 0.04s
native (macos-latest)	Tests	2026-09-06T15:58:21.5470800Z 
native (macos-latest)	Tests	2026-09-06T15:58:21.5472000Z [1m[92m     Running[0m unittests src/lib.rs (target/debug/deps/nepl3_reader-f1f11b4d1de696e0)
native (macos-latest)	Tests	2026-09-06T15:58:21.5529810Z 
native (macos-latest)	Tests	2026-09-06T15:58:21.5531330Z running 0 tests
native (macos-latest)	Tests	2026-09-06T15:58:21.5531890Z 
native (macos-latest)	Tests	2026-09-06T15:58:21.5532330Z test result: ok. 0 passed; 0 failed; 0 ignored; 0 measured; 0 filtered out; finished in 0.00s
native (macos-latest)	Tests	2026-09-06T15:58:21.5535150Z [1m[92m     Running[0m tests/context.rs (target/debug/deps/context-1c35971b63cc3393)
native (macos-latest)	Tests	2026-09-06T15:58:21.5536010Z 
native (macos-latest)	Tests	2026-09-06T15:58:21.5578680Z 
native (macos-latest)	Tests	2026-09-06T15:58:21.5582640Z running 1 test
native (macos-latest)	Tests	2026-09-06T15:58:21.5611740Z test checked_context_uses_real_digest_and_exact_origin_source_closure ... ok
native (macos-latest)	Tests	2026-09-06T15:58:21.5612620Z 
native (macos-latest)	Tests	2026-09-06T15:58:21.5613290Z test result: ok. 1 passed; 0 failed; 0 ignored; 0 measured; 0 filtered out; finished in 0.00s
native (macos-latest)	Tests	2026-09-06T15:58:21.5614100Z 
native (macos-latest)	Tests	2026-09-06T15:58:21.5616000Z [1m[92m     Running[0m tests/portable.rs (target/debug/deps/portable-ace7125116f46c19)
native (macos-latest)	Tests	2026-09-06T15:58:21.5671110Z 
native (macos-latest)	Tests	2026-09-06T15:58:21.5672370Z running 2 tests
native (macos-latest)	Tests	2026-09-06T15:58:21.5784350Z test native_request_and_checked_ndf_loopback_execute_with_identical_meaning ... ok
native (macos-latest)	Tests	2026-09-06T15:58:21.5894300Z [1m[92m     Running[0m tests/runtime.rs (target/debug/deps/runtime-8c41afd8f8f34993)
native (macos-latest)	Tests	2026-09-06T15:58:21.5894960Z test host_global_source_cannot_fill_a_missing_request_declaration ... ok
native (macos-latest)	Tests	2026-09-06T15:58:21.5997110Z 
native (macos-latest)	Tests	2026-09-06T15:58:21.6101370Z test result: ok. 2 passed; 0 failed; 0 ignored; 0 measured; 0 filtered out; finished in 0.01s
native (macos-latest)	Tests	2026-09-06T15:58:21.6218000Z 
native (macos-latest)	Tests	2026-09-06T15:58:21.6328640Z 
native (macos-latest)	Tests	2026-09-06T15:58:21.6434080Z running 24 tests
native (macos-latest)	Tests	2026-09-06T15:58:21.6535790Z test cancellation_during_provider_wait_stops_and_consumes_the_pending_slot ... ok
native (macos-latest)	Tests	2026-09-06T15:58:21.6638160Z test bounded_repeat_zero_never_executes_nullable_body ... ok
native (macos-latest)	Tests	2026-09-06T15:58:21.6740830Z test checked_context_reuse_admits_exact_source_closure_in_each_operation ... ok
native (macos-latest)	Tests	2026-09-06T15:58:21.6843100Z test choice_rewinds_captures_views_and_retains_work ... ok
native (macos-latest)	Tests	2026-09-06T15:58:21.6944880Z test checked_context_reuse_rejects_same_id_revision_with_changed_content ... ok
native (macos-latest)	Tests	2026-09-06T15:58:21.7046930Z [1m[92m     Running[0m unittests src/lib.rs (target/debug/deps/nepl3_tools-93c9304fb131a658)
native (macos-latest)	Tests	2026-09-06T15:58:21.7047630Z test commit_does_not_hide_failure_or_need_more_in_choice ... ok
native (macos-latest)	Tests	2026-09-06T15:58:21.7154180Z test every_utf8_prefix_split_is_need_more_and_final_truncation_is_no_match ... ok
native (macos-latest)	Tests	2026-09-06T15:58:21.7274390Z test direct_repeat_failure_and_streaming_shortage_rollback_all_prior_iteration_reports ... ok
native (macos-latest)	Tests	2026-09-06T15:58:21.7390070Z test fresh_budget_and_forged_call_or_source_cannot_resume_a_saved_slot ... ok
native (macos-latest)	Tests	2026-09-06T15:58:21.7504040Z test failed_choice_restores_programmed_state_before_next_provider_call ... ok
native (macos-latest)	Tests	2026-09-06T15:58:21.7606720Z test long_source_identity_is_not_copied_after_allocation_budget_is_exhausted ... ok
native (macos-latest)	Tests	2026-09-06T15:58:21.7712060Z test generated_sources_are_validated_transactionally_and_available_to_diagnostics ... ok
native (macos-latest)	Tests	2026-09-06T15:58:21.7823640Z test node_sidecar_and_look_not_optional_discard_have_independent_values ... ok
native (macos-latest)	Tests	2026-09-06T15:58:21.7927540Z test map_decode_and_then_use_typed_provider_envelopes ... ok
native (macos-latest)	Tests	2026-09-06T15:58:21.8031750Z test allocation_faults_across_later_resumes_preserve_already_accepted_reports ... ok
native (macos-latest)	Tests	2026-09-06T15:58:21.8139370Z test programmed_repetition_requires_actual_consumption_and_accepts_consuming_calls ... ok
native (macos-latest)	Tests	2026-09-06T15:58:21.8270260Z test provider_signature_checks_operation_envelope_and_pure_decoder ... ok
native (macos-latest)	Tests	2026-09-06T15:58:21.8388340Z test runtime_rejects_left_recursion_hidden_behind_empty_programmed_call ... ok
native (macos-latest)	Tests	2026-09-06T15:58:21.8474070Z test plan_identity_is_deterministic_but_distinguishes_arena_representation ... ok
native (macos-latest)	Tests	2026-09-06T15:58:21.8475100Z test session_binds_call_source_plan_usage_and_closes_after_consumed_resume ... ok
native (macos-latest)	Tests	2026-09-06T15:58:21.8478730Z test unicode_classes_use_pinned_unicode16_and_ascii_numeric_rules ... ok
native (macos-latest)	Tests	2026-09-06T15:58:21.8481300Z test static_plan_rejects_unknown_references_types_and_unproductive_recursion ... ok
native (macos-latest)	Tests	2026-09-06T15:58:21.8482920Z test until_leaves_delimiter_and_takecount_counts_scalars ... ok
native (macos-latest)	Tests	2026-09-06T15:58:21.8483540Z test stopped_reader_retains_committed_provider_reports ... ok
native (macos-latest)	Tests	2026-09-06T15:58:21.8483950Z 
native (macos-latest)	Tests	2026-09-06T15:58:21.8484270Z test result: ok. 24 passed; 0 failed; 0 ignored; 0 measured; 0 filtered out; finished in 0.12s
native (macos-latest)	Tests	2026-09-06T15:58:21.8484780Z 
native (macos-latest)	Tests	2026-09-06T15:58:21.8484790Z 
native (macos-latest)	Tests	2026-09-06T15:58:21.8484930Z running 55 tests
native (macos-latest)	Tests	2026-09-06T15:58:21.8487770Z test contract::foundation::tests::generated_foundation_is_registered_and_checks_ordinary_schema_ref_records ... ok
native (macos-latest)	Tests	2026-09-06T15:58:21.8488540Z test contract::foundation::tests::checker_rejects_changed_foundation_descriptor_before_registry_use ... ok
native (macos-latest)	Tests	2026-09-06T15:58:21.8489350Z test contract::reader::tests::reader_envelope_reference_closure_rejects_nested_missing_type ... ok
native (macos-latest)	Tests	2026-09-06T15:58:21.8490050Z test contract::tests::real_contract_checker_uses_same_validation_for_model_fields ... ok
native (macos-latest)	Tests	2026-09-06T15:58:21.8490840Z test contract::tests::unknown_form_reference_is_rejected ... ok
native (macos-latest)	Tests	2026-09-06T15:58:21.8491330Z test contract::tests::unordered_or_duplicate_schema_fields_are_rejected ... ok
native (macos-latest)	Tests	2026-09-06T15:58:21.8492180Z test contract::types::tests::intrinsic_tags_payload_order_and_subset_membership_are_fixed_by_ndf1 ... ok
native (macos-latest)	Tests	2026-09-06T15:58:21.8492810Z test contract::types::tests::missing_or_description_only_intrinsic_is_not_a_closed_type ... ok
native (macos-latest)	Tests	2026-09-06T15:58:21.8494030Z test contract::types::tests::parses_nested_types_and_rejects_unknown_or_malformed_generics ... ok
native (macos-latest)	Tests	2026-09-06T15:58:21.8494660Z test contract::types::tests::rejects_missing_duplicate_or_local_external_imports_and_duplicate_owners ... ok
native (macos-latest)	Tests	2026-09-06T15:58:21.8495420Z test contract::types::tests::rejects_unresolved_nested_fields_union_targets_and_undeclared_parameters ... ok
native (macos-latest)	Tests	2026-09-06T15:58:21.8496140Z test contract::tests::real_contract_checker_rejects_malformed_contract_fields_and_variant_payloads ... ok
native (macos-latest)	Tests	2026-09-06T15:58:21.8496710Z test dependency::tests::development_edges_are_reported_separately ... ok
native (macos-latest)	Tests	2026-09-06T15:58:21.8497220Z test dependency::tests::indirect_domain_dependency_is_rejected ... ok
native (macos-latest)	Tests	2026-09-06T15:58:21.8497770Z test dependency::tests::production_host_boundary_does_not_depend_on_no_std_flag ... ok
native (macos-latest)	Tests	2026-09-06T15:58:21.8498440Z test dependency::tests::renamed_build_dependency_is_checked_by_package_name ... ok
native (macos-latest)	Tests	2026-09-06T15:58:21.8499080Z test contract::types::tests::repository_descriptors_resolve_including_recursive_intrinsics_and_models ... ok
native (macos-latest)	Tests	2026-09-06T15:58:21.8548610Z test documentation::markdown::tests::footnote_markers_are_preserved_without_inventing_rendered_numbers ... ok
native (macos-latest)	Tests	2026-09-06T15:58:21.8558760Z test documentation::markdown::tests::generic_notation_is_literal_code_and_generated_comments_are_metadata ... ok
native (macos-latest)	Tests	2026-09-06T15:58:21.8561460Z test documentation::markdown::tests::hard_break_is_the_same_typed_newline_in_setext_heading_and_link ... ok
native (macos-latest)	Tests	2026-09-06T15:58:21.8563590Z test documentation::markdown::tests::heading_and_link_projection_keep_both_math_event_kinds ... ok
native (macos-latest)	Tests	2026-09-06T15:58:21.8565300Z test documentation::markdown::tests::inline_html_is_retained_separately_and_not_interpreted_by_summary_projection ... ok
native (macos-latest)	Tests	2026-09-06T15:58:21.8567240Z test documentation::markdown::tests::link_projection_preserves_soft_and_hard_word_boundaries ... ok
native (macos-latest)	Tests	2026-09-06T15:58:21.8568740Z test documentation::markdown::tests::nested_image_code_and_math_share_heading_and_link_projection ... ok
native (macos-latest)	Tests	2026-09-06T15:58:21.8570700Z test documentation::markdown::tests::real_markdown_parser_keeps_badges_nested_links_and_literal_code_separate ... ok
native (macos-latest)	Tests	2026-09-06T15:58:21.8572330Z test documentation::markdown::tests::unicode_crlf_breaks_and_math_keep_original_byte_ranges ... ok
native (macos-latest)	Tests	2026-09-06T15:58:21.8573920Z test documentation::markdown::tests::corrected_foundation_and_math_documents_have_no_accidental_html_tags ... ok
native (macos-latest)	Tests	2026-09-06T15:58:21.8575750Z test contract::tests::real_contract_entry_rejects_unresolved_fields_intrinsics_and_imports ... ok
native (macos-latest)	Tests	2026-09-06T15:58:21.9334800Z test documentation::tests::commit_reference_and_missing_history_are_not_silently_accepted ... ok
native (macos-latest)	Tests	2026-09-06T15:58:22.1392040Z test documentation::tests::git_symlink_mode_is_rejected_without_creating_an_os_symlink ... ok
native (macos-latest)	Tests	2026-09-06T15:58:22.3479630Z test documentation::tests::nonregular_output_and_oversized_current_input_are_rejected ... ok
native (macos-latest)	Tests	2026-09-06T15:58:22.3481540Z test evidence::identity::tests::length_prefixed_profile_matches_independent_hashlib_vector ... ok
native (macos-latest)	Tests	2026-09-06T15:58:22.3869230Z test evidence::tests::actual_task_loader_accepts_only_matching_complete_attempt ... ok
native (macos-latest)	Tests	2026-09-06T15:58:22.4626070Z test evidence::tests::actual_task_loader_rejects_missing_malformed_and_duplicate_key_reports ... ok
native (macos-latest)	Tests	2026-09-06T15:58:22.5421890Z test documentation::tests::real_checker_rejects_omitted_page_digest_and_structure_tampering ... ok
native (macos-latest)	Tests	2026-09-06T15:58:22.5989220Z test evidence::tests::evidence_status_and_generated_tasks_do_not_create_hash_self_reference ... ok
native (macos-latest)	Tests	2026-09-06T15:58:22.5990180Z test documentation::tests::real_checker_reports_added_changed_removed_and_rejects_current_claim ... ok
native (macos-latest)	Tests	2026-09-06T15:58:22.6941160Z test evidence::tests::failed_attempt_can_record_early_failure_without_claiming_full_coverage ... ok
native (macos-latest)	Tests	2026-09-06T15:58:22.7430100Z test evidence::tests::actual_task_loader_rejects_wrong_group_result_identity_and_target_coverage ... ok
native (macos-latest)	Tests	2026-09-06T15:58:22.7992040Z test evidence::tests::independent_review_is_typed_and_cannot_be_faked_as_a_process_run ... ok
native (macos-latest)	Tests	2026-09-06T15:58:22.8353410Z test evidence::tests::modifying_excluded_log_still_invalidates_its_bound_report ... ok
native (macos-latest)	Tests	2026-09-06T15:58:22.8426450Z test repository::json::tests::duplicate_keys_cannot_hide_contract_fields ... ok
native (macos-latest)	Tests	2026-09-06T15:58:22.8434210Z test repository::tests::escaping_reference_is_rejected_before_reading ... ok
native (macos-latest)	Tests	2026-09-06T15:58:22.8436200Z test repository::tests::nul_paths_keep_spaces_and_non_ascii ... ok
native (macos-latest)	Tests	2026-09-06T15:58:22.8443700Z test repository::tests::secret_and_artifact_names_are_rejected ... ok
native (macos-latest)	Tests	2026-09-06T15:58:22.8450340Z test task::tests::acceptance_ids_are_spec_definitions_only ... ok
native (macos-latest)	Tests	2026-09-06T15:58:22.8620020Z test task::tests::dependency_graph_rejects_cycle_missing_and_duplicate_edges ... ok
native (macos-latest)	Tests	2026-09-06T15:58:22.8621200Z test task::tests::executed_status_requires_evidence ... ok
native (macos-latest)	Tests	2026-09-06T15:58:22.8622790Z test task::tests::final_completion_requires_all_global_acceptance_passed ... ok
native (macos-latest)	Tests	2026-09-06T15:58:22.8626170Z test task::tests::scoped_evidence_rejects_empty_checks_or_wrong_task ... ok
native (macos-latest)	Tests	2026-09-06T15:58:22.8627940Z test task::tests::scoped_task_completion_does_not_pretend_global_editor_acceptance_passed ... ok
native (macos-latest)	Tests	2026-09-06T15:58:22.8630230Z test task::tests::status_cannot_omit_an_acceptance_group ... ok
native (macos-latest)	Tests	2026-09-06T15:58:22.8632770Z test task::tests::terminal_task_uses_new_required_groups_and_not_optional_groups ... ok
native (macos-latest)	Tests	2026-09-06T15:58:22.8660580Z test evidence::tests::partial_success_reports_cannot_be_combined_into_a_full_attempt ... ok
native (macos-latest)	Tests	2026-09-06T15:58:23.0592640Z test evidence::tests::inventory_addition_source_change_spec_change_and_deleted_input_invalidate ... ok
native (macos-latest)	Tests	2026-09-06T15:58:23.0596620Z [1m[92m     Running[0m unittests src/main.rs (target/debug/deps/nepl3_tools-6cfb78fdc9a4a96b)
native (macos-latest)	Tests	2026-09-06T15:58:23.0596980Z 
native (macos-latest)	Tests	2026-09-06T15:58:23.0597340Z test result: ok. 55 passed; 0 failed; 0 ignored; 0 measured; 0 filtered out; finished in 1.35s
native (macos-latest)	Tests	2026-09-06T15:58:23.0597880Z 
native (macos-latest)	Tests	2026-09-06T15:58:23.0625460Z 
native (macos-latest)	Tests	2026-09-06T15:58:23.0626110Z running 0 tests
native (macos-latest)	Tests	2026-09-06T15:58:23.0626540Z 
native (macos-latest)	Tests	2026-09-06T15:58:23.0626890Z test result: ok. 0 passed; 0 failed; 0 ignored; 0 measured; 0 filtered out; finished in 0.00s
native (macos-latest)	Tests	2026-09-06T15:58:23.0627950Z [1m[92m     Running[0m unittests src/lib.rs (target/debug/deps/nepl3_wire-9114e3a24cba9671)
native (macos-latest)	Tests	2026-09-06T15:58:23.0628560Z 
native (macos-latest)	Tests	2026-09-06T15:58:23.0662820Z 
native (macos-latest)	Tests	2026-09-06T15:58:23.0664170Z running 0 tests
native (macos-latest)	Tests	2026-09-06T15:58:23.0665780Z [1m[92m     Running[0m tests/codec.rs (target/debug/deps/codec-6c8d98bb7d839446)
native (macos-latest)	Tests	2026-09-06T15:58:23.0667680Z 
native (macos-latest)	Tests	2026-09-06T15:58:23.0669190Z test result: ok. 0 passed; 0 failed; 0 ignored; 0 measured; 0 filtered out; finished in 0.00s
native (macos-latest)	Tests	2026-09-06T15:58:23.0669520Z 
native (macos-latest)	Tests	2026-09-06T15:58:23.0710970Z 
native (macos-latest)	Tests	2026-09-06T15:58:23.0716190Z running 7 tests
native (macos-latest)	Tests	2026-09-06T15:58:23.0749590Z test checked_boundary_uses_real_registry_and_rejects_wrong_field_type ... ok
native (macos-latest)	Tests	2026-09-06T15:58:23.0754260Z test all_twelve_tags_match_specified_cbor_bytes ... ok
native (macos-latest)	Tests	2026-09-06T15:58:23.0764020Z test every_truncated_prefix_fails_and_complete_input_preserves_bytes ... ok
native (macos-latest)	Tests	2026-09-06T15:58:23.0764730Z test integer_width_boundaries_use_shortest_unsigned_encoding ... ok
native (macos-latest)	Tests	2026-09-06T15:58:23.0765380Z test limits_stop_with_typed_reasons_without_a_successful_partial_value ... ok
native (macos-latest)	Tests	2026-09-06T15:58:23.0766210Z test malformed_noncanonical_and_forbidden_cbor_values_are_rejected ... ok
native (macos-latest)	Tests	2026-09-06T15:58:23.1249330Z [1m[92m     Running[0m tests/origin.rs (target/debug/deps/origin-28475990a3161e57)
native (macos-latest)	Tests	2026-09-06T15:58:23.1249910Z test deeply_nested_values_do_not_use_the_native_call_stack ... ok
native (macos-latest)	Tests	2026-09-06T15:58:23.1250260Z 
native (macos-latest)	Tests	2026-09-06T15:58:23.1253620Z test result: ok. 7 passed; 0 failed; 0 ignored; 0 measured; 0 filtered out; finished in 0.05s
native (macos-latest)	Tests	2026-09-06T15:58:23.1285370Z 
native (macos-latest)	Tests	2026-09-06T15:58:23.1291000Z 
native (macos-latest)	Tests	2026-09-06T15:58:23.1338470Z running 1 test
native (macos-latest)	Tests	2026-09-06T15:58:23.1353840Z [1m[92m     Running[0m tests/source.rs (target/debug/deps/source-563329b8c9d27650)
native (macos-latest)	Tests	2026-09-06T15:58:23.1354540Z test origin_variants_roundtrip_and_wire_cycles_are_rejected ... ok
native (macos-latest)	Tests	2026-09-06T15:58:23.1390440Z 
native (macos-latest)	Tests	2026-09-06T15:58:23.1395580Z test result: ok. 1 passed; 0 failed; 0 ignored; 0 measured; 0 filtered out; finished in 0.01s
native (macos-latest)	Tests	2026-09-06T15:58:23.1471390Z 
native (macos-latest)	Tests	2026-09-06T15:58:23.1471680Z 
native (macos-latest)	Tests	2026-09-06T15:58:23.1472740Z running 3 tests
native (macos-latest)	Tests	2026-09-06T15:58:23.1478380Z [1m[92m     Running[0m tests/syntax.rs (target/debug/deps/syntax-a71a9a457d5265bc)
native (macos-latest)	Tests	2026-09-06T15:58:23.1479020Z test source_and_span_roundtrip_preserve_identity_bytes_and_shared_admission ... ok
native (macos-latest)	Tests	2026-09-06T15:58:23.1597540Z test malformed_source_declarations_reject_without_committing_and_retry_does_not_refund ... ok
native (macos-latest)	Tests	2026-09-06T15:58:23.1670530Z test native_and_wire_admission_reject_zero_source_limit_and_span_scalar_interior ... ok
native (macos-latest)	Tests	2026-09-06T15:58:23.1674990Z 
native (macos-latest)	Tests	2026-09-06T15:58:23.1722790Z test result: ok. 3 passed; 0 failed; 0 ignored; 0 measured; 0 filtered out; finished in 0.01s
native (macos-latest)	Tests	2026-09-06T15:58:23.1729310Z 
native (macos-latest)	Tests	2026-09-06T15:58:23.1833340Z 
native (macos-latest)	Tests	2026-09-06T15:58:23.1958540Z running 5 tests
native (macos-latest)	Tests	2026-09-06T15:58:23.2060570Z test foreign_bundle_roundtrip_keeps_local_token_view_origin_ids_and_payloads ... ok
native (macos-latest)	Tests	2026-09-06T15:58:23.2163550Z test foreign_bundle_rejects_forged_environment_digest_token_and_origin_references ... ok
native (macos-latest)	Tests	2026-09-06T15:58:23.2265020Z test guest_arena_reordering_updates_foreign_root_and_guest_local_children ... ok
native (macos-latest)	Tests	2026-09-06T15:58:23.2372290Z test native_arena_order_is_canonicalized_and_unreachable_nodes_are_rejected ... ok
native (macos-latest)	Tests	2026-09-06T15:58:23.2627130Z [1m[92m     Running[0m tests/view.rs (target/debug/deps/view-3a4f5b6b20143458)
native (macos-latest)	Tests	2026-09-06T15:58:23.2627830Z test nested_generated_bundles_use_iterative_conversion_and_shared_depth_budget ... ok
native (macos-latest)	Tests	2026-09-06T15:58:23.2628240Z 
native (macos-latest)	Tests	2026-09-06T15:58:23.2628750Z test result: ok. 5 passed; 0 failed; 0 ignored; 0 measured; 0 filtered out; finished in 0.10s
native (macos-latest)	Tests	2026-09-06T15:58:23.2629200Z 
native (macos-latest)	Tests	2026-09-06T15:58:23.2667890Z 
native (macos-latest)	Tests	2026-09-06T15:58:23.2677190Z running 2 tests
native (macos-latest)	Tests	2026-09-06T15:58:23.2739110Z test structured_payload_views_roles_relations_and_trivia_roundtrip_without_reparse ... ok
native (macos-latest)	Tests	2026-09-06T15:58:23.2771580Z [1m[92m   Doc-tests[0m nepl3_core
native (macos-latest)	Tests	2026-09-06T15:58:23.2772150Z test token_wire_rejects_invalid_local_view_and_trivia_references_and_source_limit ... ok
native (macos-latest)	Tests	2026-09-06T15:58:23.2772520Z 
native (macos-latest)	Tests	2026-09-06T15:58:23.2772790Z test result: ok. 2 passed; 0 failed; 0 ignored; 0 measured; 0 filtered out; finished in 0.01s
native (macos-latest)	Tests	2026-09-06T15:58:23.2773130Z 
native (macos-latest)	Tests	2026-09-06T15:58:23.4789160Z 
native (macos-latest)	Tests	2026-09-06T15:58:23.4804960Z running 0 tests
native (macos-latest)	Tests	2026-09-06T15:58:23.4808960Z [1m[92m   Doc-tests[0m nepl3_reader
native (macos-latest)	Tests	2026-09-06T15:58:23.4811170Z 
native (macos-latest)	Tests	2026-09-06T15:58:23.4890320Z test result: ok. 0 passed; 0 failed; 0 ignored; 0 measured; 0 filtered out; finished in 0.00s
native (macos-latest)	Tests	2026-09-06T15:58:23.4892780Z 
native (macos-latest)	Tests	2026-09-06T15:58:23.5684950Z 
native (macos-latest)	Tests	2026-09-06T15:58:23.5687780Z running 0 tests
native (macos-latest)	Tests	2026-09-06T15:58:23.5688510Z 
native (macos-latest)	Tests	2026-09-06T15:58:23.5689230Z test result: ok. 0 passed; 0 failed; 0 ignored; 0 measured; 0 filtered out; finished in 0.00s
native (macos-latest)	Tests	2026-09-06T15:58:23.5690730Z 
native (macos-latest)	Tests	2026-09-06T15:58:23.5697120Z [1m[92m   Doc-tests[0m nepl3_tools
native (macos-latest)	Tests	2026-09-06T15:58:23.7309790Z 
native (macos-latest)	Tests	2026-09-06T15:58:23.7310770Z running 0 tests
native (macos-latest)	Tests	2026-09-06T15:58:23.7311430Z 
native (macos-latest)	Tests	2026-09-06T15:58:23.7312180Z test result: ok. 0 passed; 0 failed; 0 ignored; 0 measured; 0 filtered out; finished in 0.00s
native (macos-latest)	Tests	2026-09-06T15:58:23.7313220Z 
native (macos-latest)	Tests	2026-09-06T15:58:23.7321090Z [1m[92m   Doc-tests[0m nepl3_wire
native (macos-latest)	Tests	2026-09-06T15:58:23.7896400Z 
native (macos-latest)	Tests	2026-09-06T15:58:23.7898320Z running 0 tests
native (macos-latest)	Tests	2026-09-06T15:58:23.7898820Z 
native (macos-latest)	Tests	2026-09-06T15:58:23.7900110Z test result: ok. 0 passed; 0 failed; 0 ignored; 0 measured; 0 filtered out; finished in 0.00s
native (macos-latest)	Tests	2026-09-06T15:58:23.7900730Z 
native (macos-latest)	API documentation	﻿2026-09-06T15:58:23.7985220Z ##[group]Run cargo doc --workspace --no-deps --locked
native (macos-latest)	API documentation	2026-09-06T15:58:23.7985880Z [36;1mcargo doc --workspace --no-deps --locked[0m
native (macos-latest)	API documentation	2026-09-06T15:58:23.8033340Z shell: /bin/bash --noprofile --norc -e -o pipefail {0}
native (macos-latest)	API documentation	2026-09-06T15:58:23.8033630Z env:
native (macos-latest)	API documentation	2026-09-06T15:58:23.8033780Z   CARGO_TERM_COLOR: always
native (macos-latest)	API documentation	2026-09-06T15:58:23.8033960Z   RUSTDOCFLAGS: -D warnings
native (macos-latest)	API documentation	2026-09-06T15:58:23.8034500Z   pythonLocation: /Users/runner/hostedtoolcache/Python/3.13.15/arm64
native (macos-latest)	API documentation	2026-09-06T15:58:23.8034910Z   PKG_CONFIG_PATH: /Users/runner/hostedtoolcache/Python/3.13.15/arm64/lib/pkgconfig
native (macos-latest)	API documentation	2026-09-06T15:58:23.8035370Z   Python_ROOT_DIR: /Users/runner/hostedtoolcache/Python/3.13.15/arm64
native (macos-latest)	API documentation	2026-09-06T15:58:23.8035740Z   Python2_ROOT_DIR: /Users/runner/hostedtoolcache/Python/3.13.15/arm64
native (macos-latest)	API documentation	2026-09-06T15:58:23.8036100Z   Python3_ROOT_DIR: /Users/runner/hostedtoolcache/Python/3.13.15/arm64
native (macos-latest)	API documentation	2026-09-06T15:58:23.8036380Z ##[endgroup]
native (macos-latest)	API documentation	2026-09-06T15:58:24.0489810Z [1m[92m    Checking[0m nepl3-core v0.1.0 (/Users/runner/work/NEPL3/NEPL3/crates/foundation/core)
native (macos-latest)	API documentation	2026-09-06T15:58:24.0511420Z [1m[92m Documenting[0m nepl3-core v0.1.0 (/Users/runner/work/NEPL3/NEPL3/crates/foundation/core)
native (macos-latest)	API documentation	2026-09-06T15:58:24.7601880Z [1m[92m Documenting[0m nepl3-wire v0.1.0 (/Users/runner/work/NEPL3/NEPL3/crates/foundation/wire)
native (macos-latest)	API documentation	2026-09-06T15:58:24.7618400Z [1m[92m Documenting[0m nepl3-tools v0.1.0 (/Users/runner/work/NEPL3/NEPL3/tools)
native (macos-latest)	API documentation	2026-09-06T15:58:25.0196020Z [1m[92m Documenting[0m nepl3-reader v0.1.0 (/Users/runner/work/NEPL3/NEPL3/crates/foundation/reader)
native (macos-latest)	API documentation	2026-09-06T15:58:25.5981320Z [1m[92m    Finished[0m `dev` profile [unoptimized + debuginfo] target(s) in 1.68s
native (macos-latest)	API documentation	2026-09-06T15:58:25.5990950Z [1m[92m   Generated[0m /Users/runner/work/NEPL3/NEPL3/target/doc/nepl3_core/index.html and 3 other files
native (macos-latest)	Repository contracts	﻿2026-09-06T15:58:25.6034210Z ##[group]Run cargo run --locked -p nepl3-tools -- check
native (macos-latest)	Repository contracts	2026-09-06T15:58:25.6043680Z [36;1mcargo run --locked -p nepl3-tools -- check[0m
native (macos-latest)	Repository contracts	2026-09-06T15:58:25.6077080Z shell: /bin/bash --noprofile --norc -e -o pipefail {0}
native (macos-latest)	Repository contracts	2026-09-06T15:58:25.6077340Z env:
native (macos-latest)	Repository contracts	2026-09-06T15:58:25.6077530Z   CARGO_TERM_COLOR: always
native (macos-latest)	Repository contracts	2026-09-06T15:58:25.6077750Z   RUSTDOCFLAGS: -D warnings
native (macos-latest)	Repository contracts	2026-09-06T15:58:25.6078040Z   pythonLocation: /Users/runner/hostedtoolcache/Python/3.13.15/arm64
native (macos-latest)	Repository contracts	2026-09-06T15:58:25.6078470Z   PKG_CONFIG_PATH: /Users/runner/hostedtoolcache/Python/3.13.15/arm64/lib/pkgconfig
native (macos-latest)	Repository contracts	2026-09-06T15:58:25.6078900Z   Python_ROOT_DIR: /Users/runner/hostedtoolcache/Python/3.13.15/arm64
native (macos-latest)	Repository contracts	2026-09-06T15:58:25.6079280Z   Python2_ROOT_DIR: /Users/runner/hostedtoolcache/Python/3.13.15/arm64
native (macos-latest)	Repository contracts	2026-09-06T15:58:25.6079650Z   Python3_ROOT_DIR: /Users/runner/hostedtoolcache/Python/3.13.15/arm64
native (macos-latest)	Repository contracts	2026-09-06T15:58:25.6079950Z ##[endgroup]
native (macos-latest)	Repository contracts	2026-09-06T15:58:25.7230910Z [1m[92m   Compiling[0m serde v1.0.229
native (macos-latest)	Repository contracts	2026-09-06T15:58:26.0621490Z [1m[92m   Compiling[0m nepl3-tools v0.1.0 (/Users/runner/work/NEPL3/NEPL3/tools)
native (macos-latest)	Repository contracts	2026-09-06T15:58:29.7093910Z [1m[92m    Finished[0m `dev` profile [unoptimized + debuginfo] target(s) in 4.02s
native (macos-latest)	Repository contracts	2026-09-06T15:58:29.7195850Z [1m[92m     Running[0m `target/debug/nepl3-tools check`
native (macos-latest)	Repository contracts	2026-09-06T15:58:29.8200600Z Independent design review: 4 open findings; affected tasks cannot be marked complete.
native (macos-latest)	Repository contracts	2026-09-06T15:58:29.8419910Z Contract structure: 33 categories, 119 model types, 27 operation descriptions. Named field references and intrinsic shapes checked; operation schemas, value invariants and language parsing remain unverified.
native (macos-latest)	Repository contracts	2026-09-06T15:58:31.0402130Z Dependency plan: 19 crates; 4 implemented members; 3 no_std declarations checked. Dev dependencies: nepl3-reader -> nepl3-wire.
native (macos-latest)	Repository contracts	2026-09-06T15:58:31.0403440Z External dependency portability and cross-target execution require their own acceptance tests.
native (macos-latest)	Repository contracts	2026-09-06T15:58:31.9336690Z Documentation inventory baseline 25a096bc183c2b71200902884084cd4082d0aae3 verified: 57 Markdown pages, 10 Rust-owned API sources. Current delta: 56 added, 45 changed, 0 removed; current completeness NOT established.
native (macos-latest)	Repository contracts	2026-09-06T15:58:31.9346820Z {"added":["crates/foundation/core/src/budget.rs","crates/foundation/core/src/diagnostic.rs","crates/foundation/core/src/lib.rs","crates/foundation/core/src/origin.rs","crates/foundation/core/src/schema.rs","crates/foundation/core/src/schema/foundation.rs","crates/foundation/core/src/source.rs","crates/foundation/core/src/syntax.rs","crates/foundation/core/src/value.rs","crates/foundation/core/src/value_codec.rs","crates/foundation/core/src/view.rs","crates/foundation/core/tests/contracts.rs","crates/foundation/core/tests/structure.rs","crates/foundation/core/tests/syntax.rs","crates/foundation/reader/src/context.rs","crates/foundation/reader/src/lib.rs","crates/foundation/reader/src/model.rs","crates/foundation/reader/src/plan.rs","crates/foundation/reader/src/plan/identity.rs","crates/foundation/reader/src/portable.rs","crates/foundation/reader/src/primitive.rs","crates/foundation/reader/src/runtime/copy.rs","crates/foundation/reader/src/runtime/mod.rs","crates/foundation/reader/src/runtime/validate.rs","crates/foundation/reader/src/schema.rs","crates/foundation/reader/src/schema/descriptor.rs","crates/foundation/reader/tests/context.rs","crates/foundation/reader/tests/portable.rs","crates/foundation/reader/tests/runtime.rs","crates/foundation/wire/src/boundary.rs","crates/foundation/wire/src/decode.rs","crates/foundation/wire/src/encode.rs","crates/foundation/wire/src/environment.rs","crates/foundation/wire/src/foundation.rs","crates/foundation/wire/src/lib.rs","crates/foundation/wire/src/origin.rs","crates/foundation/wire/src/source.rs","crates/foundation/wire/src/syntax.rs","crates/foundation/wire/src/syntax/order.rs","crates/foundation/wire/src/view.rs","crates/foundation/wire/tests/codec.rs","crates/foundation/wire/tests/origin.rs","crates/foundation/wire/tests/source.rs","crates/foundation/wire/tests/syntax.rs","crates/foundation/wire/tests/view.rs","doc/decisions/0004-pages-recovery-doc-inventory.md","doc/decisions/0005-foundation-runtime-contracts.md","doc/doc-inventory.md","doc/progress/foundation-runtime.md","tools/src/contract/foundation.rs","tools/src/contract/foundation/generate.rs","tools/src/contract/intrinsic.rs","tools/src/contract/reader.rs","tools/src/contract/types.rs","tools/src/documentation/markdown.rs","tools/src/documentation/mod.rs"],"changed":["AGENTS.md","CODEX.md","README.md","design/forms.json","design/markup.json","doc/README.md","doc/development.md","doc/review.md","doc/spec/02-foundation.md","doc/spec/03-reader.md","doc/spec/04-grammar.md","doc/spec/06-math.md","doc/spec/09-portability.md","doc/spec/11-conformance.md","doc/spec/12-model-invariants.md","doc/spec/13-reproducibility.md","doc/spec/15-site.md","doc/spec/16-doc-migration.md","interfaces/contracts.json","interfaces/model.json","tasks/README.md","tasks/T01.md","tasks/T02.md","tasks/T03.md","tasks/T04.md","tasks/T05.md","tasks/T06.md","tasks/T07.md","tasks/T08.md","tasks/T09.md","tasks/T10.md","tasks/T11.md","tasks/T12.md","tasks/T13.md","tasks/T14.md","tasks/T15.md","tasks/T16.md","tasks/T17.md","tasks/T18.md","tasks/T19.md","tasks/T20.md","tasks/T21.md","tools/src/contract/mod.rs","tools/src/lib.rs","tools/src/main.rs"],"removed":[]}
native (macos-latest)	Repository contracts	2026-09-06T15:58:31.9358580Z Repository checks passed: 198 files, 21 tasks, 55 acceptance status entries. Runtime acceptance was not run.
native (macos-latest)	Generated tasks	﻿2026-09-06T15:58:31.9404140Z ##[group]Run cargo run --locked -p nepl3-tools -- tasks --check
native (macos-latest)	Generated tasks	2026-09-06T15:58:31.9404730Z [36;1mcargo run --locked -p nepl3-tools -- tasks --check[0m
native (macos-latest)	Generated tasks	2026-09-06T15:58:31.9442790Z shell: /bin/bash --noprofile --norc -e -o pipefail {0}
native (macos-latest)	Generated tasks	2026-09-06T15:58:31.9443150Z env:
native (macos-latest)	Generated tasks	2026-09-06T15:58:31.9443380Z   CARGO_TERM_COLOR: always
native (macos-latest)	Generated tasks	2026-09-06T15:58:31.9443670Z   RUSTDOCFLAGS: -D warnings
native (macos-latest)	Generated tasks	2026-09-06T15:58:31.9444030Z   pythonLocation: /Users/runner/hostedtoolcache/Python/3.13.15/arm64
native (macos-latest)	Generated tasks	2026-09-06T15:58:31.9444560Z   PKG_CONFIG_PATH: /Users/runner/hostedtoolcache/Python/3.13.15/arm64/lib/pkgconfig
native (macos-latest)	Generated tasks	2026-09-06T15:58:31.9445060Z   Python_ROOT_DIR: /Users/runner/hostedtoolcache/Python/3.13.15/arm64
native (macos-latest)	Generated tasks	2026-09-06T15:58:31.9445470Z   Python2_ROOT_DIR: /Users/runner/hostedtoolcache/Python/3.13.15/arm64
native (macos-latest)	Generated tasks	2026-09-06T15:58:31.9445930Z   Python3_ROOT_DIR: /Users/runner/hostedtoolcache/Python/3.13.15/arm64
native (macos-latest)	Generated tasks	2026-09-06T15:58:31.9446250Z ##[endgroup]
native (macos-latest)	Generated tasks	2026-09-06T15:58:32.0600530Z [1m[92m    Finished[0m `dev` profile [unoptimized + debuginfo] target(s) in 0.02s
native (macos-latest)	Generated tasks	2026-09-06T15:58:32.0751720Z [1m[92m     Running[0m `target/debug/nepl3-tools tasks --check`
native (macos-latest)	Generated tasks	2026-09-06T15:58:32.2013550Z Independent design review: 4 open findings; affected tasks cannot be marked complete.
native (macos-latest)	Generated tasks	2026-09-06T15:58:32.2021930Z Task documents are current.
native (macos-latest)	Verify clean tracked files	﻿2026-09-06T15:58:32.2068790Z ##[group]Run git diff --exit-code
native (macos-latest)	Verify clean tracked files	2026-09-06T15:58:32.2069650Z [36;1mgit diff --exit-code[0m
native (macos-latest)	Verify clean tracked files	2026-09-06T15:58:32.2128040Z shell: /bin/bash --noprofile --norc -e -o pipefail {0}
native (macos-latest)	Verify clean tracked files	2026-09-06T15:58:32.2128450Z env:
native (macos-latest)	Verify clean tracked files	2026-09-06T15:58:32.2128670Z   CARGO_TERM_COLOR: always
native (macos-latest)	Verify clean tracked files	2026-09-06T15:58:32.2128970Z   RUSTDOCFLAGS: -D warnings
native (macos-latest)	Verify clean tracked files	2026-09-06T15:58:32.2129310Z   pythonLocation: /Users/runner/hostedtoolcache/Python/3.13.15/arm64
native (macos-latest)	Verify clean tracked files	2026-09-06T15:58:32.2129830Z   PKG_CONFIG_PATH: /Users/runner/hostedtoolcache/Python/3.13.15/arm64/lib/pkgconfig
native (macos-latest)	Verify clean tracked files	2026-09-06T15:58:32.2130300Z   Python_ROOT_DIR: /Users/runner/hostedtoolcache/Python/3.13.15/arm64
native (macos-latest)	Verify clean tracked files	2026-09-06T15:58:32.2130780Z   Python2_ROOT_DIR: /Users/runner/hostedtoolcache/Python/3.13.15/arm64
native (macos-latest)	Verify clean tracked files	2026-09-06T15:58:32.2131280Z   Python3_ROOT_DIR: /Users/runner/hostedtoolcache/Python/3.13.15/arm64
native (macos-latest)	Verify clean tracked files	2026-09-06T15:58:32.2131640Z ##[endgroup]
native (macos-latest)	Post Install structural audit interpreter	﻿2026-09-06T15:58:32.2836390Z Node 20 is being deprecated. This workflow is running with Node 24 by default. If you need to temporarily use Node 20, you can set the ACTIONS_ALLOW_USE_UNSECURE_NODE_VERSION=true environment variable. For more information see: https://github.blog/changelog/2025-09-19-deprecation-of-node-20-on-github-actions-runners/
native (macos-latest)	Post Install structural audit interpreter	2026-09-06T15:58:32.2837460Z Post job cleanup.
native (macos-latest)	Post Install structural audit interpreter	2026-09-06T15:58:32.4392800Z (node:6388) [DEP0040] DeprecationWarning: The `punycode` module is deprecated. Please use a userland alternative instead.
native (macos-latest)	Post Install structural audit interpreter	2026-09-06T15:58:32.4393520Z (Use `node --trace-deprecation ...` to show where the warning was created)
native (macos-latest)	Post Checkout	﻿2026-09-06T15:58:32.4516300Z Node 20 is being deprecated. This workflow is running with Node 24 by default. If you need to temporarily use Node 20, you can set the ACTIONS_ALLOW_USE_UNSECURE_NODE_VERSION=true environment variable. For more information see: https://github.blog/changelog/2025-09-19-deprecation-of-node-20-on-github-actions-runners/
native (macos-latest)	Post Checkout	2026-09-06T15:58:32.4517490Z Post job cleanup.
native (macos-latest)	Post Checkout	2026-09-06T15:58:32.5865620Z [command]/opt/homebrew/bin/git version
native (macos-latest)	Post Checkout	2026-09-06T15:58:32.5946460Z git version 2.55.0
native (macos-latest)	Post Checkout	2026-09-06T15:58:32.5980250Z Copying '/Users/runner/.gitconfig' to '/Users/runner/work/_temp/faa0210f-ce6c-4a9a-a6ae-2c1fe628405c/.gitconfig'
native (macos-latest)	Post Checkout	2026-09-06T15:58:32.5995990Z Temporarily overriding HOME='/Users/runner/work/_temp/faa0210f-ce6c-4a9a-a6ae-2c1fe628405c' before making global git config changes
native (macos-latest)	Post Checkout	2026-09-06T15:58:32.5996930Z Adding repository directory to the temporary git global config as a safe directory
native (macos-latest)	Post Checkout	2026-09-06T15:58:32.6004260Z [command]/opt/homebrew/bin/git config --global --add safe.directory /Users/runner/work/NEPL3/NEPL3
native (macos-latest)	Post Checkout	2026-09-06T15:58:32.6102530Z [command]/opt/homebrew/bin/git config --local --name-only --get-regexp core\.sshCommand
native (macos-latest)	Post Checkout	2026-09-06T15:58:32.6219910Z [command]/opt/homebrew/bin/git submodule foreach --recursive sh -c "git config --local --name-only --get-regexp 'core\.sshCommand' && git config --local --unset-all 'core.sshCommand' || :"
native (macos-latest)	Post Checkout	2026-09-06T15:58:32.7478760Z [command]/opt/homebrew/bin/git config --local --name-only --get-regexp http\.https\:\/\/github\.com\/\.extraheader
native (macos-latest)	Post Checkout	2026-09-06T15:58:32.7548110Z [command]/opt/homebrew/bin/git submodule foreach --recursive sh -c "git config --local --name-only --get-regexp 'http\.https\:\/\/github\.com\/\.extraheader' && git config --local --unset-all 'http.https://github.com/.extraheader' || :"
native (macos-latest)	Post Checkout	2026-09-06T15:58:32.8346440Z [command]/opt/homebrew/bin/git config --local --name-only --get-regexp ^includeIf\.gitdir:
native (macos-latest)	Post Checkout	2026-09-06T15:58:32.8417240Z [command]/opt/homebrew/bin/git submodule foreach --recursive git config --local --show-origin --name-only --get-regexp remote.origin.url
native (macos-latest)	Complete job	﻿2026-09-06T15:58:32.9737910Z Cleaning up orphan processes
native (macos-latest)	Complete job	2026-09-06T15:58:34.1641400Z ##[warning]Node.js 20 is deprecated. The following actions target Node.js 20 but are being forced to run on Node.js 24: actions/checkout@11d5960a326750d5838078e36cf38b85af677262, actions/setup-python@a26af69be951a213d495a4c3e4e4022e16d87065. For more information see: https://github.blog/changelog/2025-09-19-deprecation-of-node-20-on-github-actions-runners/
native (ubuntu-latest)	Set up job	﻿2026-09-06T15:57:28.2227415Z Current runner version: '2.337.0'
native (ubuntu-latest)	Set up job	2026-09-06T15:57:28.2265447Z ##[group]Runner Image Provisioner
native (ubuntu-latest)	Set up job	2026-09-06T15:57:28.2267219Z Hosted Compute Agent
native (ubuntu-latest)	Set up job	2026-09-06T15:57:28.2268858Z Version: 20260828.587
native (ubuntu-latest)	Set up job	2026-09-06T15:57:28.2270268Z Commit: abac92662cab4cc7352de4f9f9d2e2419aad9c29
native (ubuntu-latest)	Set up job	2026-09-06T15:57:28.2271573Z Build Date: 2026-08-28T16:44:25Z
native (ubuntu-latest)	Set up job	2026-09-06T15:57:28.2272725Z Worker ID: {418bfaa1-cc5d-468d-82d7-7cc1e2058357}
native (ubuntu-latest)	Set up job	2026-09-06T15:57:28.2273976Z Azure Region: eastus
native (ubuntu-latest)	Set up job	2026-09-06T15:57:28.2275061Z ##[endgroup]
native (ubuntu-latest)	Set up job	2026-09-06T15:57:28.2277535Z ##[group]Operating System
native (ubuntu-latest)	Set up job	2026-09-06T15:57:28.2278649Z Ubuntu
native (ubuntu-latest)	Set up job	2026-09-06T15:57:28.2279798Z 24.04.4
native (ubuntu-latest)	Set up job	2026-09-06T15:57:28.2280727Z LTS
native (ubuntu-latest)	Set up job	2026-09-06T15:57:28.2281745Z ##[endgroup]
native (ubuntu-latest)	Set up job	2026-09-06T15:57:28.2282626Z ##[group]Runner Image
native (ubuntu-latest)	Set up job	2026-09-06T15:57:28.2283699Z Image: ubuntu-24.04
native (ubuntu-latest)	Set up job	2026-09-06T15:57:28.2284694Z Version: 20260831.293.1
native (ubuntu-latest)	Set up job	2026-09-06T15:57:28.2286486Z Included Software: https://github.com/actions/runner-images/blob/ubuntu24/20260831.293/images/ubuntu/Ubuntu2404-Readme.md
native (ubuntu-latest)	Set up job	2026-09-06T15:57:28.2290085Z Image Release: https://github.com/actions/runner-images/releases/tag/ubuntu24%2F20260831.293
native (ubuntu-latest)	Set up job	2026-09-06T15:57:28.2291893Z ##[endgroup]
native (ubuntu-latest)	Set up job	2026-09-06T15:57:28.2293884Z ##[group]GITHUB_TOKEN Permissions
native (ubuntu-latest)	Set up job	2026-09-06T15:57:28.2297266Z Contents: read
native (ubuntu-latest)	Set up job	2026-09-06T15:57:28.2298252Z Metadata: read
native (ubuntu-latest)	Set up job	2026-09-06T15:57:28.2299189Z ##[endgroup]
native (ubuntu-latest)	Set up job	2026-09-06T15:57:28.2302695Z Secret source: Actions
native (ubuntu-latest)	Set up job	2026-09-06T15:57:28.2304991Z Prepare workflow directory
native (ubuntu-latest)	Set up job	2026-09-06T15:57:28.2936585Z Prepare all required actions
native (ubuntu-latest)	Set up job	2026-09-06T15:57:28.3012420Z Getting action download info
native (ubuntu-latest)	Set up job	2026-09-06T15:57:28.5150407Z Download action repository 'actions/checkout@11d5960a326750d5838078e36cf38b85af677262' (SHA:11d5960a326750d5838078e36cf38b85af677262)
native (ubuntu-latest)	Set up job	2026-09-06T15:57:28.6194309Z Download action repository 'actions/setup-python@a26af69be951a213d495a4c3e4e4022e16d87065' (SHA:a26af69be951a213d495a4c3e4e4022e16d87065)
native (ubuntu-latest)	Set up job	2026-09-06T15:57:28.8084947Z Complete job name: native (ubuntu-latest)
native (ubuntu-latest)	Checkout	﻿2026-09-06T15:57:28.8934056Z Node 20 is being deprecated. This workflow is running with Node 24 by default. If you need to temporarily use Node 20, you can set the ACTIONS_ALLOW_USE_UNSECURE_NODE_VERSION=true environment variable. For more information see: https://github.blog/changelog/2025-09-19-deprecation-of-node-20-on-github-actions-runners/
native (ubuntu-latest)	Checkout	2026-09-06T15:57:28.8943843Z ##[group]Run actions/checkout@11d5960a326750d5838078e36cf38b85af677262
native (ubuntu-latest)	Checkout	2026-09-06T15:57:28.8944844Z with:
native (ubuntu-latest)	Checkout	2026-09-06T15:57:28.8945295Z   fetch-depth: 0
native (ubuntu-latest)	Checkout	2026-09-06T15:57:28.8945762Z   persist-credentials: false
native (ubuntu-latest)	Checkout	2026-09-06T15:57:28.8946286Z   repository: neknaj/NEPL3
native (ubuntu-latest)	Checkout	2026-09-06T15:57:28.8950365Z   token: ***
native (ubuntu-latest)	Checkout	2026-09-06T15:57:28.8950821Z   ssh-strict: true
native (ubuntu-latest)	Checkout	2026-09-06T15:57:28.8951265Z   ssh-user: git
native (ubuntu-latest)	Checkout	2026-09-06T15:57:28.8951685Z   clean: true
native (ubuntu-latest)	Checkout	2026-09-06T15:57:28.8952137Z   sparse-checkout-cone-mode: true
native (ubuntu-latest)	Checkout	2026-09-06T15:57:28.8952669Z   fetch-tags: false
native (ubuntu-latest)	Checkout	2026-09-06T15:57:28.8953112Z   show-progress: true
native (ubuntu-latest)	Checkout	2026-09-06T15:57:28.8953564Z   lfs: false
native (ubuntu-latest)	Checkout	2026-09-06T15:57:28.8954040Z   submodules: false
native (ubuntu-latest)	Checkout	2026-09-06T15:57:28.8954509Z   set-safe-directory: true
native (ubuntu-latest)	Checkout	2026-09-06T15:57:28.8955025Z   allow-unsafe-pr-checkout: false
native (ubuntu-latest)	Checkout	2026-09-06T15:57:28.8955827Z env:
native (ubuntu-latest)	Checkout	2026-09-06T15:57:28.8956259Z   CARGO_TERM_COLOR: always
native (ubuntu-latest)	Checkout	2026-09-06T15:57:28.8956790Z   RUSTDOCFLAGS: -D warnings
native (ubuntu-latest)	Checkout	2026-09-06T15:57:28.8957283Z ##[endgroup]
native (ubuntu-latest)	Checkout	2026-09-06T15:57:29.0277251Z Syncing repository: neknaj/NEPL3
native (ubuntu-latest)	Checkout	2026-09-06T15:57:29.0280450Z ##[group]Getting Git version info
native (ubuntu-latest)	Checkout	2026-09-06T15:57:29.0281578Z Working directory is '/home/runner/work/NEPL3/NEPL3'
native (ubuntu-latest)	Checkout	2026-09-06T15:57:29.0283269Z [command]/usr/bin/git version
native (ubuntu-latest)	Checkout	2026-09-06T15:57:29.0412571Z git version 2.55.0
native (ubuntu-latest)	Checkout	2026-09-06T15:57:29.0441172Z ##[endgroup]
native (ubuntu-latest)	Checkout	2026-09-06T15:57:29.0457450Z Temporarily overriding HOME='/home/runner/work/_temp/d68757ea-f26c-4c89-b59d-8236d4655647' before making global git config changes
native (ubuntu-latest)	Checkout	2026-09-06T15:57:29.0460026Z Adding repository directory to the temporary git global config as a safe directory
native (ubuntu-latest)	Checkout	2026-09-06T15:57:29.0464258Z [command]/usr/bin/git config --global --add safe.directory /home/runner/work/NEPL3/NEPL3
native (ubuntu-latest)	Checkout	2026-09-06T15:57:29.0553730Z Deleting the contents of '/home/runner/work/NEPL3/NEPL3'
native (ubuntu-latest)	Checkout	2026-09-06T15:57:29.0560010Z ##[group]Initializing the repository
native (ubuntu-latest)	Checkout	2026-09-06T15:57:29.0565354Z [command]/usr/bin/git init /home/runner/work/NEPL3/NEPL3
native (ubuntu-latest)	Checkout	2026-09-06T15:57:29.0811376Z hint: Using 'master' as the name for the initial branch. This default branch name
native (ubuntu-latest)	Checkout	2026-09-06T15:57:29.0813899Z hint: will change to "main" in Git 3.0. To configure the initial branch name
native (ubuntu-latest)	Checkout	2026-09-06T15:57:29.0815956Z hint: to use in all of your new repositories, which will suppress this warning,
native (ubuntu-latest)	Checkout	2026-09-06T15:57:29.0817431Z hint: call:
native (ubuntu-latest)	Checkout	2026-09-06T15:57:29.0818341Z hint:
native (ubuntu-latest)	Checkout	2026-09-06T15:57:29.0819649Z hint: 	git config --global init.defaultBranch <name>
native (ubuntu-latest)	Checkout	2026-09-06T15:57:29.0820971Z hint:
native (ubuntu-latest)	Checkout	2026-09-06T15:57:29.0822299Z hint: Names commonly chosen instead of 'master' are 'main', 'trunk' and
native (ubuntu-latest)	Checkout	2026-09-06T15:57:29.0824307Z hint: 'development'. The just-created branch can be renamed via this command:
native (ubuntu-latest)	Checkout	2026-09-06T15:57:29.0825950Z hint:
native (ubuntu-latest)	Checkout	2026-09-06T15:57:29.0826955Z hint: 	git branch -m <name>
native (ubuntu-latest)	Checkout	2026-09-06T15:57:29.0827993Z hint:
native (ubuntu-latest)	Checkout	2026-09-06T15:57:29.0828886Z hint: Disable this message with "git config set advice.defaultBranchName false"
native (ubuntu-latest)	Checkout	2026-09-06T15:57:29.0831051Z Initialized empty Git repository in /home/runner/work/NEPL3/NEPL3/.git/
native (ubuntu-latest)	Checkout	2026-09-06T15:57:29.0834191Z [command]/usr/bin/git remote add origin https://github.com/neknaj/NEPL3
native (ubuntu-latest)	Checkout	2026-09-06T15:57:29.0885033Z ##[endgroup]
native (ubuntu-latest)	Checkout	2026-09-06T15:57:29.0886325Z ##[group]Disabling automatic garbage collection
native (ubuntu-latest)	Checkout	2026-09-06T15:57:29.0891048Z [command]/usr/bin/git config --local gc.auto 0
native (ubuntu-latest)	Checkout	2026-09-06T15:57:29.0933306Z ##[endgroup]
native (ubuntu-latest)	Checkout	2026-09-06T15:57:29.0934525Z ##[group]Setting up auth
native (ubuntu-latest)	Checkout	2026-09-06T15:57:29.0943276Z [command]/usr/bin/git config --local --name-only --get-regexp core\.sshCommand
native (ubuntu-latest)	Checkout	2026-09-06T15:57:29.0992284Z [command]/usr/bin/git submodule foreach --recursive sh -c "git config --local --name-only --get-regexp 'core\.sshCommand' && git config --local --unset-all 'core.sshCommand' || :"
native (ubuntu-latest)	Checkout	2026-09-06T15:57:29.1386836Z [command]/usr/bin/git config --local --name-only --get-regexp http\.https\:\/\/github\.com\/\.extraheader
native (ubuntu-latest)	Checkout	2026-09-06T15:57:29.1430219Z [command]/usr/bin/git submodule foreach --recursive sh -c "git config --local --name-only --get-regexp 'http\.https\:\/\/github\.com\/\.extraheader' && git config --local --unset-all 'http.https://github.com/.extraheader' || :"
native (ubuntu-latest)	Checkout	2026-09-06T15:57:29.1675654Z [command]/usr/bin/git config --local --name-only --get-regexp ^includeIf\.gitdir:
native (ubuntu-latest)	Checkout	2026-09-06T15:57:29.1716749Z [command]/usr/bin/git submodule foreach --recursive git config --local --show-origin --name-only --get-regexp remote.origin.url
native (ubuntu-latest)	Checkout	2026-09-06T15:57:29.1973687Z [command]/usr/bin/git config --local http.https://github.com/.extraheader AUTHORIZATION: basic ***
native (ubuntu-latest)	Checkout	2026-09-06T15:57:29.2018475Z ##[endgroup]
native (ubuntu-latest)	Checkout	2026-09-06T15:57:29.2020603Z ##[group]Fetching the repository
native (ubuntu-latest)	Checkout	2026-09-06T15:57:29.2031994Z [command]/usr/bin/git -c protocol.version=2 fetch --prune --no-recurse-submodules origin +refs/heads/*:refs/remotes/origin/* +refs/tags/*:refs/tags/*
native (ubuntu-latest)	Checkout	2026-09-06T15:57:29.5835307Z From https://github.com/neknaj/NEPL3
native (ubuntu-latest)	Checkout	2026-09-06T15:57:29.5838037Z  * [new branch]      dependabot/github_actions/github-actions-69435ca2c2 -> origin/dependabot/github_actions/github-actions-69435ca2c2
native (ubuntu-latest)	Checkout	2026-09-06T15:57:29.5840564Z  * [new branch]      main       -> origin/main
native (ubuntu-latest)	Checkout	2026-09-06T15:57:29.5850730Z [command]/usr/bin/git branch --list --remote origin/main
native (ubuntu-latest)	Checkout	2026-09-06T15:57:29.5882641Z   origin/main
native (ubuntu-latest)	Checkout	2026-09-06T15:57:29.5893709Z [command]/usr/bin/git rev-parse refs/remotes/origin/main
native (ubuntu-latest)	Checkout	2026-09-06T15:57:29.5930944Z da7328c6157b889684f3a153579b3934dfadae73
native (ubuntu-latest)	Checkout	2026-09-06T15:57:29.5951920Z ##[endgroup]
native (ubuntu-latest)	Checkout	2026-09-06T15:57:29.5953275Z ##[group]Determining the checkout info
native (ubuntu-latest)	Checkout	2026-09-06T15:57:29.5954509Z ##[endgroup]
native (ubuntu-latest)	Checkout	2026-09-06T15:57:29.5960651Z [command]/usr/bin/git sparse-checkout disable
native (ubuntu-latest)	Checkout	2026-09-06T15:57:29.6024472Z [command]/usr/bin/git config --local --unset-all extensions.worktreeConfig
native (ubuntu-latest)	Checkout	2026-09-06T15:57:29.6065869Z ##[group]Checking out the ref
native (ubuntu-latest)	Checkout	2026-09-06T15:57:29.6071639Z [command]/usr/bin/git checkout --progress --force -B main refs/remotes/origin/main
native (ubuntu-latest)	Checkout	2026-09-06T15:57:29.6296582Z Switched to a new branch 'main'
native (ubuntu-latest)	Checkout	2026-09-06T15:57:29.6301567Z branch 'main' set up to track 'origin/main'.
native (ubuntu-latest)	Checkout	2026-09-06T15:57:29.6310250Z ##[endgroup]
native (ubuntu-latest)	Checkout	2026-09-06T15:57:29.6359814Z [command]/usr/bin/git log -1 --format=%H
native (ubuntu-latest)	Checkout	2026-09-06T15:57:29.6390315Z da7328c6157b889684f3a153579b3934dfadae73
native (ubuntu-latest)	Checkout	2026-09-06T15:57:29.6400365Z ##[group]Removing auth
native (ubuntu-latest)	Checkout	2026-09-06T15:57:29.6404401Z [command]/usr/bin/git config --local --name-only --get-regexp core\.sshCommand
native (ubuntu-latest)	Checkout	2026-09-06T15:57:29.6443168Z [command]/usr/bin/git submodule foreach --recursive sh -c "git config --local --name-only --get-regexp 'core\.sshCommand' && git config --local --unset-all 'core.sshCommand' || :"
native (ubuntu-latest)	Checkout	2026-09-06T15:57:29.6679005Z [command]/usr/bin/git config --local --name-only --get-regexp http\.https\:\/\/github\.com\/\.extraheader
native (ubuntu-latest)	Checkout	2026-09-06T15:57:29.6714092Z http.https://github.com/.extraheader
native (ubuntu-latest)	Checkout	2026-09-06T15:57:29.6734133Z [command]/usr/bin/git config --local --unset-all http.https://github.com/.extraheader
native (ubuntu-latest)	Checkout	2026-09-06T15:57:29.6766083Z [command]/usr/bin/git submodule foreach --recursive sh -c "git config --local --name-only --get-regexp 'http\.https\:\/\/github\.com\/\.extraheader' && git config --local --unset-all 'http.https://github.com/.extraheader' || :"
native (ubuntu-latest)	Checkout	2026-09-06T15:57:29.7002711Z [command]/usr/bin/git config --local --name-only --get-regexp ^includeIf\.gitdir:
native (ubuntu-latest)	Checkout	2026-09-06T15:57:29.7042817Z [command]/usr/bin/git submodule foreach --recursive git config --local --show-origin --name-only --get-regexp remote.origin.url
native (ubuntu-latest)	Checkout	2026-09-06T15:57:29.7279202Z ##[endgroup]
native (ubuntu-latest)	Install pinned toolchain and components	﻿2026-09-06T15:57:29.7538883Z ##[group]Run rustup show active-toolchain
native (ubuntu-latest)	Install pinned toolchain and components	2026-09-06T15:57:29.7540789Z [36;1mrustup show active-toolchain[0m
native (ubuntu-latest)	Install pinned toolchain and components	2026-09-06T15:57:29.7542278Z [36;1mrustup component add rustfmt clippy[0m
native (ubuntu-latest)	Install pinned toolchain and components	2026-09-06T15:57:29.7543745Z [36;1mrustc --version --verbose[0m
native (ubuntu-latest)	Install pinned toolchain and components	2026-09-06T15:57:29.7545027Z [36;1mcargo --version[0m
native (ubuntu-latest)	Install pinned toolchain and components	2026-09-06T15:57:29.7588905Z shell: /usr/bin/bash --noprofile --norc -e -o pipefail {0}
native (ubuntu-latest)	Install pinned toolchain and components	2026-09-06T15:57:29.7590800Z env:
native (ubuntu-latest)	Install pinned toolchain and components	2026-09-06T15:57:29.7591758Z   CARGO_TERM_COLOR: always
native (ubuntu-latest)	Install pinned toolchain and components	2026-09-06T15:57:29.7592932Z   RUSTDOCFLAGS: -D warnings
native (ubuntu-latest)	Install pinned toolchain and components	2026-09-06T15:57:29.7594072Z ##[endgroup]
native (ubuntu-latest)	Install pinned toolchain and components	2026-09-06T15:57:29.8170107Z info: syncing channel updates for 1.97.0-x86_64-unknown-linux-gnu
native (ubuntu-latest)	Install pinned toolchain and components	2026-09-06T15:57:29.9351012Z info: latest update on 2026-07-09 for version 1.97.0 (2d8144b78 2026-07-07)
native (ubuntu-latest)	Install pinned toolchain and components	2026-09-06T15:57:29.9364121Z info: downloading 5 components
native (ubuntu-latest)	Install pinned toolchain and components	2026-09-06T15:57:38.5375282Z 1.97.0-x86_64-unknown-linux-gnu (overridden by '/home/runner/work/NEPL3/NEPL3/rust-toolchain.toml')
native (ubuntu-latest)	Install pinned toolchain and components	2026-09-06T15:57:38.6141873Z info: component rustfmt is up to date
native (ubuntu-latest)	Install pinned toolchain and components	2026-09-06T15:57:38.6608249Z info: component clippy is up to date
native (ubuntu-latest)	Install pinned toolchain and components	2026-09-06T15:57:38.6947359Z rustc 1.97.0 (2d8144b78 2026-07-07)
native (ubuntu-latest)	Install pinned toolchain and components	2026-09-06T15:57:38.6948514Z binary: rustc
native (ubuntu-latest)	Install pinned toolchain and components	2026-09-06T15:57:38.6949093Z commit-hash: 2d8144b7880597b6e6d3dfd63a9a9efae3f533d3
native (ubuntu-latest)	Install pinned toolchain and components	2026-09-06T15:57:38.6950023Z commit-date: 2026-07-07
native (ubuntu-latest)	Install pinned toolchain and components	2026-09-06T15:57:38.6950617Z host: x86_64-unknown-linux-gnu
native (ubuntu-latest)	Install pinned toolchain and components	2026-09-06T15:57:38.6951217Z release: 1.97.0
native (ubuntu-latest)	Install pinned toolchain and components	2026-09-06T15:57:38.6951860Z LLVM version: 22.1.6
native (ubuntu-latest)	Install pinned toolchain and components	2026-09-06T15:57:38.7247221Z cargo 1.97.0 (c980f4866 2026-06-30)
native (ubuntu-latest)	Install structural audit interpreter	﻿2026-09-06T15:57:38.7371353Z Node 20 is being deprecated. This workflow is running with Node 24 by default. If you need to temporarily use Node 20, you can set the ACTIONS_ALLOW_USE_UNSECURE_NODE_VERSION=true environment variable. For more information see: https://github.blog/changelog/2025-09-19-deprecation-of-node-20-on-github-actions-runners/
native (ubuntu-latest)	Install structural audit interpreter	2026-09-06T15:57:38.7373720Z ##[group]Run actions/setup-python@a26af69be951a213d495a4c3e4e4022e16d87065
native (ubuntu-latest)	Install structural audit interpreter	2026-09-06T15:57:38.7374192Z with:
native (ubuntu-latest)	Install structural audit interpreter	2026-09-06T15:57:38.7374466Z   python-version: 3.13
native (ubuntu-latest)	Install structural audit interpreter	2026-09-06T15:57:38.7374791Z   check-latest: false
native (ubuntu-latest)	Install structural audit interpreter	2026-09-06T15:57:38.7377208Z   token: ***
native (ubuntu-latest)	Install structural audit interpreter	2026-09-06T15:57:38.7377479Z   update-environment: true
native (ubuntu-latest)	Install structural audit interpreter	2026-09-06T15:57:38.7377783Z   allow-prereleases: false
native (ubuntu-latest)	Install structural audit interpreter	2026-09-06T15:57:38.7378069Z   freethreaded: false
native (ubuntu-latest)	Install structural audit interpreter	2026-09-06T15:57:38.7378665Z env:
native (ubuntu-latest)	Install structural audit interpreter	2026-09-06T15:57:38.7378905Z   CARGO_TERM_COLOR: always
native (ubuntu-latest)	Install structural audit interpreter	2026-09-06T15:57:38.7379441Z   RUSTDOCFLAGS: -D warnings
native (ubuntu-latest)	Install structural audit interpreter	2026-09-06T15:57:38.7379810Z ##[endgroup]
native (ubuntu-latest)	Install structural audit interpreter	2026-09-06T15:57:38.8780246Z ##[group]Installed versions
native (ubuntu-latest)	Install structural audit interpreter	2026-09-06T15:57:38.8884617Z (node:2295) [DEP0040] DeprecationWarning: The `punycode` module is deprecated. Please use a userland alternative instead.
native (ubuntu-latest)	Install structural audit interpreter	2026-09-06T15:57:38.8886261Z (Use `node --trace-deprecation ...` to show where the warning was created)
native (ubuntu-latest)	Install structural audit interpreter	2026-09-06T15:57:38.8887029Z Successfully set up CPython (3.13.15)
native (ubuntu-latest)	Install structural audit interpreter	2026-09-06T15:57:38.8887725Z ##[endgroup]
native (ubuntu-latest)	Independent structure audit	﻿2026-09-06T15:57:38.9058911Z ##[group]Run python tools/audit/structure.py
native (ubuntu-latest)	Independent structure audit	2026-09-06T15:57:38.9059893Z [36;1mpython tools/audit/structure.py[0m
native (ubuntu-latest)	Independent structure audit	2026-09-06T15:57:38.9124472Z shell: /usr/bin/bash --noprofile --norc -e -o pipefail {0}
native (ubuntu-latest)	Independent structure audit	2026-09-06T15:57:38.9125167Z env:
native (ubuntu-latest)	Independent structure audit	2026-09-06T15:57:38.9125558Z   CARGO_TERM_COLOR: always
native (ubuntu-latest)	Independent structure audit	2026-09-06T15:57:38.9126027Z   RUSTDOCFLAGS: -D warnings
native (ubuntu-latest)	Independent structure audit	2026-09-06T15:57:38.9126592Z   pythonLocation: /opt/hostedtoolcache/Python/3.13.15/x64
native (ubuntu-latest)	Independent structure audit	2026-09-06T15:57:38.9127439Z   PKG_CONFIG_PATH: /opt/hostedtoolcache/Python/3.13.15/x64/lib/pkgconfig
native (ubuntu-latest)	Independent structure audit	2026-09-06T15:57:38.9128228Z   Python_ROOT_DIR: /opt/hostedtoolcache/Python/3.13.15/x64
native (ubuntu-latest)	Independent structure audit	2026-09-06T15:57:38.9128942Z   Python2_ROOT_DIR: /opt/hostedtoolcache/Python/3.13.15/x64
native (ubuntu-latest)	Independent structure audit	2026-09-06T15:57:38.9129876Z   Python3_ROOT_DIR: /opt/hostedtoolcache/Python/3.13.15/x64
native (ubuntu-latest)	Independent structure audit	2026-09-06T15:57:38.9130600Z   LD_LIBRARY_PATH: /opt/hostedtoolcache/Python/3.13.15/x64/lib
native (ubuntu-latest)	Independent structure audit	2026-09-06T15:57:38.9131226Z ##[endgroup]
native (ubuntu-latest)	Independent structure audit	2026-09-06T15:57:39.3546348Z {
native (ubuntu-latest)	Independent structure audit	2026-09-06T15:57:39.3547228Z   "scope": "design-source structure only; not runtime conformance",
native (ubuntu-latest)	Independent structure audit	2026-09-06T15:57:39.3547912Z   "sources": [
native (ubuntu-latest)	Independent structure audit	2026-09-06T15:57:39.3548211Z     {
native (ubuntu-latest)	Independent structure audit	2026-09-06T15:57:39.3548576Z       "path": "languages/grammar/syntax.neplg",
native (ubuntu-latest)	Independent structure audit	2026-09-06T15:57:39.3549041Z       "form_signatures": 68
native (ubuntu-latest)	Independent structure audit	2026-09-06T15:57:39.3549698Z     },
native (ubuntu-latest)	Independent structure audit	2026-09-06T15:57:39.3550027Z     {
native (ubuntu-latest)	Independent structure audit	2026-09-06T15:57:39.3550342Z       "path": "languages/doc/syntax.neplg",
native (ubuntu-latest)	Independent structure audit	2026-09-06T15:57:39.3550788Z       "form_signatures": 32
native (ubuntu-latest)	Independent structure audit	2026-09-06T15:57:39.3551119Z     },
native (ubuntu-latest)	Independent structure audit	2026-09-06T15:57:39.3551375Z     {
native (ubuntu-latest)	Independent structure audit	2026-09-06T15:57:39.3551679Z       "path": "languages/math/syntax.neplg",
native (ubuntu-latest)	Independent structure audit	2026-09-06T15:57:39.3552111Z       "form_signatures": 29
native (ubuntu-latest)	Independent structure audit	2026-09-06T15:57:39.3552432Z     },
native (ubuntu-latest)	Independent structure audit	2026-09-06T15:57:39.3552691Z     {
native (ubuntu-latest)	Independent structure audit	2026-09-06T15:57:39.3553003Z       "path": "languages/circuit/syntax.neplg",
native (ubuntu-latest)	Independent structure audit	2026-09-06T15:57:39.3553437Z       "form_signatures": 26
native (ubuntu-latest)	Independent structure audit	2026-09-06T15:57:39.3553749Z     },
native (ubuntu-latest)	Independent structure audit	2026-09-06T15:57:39.3553995Z     {
native (ubuntu-latest)	Independent structure audit	2026-09-06T15:57:39.3554318Z       "path": "examples/circuit/half-adder.neplc"
native (ubuntu-latest)	Independent structure audit	2026-09-06T15:57:39.3554763Z     },
native (ubuntu-latest)	Independent structure audit	2026-09-06T15:57:39.3555012Z     {
native (ubuntu-latest)	Independent structure audit	2026-09-06T15:57:39.3555325Z       "path": "examples/circuit/instances.neplc"
native (ubuntu-latest)	Independent structure audit	2026-09-06T15:57:39.3555749Z     },
native (ubuntu-latest)	Independent structure audit	2026-09-06T15:57:39.3555999Z     {
native (ubuntu-latest)	Independent structure audit	2026-09-06T15:57:39.3556354Z       "path": "examples/circuit/simultaneous.neplc"
native (ubuntu-latest)	Independent structure audit	2026-09-06T15:57:39.3556801Z     },
native (ubuntu-latest)	Independent structure audit	2026-09-06T15:57:39.3557073Z     {
native (ubuntu-latest)	Independent structure audit	2026-09-06T15:57:39.3557438Z       "path": "examples/circuit/state-feedback.neplc"
native (ubuntu-latest)	Independent structure audit	2026-09-06T15:57:39.3557911Z     },
native (ubuntu-latest)	Independent structure audit	2026-09-06T15:57:39.3558169Z     {
native (ubuntu-latest)	Independent structure audit	2026-09-06T15:57:39.3558475Z       "path": "examples/circuit/toggle.neplc"
native (ubuntu-latest)	Independent structure audit	2026-09-06T15:57:39.3558878Z     },
native (ubuntu-latest)	Independent structure audit	2026-09-06T15:57:39.3559131Z     {
native (ubuntu-latest)	Independent structure audit	2026-09-06T15:57:39.3559701Z       "path": "examples/document/integration.nepld"
native (ubuntu-latest)	Independent structure audit	2026-09-06T15:57:39.3560145Z     },
native (ubuntu-latest)	Independent structure audit	2026-09-06T15:57:39.3560398Z     {
native (ubuntu-latest)	Independent structure audit	2026-09-06T15:57:39.3560730Z       "path": "examples/document/parallel.nepld"
native (ubuntu-latest)	Independent structure audit	2026-09-06T15:57:39.3561160Z     },
native (ubuntu-latest)	Independent structure audit	2026-09-06T15:57:39.3561417Z     {
native (ubuntu-latest)	Independent structure audit	2026-09-06T15:57:39.3561739Z       "path": "examples/document/prefix.nepld"
native (ubuntu-latest)	Independent structure audit	2026-09-06T15:57:39.3562188Z     },
native (ubuntu-latest)	Independent structure audit	2026-09-06T15:57:39.3562439Z     {
native (ubuntu-latest)	Independent structure audit	2026-09-06T15:57:39.3562766Z       "path": "examples/document/references.nepld"
native (ubuntu-latest)	Independent structure audit	2026-09-06T15:57:39.3563218Z     },
native (ubuntu-latest)	Independent structure audit	2026-09-06T15:57:39.3563479Z     {
native (ubuntu-latest)	Independent structure audit	2026-09-06T15:57:39.3563795Z       "path": "examples/document/sentence.nepld"
native (ubuntu-latest)	Independent structure audit	2026-09-06T15:57:39.3564238Z     },
native (ubuntu-latest)	Independent structure audit	2026-09-06T15:57:39.3564510Z     {
native (ubuntu-latest)	Independent structure audit	2026-09-06T15:57:39.3565280Z       "path": "examples/grammar/angle-tag.neplg"
native (ubuntu-latest)	Independent structure audit	2026-09-06T15:57:39.3565688Z     },
native (ubuntu-latest)	Independent structure audit	2026-09-06T15:57:39.3565937Z     {
native (ubuntu-latest)	Independent structure audit	2026-09-06T15:57:39.3566247Z       "path": "examples/grammar/binding.neplg"
native (ubuntu-latest)	Independent structure audit	2026-09-06T15:57:39.3566673Z     },
native (ubuntu-latest)	Independent structure audit	2026-09-06T15:57:39.3566960Z     {
native (ubuntu-latest)	Independent structure audit	2026-09-06T15:57:39.3567314Z       "path": "examples/grammar/provider.neplg"
native (ubuntu-latest)	Independent structure audit	2026-09-06T15:57:39.3567764Z     },
native (ubuntu-latest)	Independent structure audit	2026-09-06T15:57:39.3568049Z     {
native (ubuntu-latest)	Independent structure audit	2026-09-06T15:57:39.3568367Z       "path": "examples/math/binding.neplm"
native (ubuntu-latest)	Independent structure audit	2026-09-06T15:57:39.3568786Z     },
native (ubuntu-latest)	Independent structure audit	2026-09-06T15:57:39.3569049Z     {
native (ubuntu-latest)	Independent structure audit	2026-09-06T15:57:39.3569579Z       "path": "examples/math/decimal.neplm"
native (ubuntu-latest)	Independent structure audit	2026-09-06T15:57:39.3570385Z     },
native (ubuntu-latest)	Independent structure audit	2026-09-06T15:57:39.3570646Z     {
native (ubuntu-latest)	Independent structure audit	2026-09-06T15:57:39.3571009Z       "path": "examples/math/doc-label.neplm"
native (ubuntu-latest)	Independent structure audit	2026-09-06T15:57:39.3571521Z     },
native (ubuntu-latest)	Independent structure audit	2026-09-06T15:57:39.3571785Z     {
native (ubuntu-latest)	Independent structure audit	2026-09-06T15:57:39.3572094Z       "path": "examples/math/matrix.neplm"
native (ubuntu-latest)	Independent structure audit	2026-09-06T15:57:39.3572527Z     },
native (ubuntu-latest)	Independent structure audit	2026-09-06T15:57:39.3572801Z     {
native (ubuntu-latest)	Independent structure audit	2026-09-06T15:57:39.3573161Z       "path": "examples/math/notation.neplm"
native (ubuntu-latest)	Independent structure audit	2026-09-06T15:57:39.3573599Z     },
native (ubuntu-latest)	Independent structure audit	2026-09-06T15:57:39.3573877Z     {
native (ubuntu-latest)	Independent structure audit	2026-09-06T15:57:39.3574203Z       "path": "examples/math/rational.neplm"
native (ubuntu-latest)	Independent structure audit	2026-09-06T15:57:39.3574643Z     },
native (ubuntu-latest)	Independent structure audit	2026-09-06T15:57:39.3574927Z     {
native (ubuntu-latest)	Independent structure audit	2026-09-06T15:57:39.3575230Z       "path": "examples/math/sum.neplm"
native (ubuntu-latest)	Independent structure audit	2026-09-06T15:57:39.3575643Z     }
native (ubuntu-latest)	Independent structure audit	2026-09-06T15:57:39.3575929Z   ]
native (ubuntu-latest)	Independent structure audit	2026-09-06T15:57:39.3576243Z }
native (ubuntu-latest)	Structure audit tests	﻿2026-09-06T15:57:39.3643088Z ##[group]Run python -m unittest discover -s tools/audit -p test.py
native (ubuntu-latest)	Structure audit tests	2026-09-06T15:57:39.3643649Z [36;1mpython -m unittest discover -s tools/audit -p test.py[0m
native (ubuntu-latest)	Structure audit tests	2026-09-06T15:57:39.3682767Z shell: /usr/bin/bash --noprofile --norc -e -o pipefail {0}
native (ubuntu-latest)	Structure audit tests	2026-09-06T15:57:39.3683129Z env:
native (ubuntu-latest)	Structure audit tests	2026-09-06T15:57:39.3683336Z   CARGO_TERM_COLOR: always
native (ubuntu-latest)	Structure audit tests	2026-09-06T15:57:39.3683582Z   RUSTDOCFLAGS: -D warnings
native (ubuntu-latest)	Structure audit tests	2026-09-06T15:57:39.3683891Z   pythonLocation: /opt/hostedtoolcache/Python/3.13.15/x64
native (ubuntu-latest)	Structure audit tests	2026-09-06T15:57:39.3684325Z   PKG_CONFIG_PATH: /opt/hostedtoolcache/Python/3.13.15/x64/lib/pkgconfig
native (ubuntu-latest)	Structure audit tests	2026-09-06T15:57:39.3684773Z   Python_ROOT_DIR: /opt/hostedtoolcache/Python/3.13.15/x64
native (ubuntu-latest)	Structure audit tests	2026-09-06T15:57:39.3685156Z   Python2_ROOT_DIR: /opt/hostedtoolcache/Python/3.13.15/x64
native (ubuntu-latest)	Structure audit tests	2026-09-06T15:57:39.3685535Z   Python3_ROOT_DIR: /opt/hostedtoolcache/Python/3.13.15/x64
native (ubuntu-latest)	Structure audit tests	2026-09-06T15:57:39.3685916Z   LD_LIBRARY_PATH: /opt/hostedtoolcache/Python/3.13.15/x64/lib
native (ubuntu-latest)	Structure audit tests	2026-09-06T15:57:39.3686255Z ##[endgroup]
native (ubuntu-latest)	Structure audit tests	2026-09-06T15:57:39.7094925Z ......
native (ubuntu-latest)	Structure audit tests	2026-09-06T15:57:39.7095922Z ----------------------------------------------------------------------
native (ubuntu-latest)	Structure audit tests	2026-09-06T15:57:39.7096757Z Ran 6 tests in 0.002s
native (ubuntu-latest)	Structure audit tests	2026-09-06T15:57:39.7097215Z 
native (ubuntu-latest)	Structure audit tests	2026-09-06T15:57:39.7097656Z OK
native (ubuntu-latest)	Format	﻿2026-09-06T15:57:39.7238538Z ##[group]Run cargo fmt --all -- --check
native (ubuntu-latest)	Format	2026-09-06T15:57:39.7238922Z [36;1mcargo fmt --all -- --check[0m
native (ubuntu-latest)	Format	2026-09-06T15:57:39.7276760Z shell: /usr/bin/bash --noprofile --norc -e -o pipefail {0}
native (ubuntu-latest)	Format	2026-09-06T15:57:39.7277131Z env:
native (ubuntu-latest)	Format	2026-09-06T15:57:39.7277340Z   CARGO_TERM_COLOR: always
native (ubuntu-latest)	Format	2026-09-06T15:57:39.7277600Z   RUSTDOCFLAGS: -D warnings
native (ubuntu-latest)	Format	2026-09-06T15:57:39.7277936Z   pythonLocation: /opt/hostedtoolcache/Python/3.13.15/x64
native (ubuntu-latest)	Format	2026-09-06T15:57:39.7278392Z   PKG_CONFIG_PATH: /opt/hostedtoolcache/Python/3.13.15/x64/lib/pkgconfig
native (ubuntu-latest)	Format	2026-09-06T15:57:39.7278838Z   Python_ROOT_DIR: /opt/hostedtoolcache/Python/3.13.15/x64
native (ubuntu-latest)	Format	2026-09-06T15:57:39.7279459Z   Python2_ROOT_DIR: /opt/hostedtoolcache/Python/3.13.15/x64
native (ubuntu-latest)	Format	2026-09-06T15:57:39.7279897Z   Python3_ROOT_DIR: /opt/hostedtoolcache/Python/3.13.15/x64
native (ubuntu-latest)	Format	2026-09-06T15:57:39.7280314Z   LD_LIBRARY_PATH: /opt/hostedtoolcache/Python/3.13.15/x64/lib
native (ubuntu-latest)	Format	2026-09-06T15:57:39.7280660Z ##[endgroup]
native (ubuntu-latest)	Clippy	﻿2026-09-06T15:57:40.0037590Z ##[group]Run cargo clippy --workspace --all-targets --locked -- -D warnings
native (ubuntu-latest)	Clippy	2026-09-06T15:57:40.0038187Z [36;1mcargo clippy --workspace --all-targets --locked -- -D warnings[0m
native (ubuntu-latest)	Clippy	2026-09-06T15:57:40.0075857Z shell: /usr/bin/bash --noprofile --norc -e -o pipefail {0}
native (ubuntu-latest)	Clippy	2026-09-06T15:57:40.0076210Z env:
native (ubuntu-latest)	Clippy	2026-09-06T15:57:40.0076411Z   CARGO_TERM_COLOR: always
native (ubuntu-latest)	Clippy	2026-09-06T15:57:40.0076850Z   RUSTDOCFLAGS: -D warnings
native (ubuntu-latest)	Clippy	2026-09-06T15:57:40.0077155Z   pythonLocation: /opt/hostedtoolcache/Python/3.13.15/x64
native (ubuntu-latest)	Clippy	2026-09-06T15:57:40.0077589Z   PKG_CONFIG_PATH: /opt/hostedtoolcache/Python/3.13.15/x64/lib/pkgconfig
native (ubuntu-latest)	Clippy	2026-09-06T15:57:40.0078021Z   Python_ROOT_DIR: /opt/hostedtoolcache/Python/3.13.15/x64
native (ubuntu-latest)	Clippy	2026-09-06T15:57:40.0078405Z   Python2_ROOT_DIR: /opt/hostedtoolcache/Python/3.13.15/x64
native (ubuntu-latest)	Clippy	2026-09-06T15:57:40.0078782Z   Python3_ROOT_DIR: /opt/hostedtoolcache/Python/3.13.15/x64
native (ubuntu-latest)	Clippy	2026-09-06T15:57:40.0079174Z   LD_LIBRARY_PATH: /opt/hostedtoolcache/Python/3.13.15/x64/lib
native (ubuntu-latest)	Clippy	2026-09-06T15:57:40.0079812Z ##[endgroup]
native (ubuntu-latest)	Clippy	2026-09-06T15:57:40.0947349Z [1m[92m    Updating[0m crates.io index
native (ubuntu-latest)	Clippy	2026-09-06T15:57:40.4868408Z [1m[92m Downloading[0m crates ...
native (ubuntu-latest)	Clippy	2026-09-06T15:57:40.5853198Z [1m[92m  Downloaded[0m serde_core v1.0.229
native (ubuntu-latest)	Clippy	2026-09-06T15:57:40.5886821Z [1m[92m  Downloaded[0m autocfg v1.5.1
native (ubuntu-latest)	Clippy	2026-09-06T15:57:40.5910564Z [1m[92m  Downloaded[0m cpufeatures v0.3.1
native (ubuntu-latest)	Clippy	2026-09-06T15:57:40.5925923Z [1m[92m  Downloaded[0m quote v1.0.47
native (ubuntu-latest)	Clippy	2026-09-06T15:57:40.5962933Z [1m[92m  Downloaded[0m sha2 v0.11.0
native (ubuntu-latest)	Clippy	2026-09-06T15:57:40.6015155Z [1m[92m  Downloaded[0m unicode-ident v1.0.18
native (ubuntu-latest)	Clippy	2026-09-06T15:57:40.6045914Z [1m[92m  Downloaded[0m digest v0.11.3
native (ubuntu-latest)	Clippy	2026-09-06T15:57:40.6075769Z [1m[92m  Downloaded[0m unicase v2.9.0
native (ubuntu-latest)	Clippy	2026-09-06T15:57:40.6095692Z [1m[92m  Downloaded[0m memchr v2.8.3
native (ubuntu-latest)	Clippy	2026-09-06T15:57:40.6159794Z [1m[92m  Downloaded[0m block-buffer v0.12.1
native (ubuntu-latest)	Clippy	2026-09-06T15:57:40.6172051Z [1m[92m  Downloaded[0m zmij v1.0.23
native (ubuntu-latest)	Clippy	2026-09-06T15:57:40.6209160Z [1m[92m  Downloaded[0m cfg-if v1.0.4
native (ubuntu-latest)	Clippy	2026-09-06T15:57:40.6220387Z [1m[92m  Downloaded[0m crypto-common v0.2.2
native (ubuntu-latest)	Clippy	2026-09-06T15:57:40.6230448Z [1m[92m  Downloaded[0m itoa v1.0.18
native (ubuntu-latest)	Clippy	2026-09-06T15:57:40.6237522Z [1m[92m  Downloaded[0m hybrid-array v0.4.14
native (ubuntu-latest)	Clippy	2026-09-06T15:57:40.6261693Z [1m[92m  Downloaded[0m proc-macro2 v1.0.107
native (ubuntu-latest)	Clippy	2026-09-06T15:57:40.6293221Z [1m[92m  Downloaded[0m bitflags v2.13.1
native (ubuntu-latest)	Clippy	2026-09-06T15:57:40.6340060Z [1m[92m  Downloaded[0m num-integer v0.1.47
native (ubuntu-latest)	Clippy	2026-09-06T15:57:40.6356596Z [1m[92m  Downloaded[0m num-traits v0.2.19
native (ubuntu-latest)	Clippy	2026-09-06T15:57:40.6383413Z [1m[92m  Downloaded[0m serde v1.0.229
native (ubuntu-latest)	Clippy	2026-09-06T15:57:40.6418902Z [1m[92m  Downloaded[0m serde_derive v1.0.229
native (ubuntu-latest)	Clippy	2026-09-06T15:57:40.6450321Z [1m[92m  Downloaded[0m typenum v1.20.1
native (ubuntu-latest)	Clippy	2026-09-06T15:57:40.6485588Z [1m[92m  Downloaded[0m num-bigint v0.4.8
native (ubuntu-latest)	Clippy	2026-09-06T15:57:40.6536735Z [1m[92m  Downloaded[0m serde_json v1.0.151
native (ubuntu-latest)	Clippy	2026-09-06T15:57:40.6614899Z [1m[92m  Downloaded[0m pulldown-cmark v0.13.4
native (ubuntu-latest)	Clippy	2026-09-06T15:57:40.6675053Z [1m[92m  Downloaded[0m syn v3.0.5
native (ubuntu-latest)	Clippy	2026-09-06T15:57:40.7393886Z [1m[92m   Compiling[0m autocfg v1.5.1
native (ubuntu-latest)	Clippy	2026-09-06T15:57:40.7394889Z [1m[92m    Checking[0m typenum v1.20.1
native (ubuntu-latest)	Clippy	2026-09-06T15:57:40.7395809Z [1m[92m    Checking[0m cpufeatures v0.3.1
native (ubuntu-latest)	Clippy	2026-09-06T15:57:40.7396437Z [1m[92m    Checking[0m cfg-if v1.0.4
native (ubuntu-latest)	Clippy	2026-09-06T15:57:40.7651001Z [1m[92m   Compiling[0m proc-macro2 v1.0.107
native (ubuntu-latest)	Clippy	2026-09-06T15:57:40.7652110Z [1m[92m   Compiling[0m quote v1.0.47
native (ubuntu-latest)	Clippy	2026-09-06T15:57:41.0401342Z [1m[92m   Compiling[0m unicode-ident v1.0.18
native (ubuntu-latest)	Clippy	2026-09-06T15:57:41.1038492Z [1m[92m   Compiling[0m num-traits v0.2.19
native (ubuntu-latest)	Clippy	2026-09-06T15:57:41.1126393Z [1m[92m   Compiling[0m serde_core v1.0.229
native (ubuntu-latest)	Clippy	2026-09-06T15:57:41.3091027Z [1m[92m   Compiling[0m zmij v1.0.23
native (ubuntu-latest)	Clippy	2026-09-06T15:57:41.7161398Z [1m[92m    Checking[0m hybrid-array v0.4.14
native (ubuntu-latest)	Clippy	2026-09-06T15:57:41.8887441Z [1m[92m    Checking[0m num-integer v0.1.47
native (ubuntu-latest)	Clippy	2026-09-06T15:57:41.9720662Z [1m[92m   Compiling[0m syn v3.0.5
native (ubuntu-latest)	Clippy	2026-09-06T15:57:42.0820985Z [1m[92m    Checking[0m num-bigint v0.4.8
native (ubuntu-latest)	Clippy	2026-09-06T15:57:42.2318140Z [1m[92m    Checking[0m crypto-common v0.2.2
native (ubuntu-latest)	Clippy	2026-09-06T15:57:42.8460823Z [1m[92m    Checking[0m block-buffer v0.12.1
native (ubuntu-latest)	Clippy	2026-09-06T15:57:42.9240557Z [1m[92m    Checking[0m digest v0.11.3
native (ubuntu-latest)	Clippy	2026-09-06T15:57:43.0091576Z [1m[92m    Checking[0m sha2 v0.11.0
native (ubuntu-latest)	Clippy	2026-09-06T15:57:43.1390570Z [1m[92m   Compiling[0m serde v1.0.229
native (ubuntu-latest)	Clippy	2026-09-06T15:57:43.2990401Z [1m[92m   Compiling[0m serde_json v1.0.151
native (ubuntu-latest)	Clippy	2026-09-06T15:57:43.3968902Z [1m[92m    Checking[0m memchr v2.8.3
native (ubuntu-latest)	Clippy	2026-09-06T15:57:43.5361226Z [1m[92m   Compiling[0m pulldown-cmark v0.13.4
native (ubuntu-latest)	Clippy	2026-09-06T15:57:43.6691759Z [1m[92m    Checking[0m nepl3-core v0.1.0 (/home/runner/work/NEPL3/NEPL3/crates/foundation/core)
native (ubuntu-latest)	Clippy	2026-09-06T15:57:43.8180864Z [1m[92m    Checking[0m itoa v1.0.18
native (ubuntu-latest)	Clippy	2026-09-06T15:57:43.8810796Z [1m[92m    Checking[0m bitflags v2.13.1
native (ubuntu-latest)	Clippy	2026-09-06T15:57:43.9381078Z [1m[92m    Checking[0m unicase v2.9.0
native (ubuntu-latest)	Clippy	2026-09-06T15:57:44.4155626Z [1m[92m   Compiling[0m serde_derive v1.0.229
native (ubuntu-latest)	Clippy	2026-09-06T15:57:44.8666737Z [1m[92m    Checking[0m nepl3-wire v0.1.0 (/home/runner/work/NEPL3/NEPL3/crates/foundation/wire)
native (ubuntu-latest)	Clippy	2026-09-06T15:57:44.8668449Z [1m[92m    Checking[0m nepl3-reader v0.1.0 (/home/runner/work/NEPL3/NEPL3/crates/foundation/reader)
native (ubuntu-latest)	Clippy	2026-09-06T15:57:47.3020664Z [1m[92m    Checking[0m nepl3-tools v0.1.0 (/home/runner/work/NEPL3/NEPL3/tools)
native (ubuntu-latest)	Clippy	2026-09-06T15:57:49.2024970Z [1m[92m    Finished[0m `dev` profile [unoptimized + debuginfo] target(s) in 9.13s
native (ubuntu-latest)	Tests	﻿2026-09-06T15:57:49.2184687Z ##[group]Run cargo test --workspace --locked
native (ubuntu-latest)	Tests	2026-09-06T15:57:49.2185084Z [36;1mcargo test --workspace --locked[0m
native (ubuntu-latest)	Tests	2026-09-06T15:57:49.2221936Z shell: /usr/bin/bash --noprofile --norc -e -o pipefail {0}
native (ubuntu-latest)	Tests	2026-09-06T15:57:49.2222306Z env:
native (ubuntu-latest)	Tests	2026-09-06T15:57:49.2222513Z   CARGO_TERM_COLOR: always
native (ubuntu-latest)	Tests	2026-09-06T15:57:49.2222778Z   RUSTDOCFLAGS: -D warnings
native (ubuntu-latest)	Tests	2026-09-06T15:57:49.2223108Z   pythonLocation: /opt/hostedtoolcache/Python/3.13.15/x64
native (ubuntu-latest)	Tests	2026-09-06T15:57:49.2223577Z   PKG_CONFIG_PATH: /opt/hostedtoolcache/Python/3.13.15/x64/lib/pkgconfig
native (ubuntu-latest)	Tests	2026-09-06T15:57:49.2224039Z   Python_ROOT_DIR: /opt/hostedtoolcache/Python/3.13.15/x64
native (ubuntu-latest)	Tests	2026-09-06T15:57:49.2224440Z   Python2_ROOT_DIR: /opt/hostedtoolcache/Python/3.13.15/x64
native (ubuntu-latest)	Tests	2026-09-06T15:57:49.2224850Z   Python3_ROOT_DIR: /opt/hostedtoolcache/Python/3.13.15/x64
native (ubuntu-latest)	Tests	2026-09-06T15:57:49.2225274Z   LD_LIBRARY_PATH: /opt/hostedtoolcache/Python/3.13.15/x64/lib
native (ubuntu-latest)	Tests	2026-09-06T15:57:49.2225646Z ##[endgroup]
native (ubuntu-latest)	Tests	2026-09-06T15:57:49.3057283Z [1m[92m   Compiling[0m typenum v1.20.1
native (ubuntu-latest)	Tests	2026-09-06T15:57:49.3058394Z [1m[92m   Compiling[0m cfg-if v1.0.4
native (ubuntu-latest)	Tests	2026-09-06T15:57:49.3064298Z [1m[92m   Compiling[0m cpufeatures v0.3.1
native (ubuntu-latest)	Tests	2026-09-06T15:57:49.3089634Z [1m[92m   Compiling[0m num-traits v0.2.19
native (ubuntu-latest)	Tests	2026-09-06T15:57:49.3293914Z [1m[92m   Compiling[0m unicode-ident v1.0.18
native (ubuntu-latest)	Tests	2026-09-06T15:57:49.3398435Z [1m[92m   Compiling[0m serde_core v1.0.229
native (ubuntu-latest)	Tests	2026-09-06T15:57:49.3853008Z [1m[92m   Compiling[0m proc-macro2 v1.0.107
native (ubuntu-latest)	Tests	2026-09-06T15:57:49.9670861Z [1m[92m   Compiling[0m quote v1.0.47
native (ubuntu-latest)	Tests	2026-09-06T15:57:50.0830695Z [1m[92m   Compiling[0m num-integer v0.1.47
native (ubuntu-latest)	Tests	2026-09-06T15:57:50.2170815Z [1m[92m   Compiling[0m syn v3.0.5
native (ubuntu-latest)	Tests	2026-09-06T15:57:50.2650776Z [1m[92m   Compiling[0m hybrid-array v0.4.14
native (ubuntu-latest)	Tests	2026-09-06T15:57:50.3770749Z [1m[92m   Compiling[0m num-bigint v0.4.8
native (ubuntu-latest)	Tests	2026-09-06T15:57:50.7822802Z [1m[92m   Compiling[0m block-buffer v0.12.1
native (ubuntu-latest)	Tests	2026-09-06T15:57:50.8803843Z [1m[92m   Compiling[0m crypto-common v0.2.2
native (ubuntu-latest)	Tests	2026-09-06T15:57:51.7530675Z [1m[92m   Compiling[0m digest v0.11.3
native (ubuntu-latest)	Tests	2026-09-06T15:57:51.8500745Z [1m[92m   Compiling[0m sha2 v0.11.0
native (ubuntu-latest)	Tests	2026-09-06T15:57:52.0631420Z [1m[92m   Compiling[0m memchr v2.8.3
native (ubuntu-latest)	Tests	2026-09-06T15:57:52.0721808Z [1m[92m   Compiling[0m zmij v1.0.23
native (ubuntu-latest)	Tests	2026-09-06T15:57:52.3801165Z [1m[92m   Compiling[0m bitflags v2.13.1
native (ubuntu-latest)	Tests	2026-09-06T15:57:52.5206520Z [1m[92m   Compiling[0m nepl3-core v0.1.0 (/home/runner/work/NEPL3/NEPL3/crates/foundation/core)
native (ubuntu-latest)	Tests	2026-09-06T15:57:52.5852939Z [1m[92m   Compiling[0m serde_derive v1.0.229
native (ubuntu-latest)	Tests	2026-09-06T15:57:52.8030633Z [1m[92m   Compiling[0m itoa v1.0.18
native (ubuntu-latest)	Tests	2026-09-06T15:57:52.8240767Z [1m[92m   Compiling[0m unicase v2.9.0
native (ubuntu-latest)	Tests	2026-09-06T15:57:52.9220806Z [1m[92m   Compiling[0m pulldown-cmark v0.13.4
native (ubuntu-latest)	Tests	2026-09-06T15:57:52.9560651Z [1m[92m   Compiling[0m serde_json v1.0.151
native (ubuntu-latest)	Tests	2026-09-06T15:57:54.2441209Z [1m[92m   Compiling[0m nepl3-wire v0.1.0 (/home/runner/work/NEPL3/NEPL3/crates/foundation/wire)
native (ubuntu-latest)	Tests	2026-09-06T15:57:54.6911115Z [1m[92m   Compiling[0m nepl3-reader v0.1.0 (/home/runner/work/NEPL3/NEPL3/crates/foundation/reader)
native (ubuntu-latest)	Tests	2026-09-06T15:57:55.6893590Z [1m[92m   Compiling[0m serde v1.0.229
native (ubuntu-latest)	Tests	2026-09-06T15:57:56.2951516Z [1m[92m   Compiling[0m nepl3-tools v0.1.0 (/home/runner/work/NEPL3/NEPL3/tools)
native (ubuntu-latest)	Tests	2026-09-06T15:58:03.0729824Z [1m[92m    Finished[0m `test` profile [unoptimized + debuginfo] target(s) in 13.81s
native (ubuntu-latest)	Tests	2026-09-06T15:58:03.0754911Z [1m[92m     Running[0m unittests src/lib.rs (target/debug/deps/nepl3_core-c3c133662f82a56c)
native (ubuntu-latest)	Tests	2026-09-06T15:58:03.0767896Z 
native (ubuntu-latest)	Tests	2026-09-06T15:58:03.0768310Z running 0 tests
native (ubuntu-latest)	Tests	2026-09-06T15:58:03.0768560Z 
native (ubuntu-latest)	Tests	2026-09-06T15:58:03.0769030Z test result: ok. 0 passed; 0 failed; 0 ignored; 0 measured; 0 filtered out; finished in 0.00s
native (ubuntu-latest)	Tests	2026-09-06T15:58:03.0769859Z 
native (ubuntu-latest)	Tests	2026-09-06T15:58:03.0770717Z [1m[92m     Running[0m tests/contracts.rs (target/debug/deps/contracts-181de650e2d9d8d9)
native (ubuntu-latest)	Tests	2026-09-06T15:58:03.0780407Z 
native (ubuntu-latest)	Tests	2026-09-06T15:58:03.0780565Z running 17 tests
native (ubuntu-latest)	Tests	2026-09-06T15:58:03.0787311Z test budget_exact_limits_overflow_zero_and_cancel_are_distinct ... ok
native (ubuntu-latest)	Tests	2026-09-06T15:58:03.0788279Z test canonical_integers_reject_negative_zero_and_leading_zero ... ok
native (ubuntu-latest)	Tests	2026-09-06T15:58:03.0789939Z test first_budget_stop_is_sticky_across_smaller_charges_and_cancellation ... ok
native (ubuntu-latest)	Tests	2026-09-06T15:58:03.0790839Z test edit_size_limit_checked_before_replacement_is_built ... ok
native (ubuntu-latest)	Tests	2026-09-06T15:58:03.0791772Z test edits_are_atomic_across_sources_and_reject_stale_or_conflicting_input ... ok
native (ubuntu-latest)	Tests	2026-09-06T15:58:03.0792604Z test line_index_allocation_limit_is_enforced ... ok
native (ubuntu-latest)	Tests	2026-09-06T15:58:03.0793297Z test admission_accounts_for_copied_locator_payload ... ok
native (ubuntu-latest)	Tests	2026-09-06T15:58:03.0794058Z test line_positions_roundtrip_unicode_and_all_line_endings ... ok
native (ubuntu-latest)	Tests	2026-09-06T15:58:03.0794801Z test locator_profile_is_checked_without_os_or_scheme_normalization ... ok
native (ubuntu-latest)	Tests	2026-09-06T15:58:03.0795319Z test nested_budget_retains_work_and_peak_depth_after_failed_branch ... ok
native (ubuntu-latest)	Tests	2026-09-06T15:58:03.0795833Z test source_admission_rejects_locator_changes_for_same_snapshot_identity ... ok
native (ubuntu-latest)	Tests	2026-09-06T15:58:03.0796351Z test source_admission_charges_unique_snapshots_once_across_shared_calls ... ok
native (ubuntu-latest)	Tests	2026-09-06T15:58:03.0796885Z test rational_constructors_normalize_native_but_reject_noncanonical_wire ... ok
native (ubuntu-latest)	Tests	2026-09-06T15:58:03.0797388Z test source_limits_precede_decode_and_decode_does_not_replace_bytes ... ok
native (ubuntu-latest)	Tests	2026-09-06T15:58:03.0797828Z test source_digest_is_sha256_of_exact_original_bytes ... ok
native (ubuntu-latest)	Tests	2026-09-06T15:58:03.0798243Z test span_rejects_scalar_interiors_bounds_and_other_identity ... ok
native (ubuntu-latest)	Tests	2026-09-06T15:58:03.0800425Z test store_preserves_distinct_ids_at_same_uri_and_rejects_conflicting_revision ... ok
native (ubuntu-latest)	Tests	2026-09-06T15:58:03.0801057Z 
native (ubuntu-latest)	Tests	2026-09-06T15:58:03.0801534Z test result: ok. 17 passed; 0 failed; 0 ignored; 0 measured; 0 filtered out; finished in 0.00s
native (ubuntu-latest)	Tests	2026-09-06T15:58:03.0802117Z 
native (ubuntu-latest)	Tests	2026-09-06T15:58:03.0803182Z [1m[92m     Running[0m tests/structure.rs (target/debug/deps/structure-7040b9e595a7fef2)
native (ubuntu-latest)	Tests	2026-09-06T15:58:03.0812349Z 
native (ubuntu-latest)	Tests	2026-09-06T15:58:03.0812592Z running 20 tests
native (ubuntu-latest)	Tests	2026-09-06T15:58:03.0817628Z test canonical_json_escapes_controls_without_unicode_normalization ... ok
native (ubuntu-latest)	Tests	2026-09-06T15:58:03.0818810Z test descriptor_canonical_json_has_independently_specified_field_order ... ok
native (ubuntu-latest)	Tests	2026-09-06T15:58:03.0820522Z test empty_anchor_cycles_and_transformed_relations_are_checked ... ok
native (ubuntu-latest)	Tests	2026-09-06T15:58:03.0821594Z test descriptor_map_order_is_irrelevant_but_duplicates_are_rejected ... ok
native (ubuntu-latest)	Tests	2026-09-06T15:58:03.0822667Z test imported_origin_graph_honors_zero_nodes_and_depth_limits ... ok
native (ubuntu-latest)	Tests	2026-09-06T15:58:03.0823699Z test forward_overlap_is_acyclic_and_map_budget_failure_does_not_insert ... ok
native (ubuntu-latest)	Tests	2026-09-06T15:58:03.0824700Z test inverse_refuses_transformed_and_ambiguous_mappings ... ok
native (ubuntu-latest)	Tests	2026-09-06T15:58:03.0825720Z test imported_origin_graph_rejects_cycles_unknown_refs_and_missing_source ... ok
native (ubuntu-latest)	Tests	2026-09-06T15:58:03.0826794Z test registry_accepts_mutual_symbolic_references_then_seals_them ... ok
native (ubuntu-latest)	Tests	2026-09-06T15:58:03.0827806Z test local_kind_ids_are_canonical_across_descriptor_input_order ... ok
native (ubuntu-latest)	Tests	2026-09-06T15:58:03.0841516Z test registry_rejects_wrong_digest_and_unknown_unused_references ... ok
native (ubuntu-latest)	Tests	2026-09-06T15:58:03.0842791Z test report_candidate_rollback_discards_facts_without_refunding_budget ... ok
native (ubuntu-latest)	Tests	2026-09-06T15:58:03.0844470Z test report_diagnostic_limit_has_no_fabricated_global_message ... ok
native (ubuntu-latest)	Tests	2026-09-06T15:58:03.0845448Z test report_storage_obeys_allocation_budget ... ok
native (ubuntu-latest)	Tests	2026-09-06T15:58:03.0849028Z test report_zero_event_capacity_keeps_one_typed_overflow_and_stop ... ok
native (ubuntu-latest)	Tests	2026-09-06T15:58:03.0850345Z test source_map_checks_composable_interval_cycles_not_snapshot_cycles ... ok
native (ubuntu-latest)	Tests	2026-09-06T15:58:03.0860640Z test structural_boundary_checks_field_count_kind_intrinsic_subset_and_negative_natural ... ok
native (ubuntu-latest)	Tests	2026-09-06T15:58:03.0861907Z test validator_and_descriptor_depth_share_parent_budget_and_peak ... ok
native (ubuntu-latest)	Tests	2026-09-06T15:58:03.1187749Z test rejected_deep_descriptor_is_safe_to_clone_compare_debug_and_drop ... ok
native (ubuntu-latest)	Tests	2026-09-06T15:58:03.1334315Z test deeply_nested_value_cleanup_uses_no_recursive_drop_chain ... ok
native (ubuntu-latest)	Tests	2026-09-06T15:58:03.1334862Z 
native (ubuntu-latest)	Tests	2026-09-06T15:58:03.1337122Z test result: ok. 20 passed; 0 failed; 0 ignored; 0 measured; 0 filtered out; finished in 0.05s
native (ubuntu-latest)	Tests	2026-09-06T15:58:03.1338060Z 
native (ubuntu-latest)	Tests	2026-09-06T15:58:03.1347927Z [1m[92m     Running[0m tests/syntax.rs (target/debug/deps/syntax-2f4174a83bc12fde)
native (ubuntu-latest)	Tests	2026-09-06T15:58:03.1358857Z 
native (ubuntu-latest)	Tests	2026-09-06T15:58:03.1359071Z running 8 tests
native (ubuntu-latest)	Tests	2026-09-06T15:58:03.1366370Z test foreign_ids_are_local_but_environment_and_root_must_match ... ok
native (ubuntu-latest)	Tests	2026-09-06T15:58:03.1367557Z test foreign_nesting_adds_to_containing_node_path_depth ... ok
native (ubuntu-latest)	Tests	2026-09-06T15:58:03.1368509Z test source_child_cover_must_follow_head_and_stay_in_parent ... ok
native (ubuntu-latest)	Tests	2026-09-06T15:58:03.1370057Z test syntax_graph_checks_all_refs_and_cycles_while_allowing_shared_children ... ok
native (ubuntu-latest)	Tests	2026-09-06T15:58:03.1371096Z test token_internal_view_is_sidecar_and_trivia_retains_bom_bytes ... ok
native (ubuntu-latest)	Tests	2026-09-06T15:58:03.1371875Z test token_owns_even_unreachable_view_elements ... ok
native (ubuntu-latest)	Tests	2026-09-06T15:58:03.1372700Z test view_child_edges_are_acyclic_but_semantic_relation_cycles_are_allowed ... ok
native (ubuntu-latest)	Tests	2026-09-06T15:58:03.1959626Z test deeply_nested_foreign_bundle_cleanup_is_iterative ... ok
native (ubuntu-latest)	Tests	2026-09-06T15:58:03.1960273Z 
native (ubuntu-latest)	Tests	2026-09-06T15:58:03.1960551Z test result: ok. 8 passed; 0 failed; 0 ignored; 0 measured; 0 filtered out; finished in 0.06s
native (ubuntu-latest)	Tests	2026-09-06T15:58:03.1960904Z 
native (ubuntu-latest)	Tests	2026-09-06T15:58:03.1987406Z [1m[92m     Running[0m unittests src/lib.rs (target/debug/deps/nepl3_reader-84fb4cc28a8f7dba)
native (ubuntu-latest)	Tests	2026-09-06T15:58:03.1998716Z 
native (ubuntu-latest)	Tests	2026-09-06T15:58:03.1998940Z running 0 tests
native (ubuntu-latest)	Tests	2026-09-06T15:58:03.1999203Z 
native (ubuntu-latest)	Tests	2026-09-06T15:58:03.1999809Z test result: ok. 0 passed; 0 failed; 0 ignored; 0 measured; 0 filtered out; finished in 0.00s
native (ubuntu-latest)	Tests	2026-09-06T15:58:03.2000424Z 
native (ubuntu-latest)	Tests	2026-09-06T15:58:03.2003541Z [1m[92m     Running[0m tests/context.rs (target/debug/deps/context-f4435929c7b86faf)
native (ubuntu-latest)	Tests	2026-09-06T15:58:03.2011582Z 
native (ubuntu-latest)	Tests	2026-09-06T15:58:03.2011766Z running 1 test
native (ubuntu-latest)	Tests	2026-09-06T15:58:03.2056042Z test checked_context_uses_real_digest_and_exact_origin_source_closure ... ok
native (ubuntu-latest)	Tests	2026-09-06T15:58:03.2056595Z 
native (ubuntu-latest)	Tests	2026-09-06T15:58:03.2056951Z test result: ok. 1 passed; 0 failed; 0 ignored; 0 measured; 0 filtered out; finished in 0.00s
native (ubuntu-latest)	Tests	2026-09-06T15:58:03.2057340Z 
native (ubuntu-latest)	Tests	2026-09-06T15:58:03.2058195Z [1m[92m     Running[0m tests/portable.rs (target/debug/deps/portable-d7ee5d06ddea08f3)
native (ubuntu-latest)	Tests	2026-09-06T15:58:03.2069447Z 
native (ubuntu-latest)	Tests	2026-09-06T15:58:03.2069748Z running 2 tests
native (ubuntu-latest)	Tests	2026-09-06T15:58:03.2144399Z test host_global_source_cannot_fill_a_missing_request_declaration ... ok
native (ubuntu-latest)	Tests	2026-09-06T15:58:03.2146897Z test native_request_and_checked_ndf_loopback_execute_with_identical_meaning ... ok
native (ubuntu-latest)	Tests	2026-09-06T15:58:03.2147517Z 
native (ubuntu-latest)	Tests	2026-09-06T15:58:03.2147991Z test result: ok. 2 passed; 0 failed; 0 ignored; 0 measured; 0 filtered out; finished in 0.01s
native (ubuntu-latest)	Tests	2026-09-06T15:58:03.2148590Z 
native (ubuntu-latest)	Tests	2026-09-06T15:58:03.2149837Z [1m[92m     Running[0m tests/runtime.rs (target/debug/deps/runtime-7abedcf33d208516)
native (ubuntu-latest)	Tests	2026-09-06T15:58:03.2160582Z 
native (ubuntu-latest)	Tests	2026-09-06T15:58:03.2160795Z running 24 tests
native (ubuntu-latest)	Tests	2026-09-06T15:58:03.2285416Z test bounded_repeat_zero_never_executes_nullable_body ... ok
native (ubuntu-latest)	Tests	2026-09-06T15:58:03.2286659Z test cancellation_during_provider_wait_stops_and_consumes_the_pending_slot ... ok
native (ubuntu-latest)	Tests	2026-09-06T15:58:03.2288593Z test checked_context_reuse_admits_exact_source_closure_in_each_operation ... ok
native (ubuntu-latest)	Tests	2026-09-06T15:58:03.2402197Z test checked_context_reuse_rejects_same_id_revision_with_changed_content ... ok
native (ubuntu-latest)	Tests	2026-09-06T15:58:03.2431361Z test choice_rewinds_captures_views_and_retains_work ... ok
native (ubuntu-latest)	Tests	2026-09-06T15:58:03.2442941Z test commit_does_not_hide_failure_or_need_more_in_choice ... ok
native (ubuntu-latest)	Tests	2026-09-06T15:58:03.2560124Z test direct_repeat_failure_and_streaming_shortage_rollback_all_prior_iteration_reports ... ok
native (ubuntu-latest)	Tests	2026-09-06T15:58:03.2572871Z test failed_choice_restores_programmed_state_before_next_provider_call ... ok
native (ubuntu-latest)	Tests	2026-09-06T15:58:03.2580604Z test every_utf8_prefix_split_is_need_more_and_final_truncation_is_no_match ... ok
native (ubuntu-latest)	Tests	2026-09-06T15:58:03.2655118Z test fresh_budget_and_forged_call_or_source_cannot_resume_a_saved_slot ... ok
native (ubuntu-latest)	Tests	2026-09-06T15:58:03.2720468Z test generated_sources_are_validated_transactionally_and_available_to_diagnostics ... ok
native (ubuntu-latest)	Tests	2026-09-06T15:58:03.2726672Z test long_source_identity_is_not_copied_after_allocation_budget_is_exhausted ... ok
native (ubuntu-latest)	Tests	2026-09-06T15:58:03.2799907Z test map_decode_and_then_use_typed_provider_envelopes ... ok
native (ubuntu-latest)	Tests	2026-09-06T15:58:03.2860133Z test node_sidecar_and_look_not_optional_discard_have_independent_values ... ok
native (ubuntu-latest)	Tests	2026-09-06T15:58:03.2924230Z test programmed_repetition_requires_actual_consumption_and_accepts_consuming_calls ... ok
native (ubuntu-latest)	Tests	2026-09-06T15:58:03.2959819Z test provider_signature_checks_operation_envelope_and_pure_decoder ... ok
native (ubuntu-latest)	Tests	2026-09-06T15:58:03.2970278Z test plan_identity_is_deterministic_but_distinguishes_arena_representation ... ok
native (ubuntu-latest)	Tests	2026-09-06T15:58:03.3050286Z test allocation_faults_across_later_resumes_preserve_already_accepted_reports ... ok
native (ubuntu-latest)	Tests	2026-09-06T15:58:03.3070107Z test runtime_rejects_left_recursion_hidden_behind_empty_programmed_call ... ok
native (ubuntu-latest)	Tests	2026-09-06T15:58:03.3080176Z test unicode_classes_use_pinned_unicode16_and_ascii_numeric_rules ... ok
native (ubuntu-latest)	Tests	2026-09-06T15:58:03.3081260Z test static_plan_rejects_unknown_references_types_and_unproductive_recursion ... ok
native (ubuntu-latest)	Tests	2026-09-06T15:58:03.3127454Z test session_binds_call_source_plan_usage_and_closes_after_consumed_resume ... ok
native (ubuntu-latest)	Tests	2026-09-06T15:58:03.3156580Z test until_leaves_delimiter_and_takecount_counts_scalars ... ok
native (ubuntu-latest)	Tests	2026-09-06T15:58:03.3434454Z test stopped_reader_retains_committed_provider_reports ... ok
native (ubuntu-latest)	Tests	2026-09-06T15:58:03.3434939Z 
native (ubuntu-latest)	Tests	2026-09-06T15:58:03.3435379Z test result: ok. 24 passed; 0 failed; 0 ignored; 0 measured; 0 filtered out; finished in 0.13s
native (ubuntu-latest)	Tests	2026-09-06T15:58:03.3435985Z 
native (ubuntu-latest)	Tests	2026-09-06T15:58:03.3438982Z [1m[92m     Running[0m unittests src/lib.rs (target/debug/deps/nepl3_tools-83444c762961e46c)
native (ubuntu-latest)	Tests	2026-09-06T15:58:03.3453009Z 
native (ubuntu-latest)	Tests	2026-09-06T15:58:03.3453150Z running 55 tests
native (ubuntu-latest)	Tests	2026-09-06T15:58:03.3640614Z test contract::foundation::tests::generated_foundation_is_registered_and_checks_ordinary_schema_ref_records ... ok
native (ubuntu-latest)	Tests	2026-09-06T15:58:03.3840502Z test contract::tests::real_contract_checker_uses_same_validation_for_model_fields ... ok
native (ubuntu-latest)	Tests	2026-09-06T15:58:03.3900412Z test contract::foundation::tests::checker_rejects_changed_foundation_descriptor_before_registry_use ... ok
native (ubuntu-latest)	Tests	2026-09-06T15:58:03.3929806Z test contract::tests::unknown_form_reference_is_rejected ... ok
native (ubuntu-latest)	Tests	2026-09-06T15:58:03.3951291Z test contract::tests::unordered_or_duplicate_schema_fields_are_rejected ... ok
native (ubuntu-latest)	Tests	2026-09-06T15:58:03.4110929Z test contract::reader::tests::reader_envelope_reference_closure_rejects_nested_missing_type ... ok
native (ubuntu-latest)	Tests	2026-09-06T15:58:03.4310577Z test contract::types::tests::missing_or_description_only_intrinsic_is_not_a_closed_type ... ok
native (ubuntu-latest)	Tests	2026-09-06T15:58:03.4340373Z test contract::types::tests::parses_nested_types_and_rejects_unknown_or_malformed_generics ... ok
native (ubuntu-latest)	Tests	2026-09-06T15:58:03.4360440Z test contract::types::tests::intrinsic_tags_payload_order_and_subset_membership_are_fixed_by_ndf1 ... ok
native (ubuntu-latest)	Tests	2026-09-06T15:58:03.4490489Z test contract::types::tests::rejects_missing_duplicate_or_local_external_imports_and_duplicate_owners ... ok
native (ubuntu-latest)	Tests	2026-09-06T15:58:03.4586788Z test contract::types::tests::repository_descriptors_resolve_including_recursive_intrinsics_and_models ... ok
native (ubuntu-latest)	Tests	2026-09-06T15:58:03.4590791Z test dependency::tests::development_edges_are_reported_separately ... ok
native (ubuntu-latest)	Tests	2026-09-06T15:58:03.4591990Z test dependency::tests::indirect_domain_dependency_is_rejected ... ok
native (ubuntu-latest)	Tests	2026-09-06T15:58:03.4593160Z test dependency::tests::production_host_boundary_does_not_depend_on_no_std_flag ... ok
native (ubuntu-latest)	Tests	2026-09-06T15:58:03.4640291Z test dependency::tests::renamed_build_dependency_is_checked_by_package_name ... ok
native (ubuntu-latest)	Tests	2026-09-06T15:58:03.4643414Z test documentation::markdown::tests::corrected_foundation_and_math_documents_have_no_accidental_html_tags ... ok
native (ubuntu-latest)	Tests	2026-09-06T15:58:03.4644955Z test contract::types::tests::rejects_unresolved_nested_fields_union_targets_and_undeclared_parameters ... ok
native (ubuntu-latest)	Tests	2026-09-06T15:58:03.4650897Z test documentation::markdown::tests::generic_notation_is_literal_code_and_generated_comments_are_metadata ... ok
native (ubuntu-latest)	Tests	2026-09-06T15:58:03.4677705Z test documentation::markdown::tests::footnote_markers_are_preserved_without_inventing_rendered_numbers ... ok
native (ubuntu-latest)	Tests	2026-09-06T15:58:03.4714371Z test documentation::markdown::tests::hard_break_is_the_same_typed_newline_in_setext_heading_and_link ... ok
native (ubuntu-latest)	Tests	2026-09-06T15:58:03.4715616Z test documentation::markdown::tests::heading_and_link_projection_keep_both_math_event_kinds ... ok
native (ubuntu-latest)	Tests	2026-09-06T15:58:03.4717057Z test documentation::markdown::tests::inline_html_is_retained_separately_and_not_interpreted_by_summary_projection ... ok
native (ubuntu-latest)	Tests	2026-09-06T15:58:03.4718390Z test documentation::markdown::tests::link_projection_preserves_soft_and_hard_word_boundaries ... ok
native (ubuntu-latest)	Tests	2026-09-06T15:58:03.4719936Z test documentation::markdown::tests::nested_image_code_and_math_share_heading_and_link_projection ... ok
native (ubuntu-latest)	Tests	2026-09-06T15:58:03.4721173Z test documentation::markdown::tests::unicode_crlf_breaks_and_math_keep_original_byte_ranges ... ok
native (ubuntu-latest)	Tests	2026-09-06T15:58:03.4722441Z test documentation::markdown::tests::real_markdown_parser_keeps_badges_nested_links_and_literal_code_separate ... ok
native (ubuntu-latest)	Tests	2026-09-06T15:58:03.4723742Z test contract::tests::real_contract_entry_rejects_unresolved_fields_intrinsics_and_imports ... ok
native (ubuntu-latest)	Tests	2026-09-06T15:58:03.4760284Z test documentation::tests::commit_reference_and_missing_history_are_not_silently_accepted ... ok
native (ubuntu-latest)	Tests	2026-09-06T15:58:03.4824034Z test contract::tests::real_contract_checker_rejects_malformed_contract_fields_and_variant_payloads ... ok
native (ubuntu-latest)	Tests	2026-09-06T15:58:03.5333623Z test documentation::tests::git_symlink_mode_is_rejected_without_creating_an_os_symlink ... ok
native (ubuntu-latest)	Tests	2026-09-06T15:58:03.5350745Z test evidence::identity::tests::length_prefixed_profile_matches_independent_hashlib_vector ... ok
native (ubuntu-latest)	Tests	2026-09-06T15:58:03.5510674Z test evidence::tests::actual_task_loader_accepts_only_matching_complete_attempt ... ok
native (ubuntu-latest)	Tests	2026-09-06T15:58:03.5701438Z test evidence::tests::actual_task_loader_rejects_missing_malformed_and_duplicate_key_reports ... ok
native (ubuntu-latest)	Tests	2026-09-06T15:58:03.5868381Z test documentation::tests::nonregular_output_and_oversized_current_input_are_rejected ... ok
native (ubuntu-latest)	Tests	2026-09-06T15:58:03.5878960Z test documentation::tests::real_checker_reports_added_changed_removed_and_rejects_current_claim ... ok
native (ubuntu-latest)	Tests	2026-09-06T15:58:03.6017880Z test evidence::tests::evidence_status_and_generated_tasks_do_not_create_hash_self_reference ... ok
native (ubuntu-latest)	Tests	2026-09-06T15:58:03.6065485Z test evidence::tests::failed_attempt_can_record_early_failure_without_claiming_full_coverage ... ok
native (ubuntu-latest)	Tests	2026-09-06T15:58:03.6301515Z test documentation::tests::real_checker_rejects_omitted_page_digest_and_structure_tampering ... ok
native (ubuntu-latest)	Tests	2026-09-06T15:58:03.6307337Z test evidence::tests::actual_task_loader_rejects_wrong_group_result_identity_and_target_coverage ... ok
native (ubuntu-latest)	Tests	2026-09-06T15:58:03.6413341Z test evidence::tests::partial_success_reports_cannot_be_combined_into_a_full_attempt ... ok
native (ubuntu-latest)	Tests	2026-09-06T15:58:03.6423358Z test repository::json::tests::duplicate_keys_cannot_hide_contract_fields ... ok
native (ubuntu-latest)	Tests	2026-09-06T15:58:03.6424458Z test evidence::tests::independent_review_is_typed_and_cannot_be_faked_as_a_process_run ... ok
native (ubuntu-latest)	Tests	2026-09-06T15:58:03.6425566Z test repository::tests::escaping_reference_is_rejected_before_reading ... ok
native (ubuntu-latest)	Tests	2026-09-06T15:58:03.6426679Z test repository::tests::nul_paths_keep_spaces_and_non_ascii ... ok
native (ubuntu-latest)	Tests	2026-09-06T15:58:03.6427285Z test repository::tests::secret_and_artifact_names_are_rejected ... ok
native (ubuntu-latest)	Tests	2026-09-06T15:58:03.6427840Z test task::tests::acceptance_ids_are_spec_definitions_only ... ok
native (ubuntu-latest)	Tests	2026-09-06T15:58:03.6428449Z test evidence::tests::modifying_excluded_log_still_invalidates_its_bound_report ... ok
native (ubuntu-latest)	Tests	2026-09-06T15:58:03.6429152Z test task::tests::dependency_graph_rejects_cycle_missing_and_duplicate_edges ... ok
native (ubuntu-latest)	Tests	2026-09-06T15:58:03.6430331Z test task::tests::executed_status_requires_evidence ... ok
native (ubuntu-latest)	Tests	2026-09-06T15:58:03.6431106Z test task::tests::scoped_evidence_rejects_empty_checks_or_wrong_task ... ok
native (ubuntu-latest)	Tests	2026-09-06T15:58:03.6431848Z test task::tests::scoped_task_completion_does_not_pretend_global_editor_acceptance_passed ... ok
native (ubuntu-latest)	Tests	2026-09-06T15:58:03.6432402Z test task::tests::status_cannot_omit_an_acceptance_group ... ok
native (ubuntu-latest)	Tests	2026-09-06T15:58:03.6432914Z test task::tests::terminal_task_uses_new_required_groups_and_not_optional_groups ... ok
native (ubuntu-latest)	Tests	2026-09-06T15:58:03.6433795Z test task::tests::final_completion_requires_all_global_acceptance_passed ... ok
native (ubuntu-latest)	Tests	2026-09-06T15:58:03.6754486Z test evidence::tests::inventory_addition_source_change_spec_change_and_deleted_input_invalidate ... ok
native (ubuntu-latest)	Tests	2026-09-06T15:58:03.6755028Z 
native (ubuntu-latest)	Tests	2026-09-06T15:58:03.6755325Z test result: ok. 55 passed; 0 failed; 0 ignored; 0 measured; 0 filtered out; finished in 0.33s
native (ubuntu-latest)	Tests	2026-09-06T15:58:03.6755734Z 
native (ubuntu-latest)	Tests	2026-09-06T15:58:03.6759548Z [1m[92m     Running[0m unittests src/main.rs (target/debug/deps/nepl3_tools-da46f19b5dd8e5f6)
native (ubuntu-latest)	Tests	2026-09-06T15:58:03.6768571Z 
native (ubuntu-latest)	Tests	2026-09-06T15:58:03.6768704Z running 0 tests
native (ubuntu-latest)	Tests	2026-09-06T15:58:03.6768929Z 
native (ubuntu-latest)	Tests	2026-09-06T15:58:03.6769441Z test result: ok. 0 passed; 0 failed; 0 ignored; 0 measured; 0 filtered out; finished in 0.00s
native (ubuntu-latest)	Tests	2026-09-06T15:58:03.6769936Z 
native (ubuntu-latest)	Tests	2026-09-06T15:58:03.6771529Z [1m[92m     Running[0m unittests src/lib.rs (target/debug/deps/nepl3_wire-e6d3a4f6deaa0a05)
native (ubuntu-latest)	Tests	2026-09-06T15:58:03.6780756Z 
native (ubuntu-latest)	Tests	2026-09-06T15:58:03.6780960Z running 0 tests
native (ubuntu-latest)	Tests	2026-09-06T15:58:03.6781183Z 
native (ubuntu-latest)	Tests	2026-09-06T15:58:03.6781469Z test result: ok. 0 passed; 0 failed; 0 ignored; 0 measured; 0 filtered out; finished in 0.00s
native (ubuntu-latest)	Tests	2026-09-06T15:58:03.6781861Z 
native (ubuntu-latest)	Tests	2026-09-06T15:58:03.6783362Z [1m[92m     Running[0m tests/codec.rs (target/debug/deps/codec-3aa2d0aef4c6f53d)
native (ubuntu-latest)	Tests	2026-09-06T15:58:03.6792940Z 
native (ubuntu-latest)	Tests	2026-09-06T15:58:03.6793202Z running 7 tests
native (ubuntu-latest)	Tests	2026-09-06T15:58:03.6797724Z test all_twelve_tags_match_specified_cbor_bytes ... ok
native (ubuntu-latest)	Tests	2026-09-06T15:58:03.6798763Z test checked_boundary_uses_real_registry_and_rejects_wrong_field_type ... ok
native (ubuntu-latest)	Tests	2026-09-06T15:58:03.6812067Z test integer_width_boundaries_use_shortest_unsigned_encoding ... ok
native (ubuntu-latest)	Tests	2026-09-06T15:58:03.6812916Z test every_truncated_prefix_fails_and_complete_input_preserves_bytes ... ok
native (ubuntu-latest)	Tests	2026-09-06T15:58:03.6813530Z test limits_stop_with_typed_reasons_without_a_successful_partial_value ... ok
native (ubuntu-latest)	Tests	2026-09-06T15:58:03.6814066Z test malformed_noncanonical_and_forbidden_cbor_values_are_rejected ... ok
native (ubuntu-latest)	Tests	2026-09-06T15:58:03.7419163Z test deeply_nested_values_do_not_use_the_native_call_stack ... ok
native (ubuntu-latest)	Tests	2026-09-06T15:58:03.7419843Z 
native (ubuntu-latest)	Tests	2026-09-06T15:58:03.7420118Z test result: ok. 7 passed; 0 failed; 0 ignored; 0 measured; 0 filtered out; finished in 0.06s
native (ubuntu-latest)	Tests	2026-09-06T15:58:03.7420488Z 
native (ubuntu-latest)	Tests	2026-09-06T15:58:03.7428194Z [1m[92m     Running[0m tests/origin.rs (target/debug/deps/origin-cdaed7c14c2af634)
native (ubuntu-latest)	Tests	2026-09-06T15:58:03.7439964Z 
native (ubuntu-latest)	Tests	2026-09-06T15:58:03.7440139Z running 1 test
native (ubuntu-latest)	Tests	2026-09-06T15:58:03.7488050Z test origin_variants_roundtrip_and_wire_cycles_are_rejected ... ok
native (ubuntu-latest)	Tests	2026-09-06T15:58:03.7488569Z 
native (ubuntu-latest)	Tests	2026-09-06T15:58:03.7488914Z test result: ok. 1 passed; 0 failed; 0 ignored; 0 measured; 0 filtered out; finished in 0.00s
native (ubuntu-latest)	Tests	2026-09-06T15:58:03.7489513Z 
native (ubuntu-latest)	Tests	2026-09-06T15:58:03.7490279Z [1m[92m     Running[0m tests/source.rs (target/debug/deps/source-244282d735630135)
native (ubuntu-latest)	Tests	2026-09-06T15:58:03.7500186Z 
native (ubuntu-latest)	Tests	2026-09-06T15:58:03.7500510Z running 3 tests
native (ubuntu-latest)	Tests	2026-09-06T15:58:03.7546865Z test source_and_span_roundtrip_preserve_identity_bytes_and_shared_admission ... ok
native (ubuntu-latest)	Tests	2026-09-06T15:58:03.7573207Z test native_and_wire_admission_reject_zero_source_limit_and_span_scalar_interior ... ok
native (ubuntu-latest)	Tests	2026-09-06T15:58:03.7576615Z test malformed_source_declarations_reject_without_committing_and_retry_does_not_refund ... ok
native (ubuntu-latest)	Tests	2026-09-06T15:58:03.7577231Z 
native (ubuntu-latest)	Tests	2026-09-06T15:58:03.7577595Z test result: ok. 3 passed; 0 failed; 0 ignored; 0 measured; 0 filtered out; finished in 0.01s
native (ubuntu-latest)	Tests	2026-09-06T15:58:03.7578222Z 
native (ubuntu-latest)	Tests	2026-09-06T15:58:03.7578860Z [1m[92m     Running[0m tests/syntax.rs (target/debug/deps/syntax-7110b49643c6409f)
native (ubuntu-latest)	Tests	2026-09-06T15:58:03.7588134Z 
native (ubuntu-latest)	Tests	2026-09-06T15:58:03.7588314Z running 5 tests
native (ubuntu-latest)	Tests	2026-09-06T15:58:03.7680534Z test foreign_bundle_roundtrip_keeps_local_token_view_origin_ids_and_payloads ... ok
native (ubuntu-latest)	Tests	2026-09-06T15:58:03.7681428Z test guest_arena_reordering_updates_foreign_root_and_guest_local_children ... ok
native (ubuntu-latest)	Tests	2026-09-06T15:58:03.7682023Z test foreign_bundle_rejects_forged_environment_digest_token_and_origin_references ... ok
native (ubuntu-latest)	Tests	2026-09-06T15:58:03.7713287Z test native_arena_order_is_canonicalized_and_unreachable_nodes_are_rejected ... ok
native (ubuntu-latest)	Tests	2026-09-06T15:58:03.8395372Z test nested_generated_bundles_use_iterative_conversion_and_shared_depth_budget ... ok
native (ubuntu-latest)	Tests	2026-09-06T15:58:03.8395905Z 
native (ubuntu-latest)	Tests	2026-09-06T15:58:03.8396192Z test result: ok. 5 passed; 0 failed; 0 ignored; 0 measured; 0 filtered out; finished in 0.08s
native (ubuntu-latest)	Tests	2026-09-06T15:58:03.8396546Z 
native (ubuntu-latest)	Tests	2026-09-06T15:58:03.8399632Z [1m[92m     Running[0m tests/view.rs (target/debug/deps/view-93ae2c4863e45c96)
native (ubuntu-latest)	Tests	2026-09-06T15:58:03.8411438Z 
native (ubuntu-latest)	Tests	2026-09-06T15:58:03.8411616Z running 2 tests
native (ubuntu-latest)	Tests	2026-09-06T15:58:03.8460862Z test structured_payload_views_roles_relations_and_trivia_roundtrip_without_reparse ... ok
native (ubuntu-latest)	Tests	2026-09-06T15:58:03.8464410Z test token_wire_rejects_invalid_local_view_and_trivia_references_and_source_limit ... ok
native (ubuntu-latest)	Tests	2026-09-06T15:58:03.8465024Z 
native (ubuntu-latest)	Tests	2026-09-06T15:58:03.8465298Z test result: ok. 2 passed; 0 failed; 0 ignored; 0 measured; 0 filtered out; finished in 0.01s
native (ubuntu-latest)	Tests	2026-09-06T15:58:03.8465649Z 
native (ubuntu-latest)	Tests	2026-09-06T15:58:03.8466229Z [1m[92m   Doc-tests[0m nepl3_core
native (ubuntu-latest)	Tests	2026-09-06T15:58:03.9030902Z 
native (ubuntu-latest)	Tests	2026-09-06T15:58:03.9031533Z running 0 tests
native (ubuntu-latest)	Tests	2026-09-06T15:58:03.9031873Z 
native (ubuntu-latest)	Tests	2026-09-06T15:58:03.9032450Z test result: ok. 0 passed; 0 failed; 0 ignored; 0 measured; 0 filtered out; finished in 0.00s
native (ubuntu-latest)	Tests	2026-09-06T15:58:03.9033217Z 
native (ubuntu-latest)	Tests	2026-09-06T15:58:03.9044290Z [1m[92m   Doc-tests[0m nepl3_reader
native (ubuntu-latest)	Tests	2026-09-06T15:58:03.9543646Z 
native (ubuntu-latest)	Tests	2026-09-06T15:58:03.9544248Z running 0 tests
native (ubuntu-latest)	Tests	2026-09-06T15:58:03.9544815Z 
native (ubuntu-latest)	Tests	2026-09-06T15:58:03.9545415Z test result: ok. 0 passed; 0 failed; 0 ignored; 0 measured; 0 filtered out; finished in 0.00s
native (ubuntu-latest)	Tests	2026-09-06T15:58:03.9546145Z 
native (ubuntu-latest)	Tests	2026-09-06T15:58:03.9557466Z [1m[92m   Doc-tests[0m nepl3_tools
native (ubuntu-latest)	Tests	2026-09-06T15:58:04.0990265Z 
native (ubuntu-latest)	Tests	2026-09-06T15:58:04.0990778Z running 0 tests
native (ubuntu-latest)	Tests	2026-09-06T15:58:04.0991027Z 
native (ubuntu-latest)	Tests	2026-09-06T15:58:04.0991479Z test result: ok. 0 passed; 0 failed; 0 ignored; 0 measured; 0 filtered out; finished in 0.00s
native (ubuntu-latest)	Tests	2026-09-06T15:58:04.0992079Z 
native (ubuntu-latest)	Tests	2026-09-06T15:58:04.1007163Z [1m[92m   Doc-tests[0m nepl3_wire
native (ubuntu-latest)	Tests	2026-09-06T15:58:04.1306213Z 
native (ubuntu-latest)	Tests	2026-09-06T15:58:04.1306642Z running 0 tests
native (ubuntu-latest)	Tests	2026-09-06T15:58:04.1306849Z 
native (ubuntu-latest)	Tests	2026-09-06T15:58:04.1307142Z test result: ok. 0 passed; 0 failed; 0 ignored; 0 measured; 0 filtered out; finished in 0.00s
native (ubuntu-latest)	Tests	2026-09-06T15:58:04.1307519Z 
native (ubuntu-latest)	API documentation	﻿2026-09-06T15:58:04.1386037Z ##[group]Run cargo doc --workspace --no-deps --locked
native (ubuntu-latest)	API documentation	2026-09-06T15:58:04.1386501Z [36;1mcargo doc --workspace --no-deps --locked[0m
native (ubuntu-latest)	API documentation	2026-09-06T15:58:04.1422803Z shell: /usr/bin/bash --noprofile --norc -e -o pipefail {0}
native (ubuntu-latest)	API documentation	2026-09-06T15:58:04.1423155Z env:
native (ubuntu-latest)	API documentation	2026-09-06T15:58:04.1423352Z   CARGO_TERM_COLOR: always
native (ubuntu-latest)	API documentation	2026-09-06T15:58:04.1423596Z   RUSTDOCFLAGS: -D warnings
native (ubuntu-latest)	API documentation	2026-09-06T15:58:04.1423906Z   pythonLocation: /opt/hostedtoolcache/Python/3.13.15/x64
native (ubuntu-latest)	API documentation	2026-09-06T15:58:04.1424343Z   PKG_CONFIG_PATH: /opt/hostedtoolcache/Python/3.13.15/x64/lib/pkgconfig
native (ubuntu-latest)	API documentation	2026-09-06T15:58:04.1424764Z   Python_ROOT_DIR: /opt/hostedtoolcache/Python/3.13.15/x64
native (ubuntu-latest)	API documentation	2026-09-06T15:58:04.1425142Z   Python2_ROOT_DIR: /opt/hostedtoolcache/Python/3.13.15/x64
native (ubuntu-latest)	API documentation	2026-09-06T15:58:04.1425516Z   Python3_ROOT_DIR: /opt/hostedtoolcache/Python/3.13.15/x64
native (ubuntu-latest)	API documentation	2026-09-06T15:58:04.1426087Z   LD_LIBRARY_PATH: /opt/hostedtoolcache/Python/3.13.15/x64/lib
native (ubuntu-latest)	API documentation	2026-09-06T15:58:04.1426402Z ##[endgroup]
native (ubuntu-latest)	API documentation	2026-09-06T15:58:04.2022967Z [1m[92m    Checking[0m nepl3-core v0.1.0 (/home/runner/work/NEPL3/NEPL3/crates/foundation/core)
native (ubuntu-latest)	API documentation	2026-09-06T15:58:04.2032051Z [1m[92m Documenting[0m nepl3-core v0.1.0 (/home/runner/work/NEPL3/NEPL3/crates/foundation/core)
native (ubuntu-latest)	API documentation	2026-09-06T15:58:04.6879595Z [1m[92m Documenting[0m nepl3-reader v0.1.0 (/home/runner/work/NEPL3/NEPL3/crates/foundation/reader)
native (ubuntu-latest)	API documentation	2026-09-06T15:58:04.6880816Z [1m[92m Documenting[0m nepl3-tools v0.1.0 (/home/runner/work/NEPL3/NEPL3/tools)
native (ubuntu-latest)	API documentation	2026-09-06T15:58:04.6881823Z [1m[92m Documenting[0m nepl3-wire v0.1.0 (/home/runner/work/NEPL3/NEPL3/crates/foundation/wire)
native (ubuntu-latest)	API documentation	2026-09-06T15:58:05.3733678Z [1m[92m    Finished[0m `dev` profile [unoptimized + debuginfo] target(s) in 1.19s
native (ubuntu-latest)	API documentation	2026-09-06T15:58:05.3750647Z [1m[92m   Generated[0m /home/runner/work/NEPL3/NEPL3/target/doc/nepl3_core/index.html and 3 other files
native (ubuntu-latest)	Repository contracts	﻿2026-09-06T15:58:05.3802110Z ##[group]Run cargo run --locked -p nepl3-tools -- check
native (ubuntu-latest)	Repository contracts	2026-09-06T15:58:05.3802587Z [36;1mcargo run --locked -p nepl3-tools -- check[0m
native (ubuntu-latest)	Repository contracts	2026-09-06T15:58:05.3839145Z shell: /usr/bin/bash --noprofile --norc -e -o pipefail {0}
native (ubuntu-latest)	Repository contracts	2026-09-06T15:58:05.3839808Z env:
native (ubuntu-latest)	Repository contracts	2026-09-06T15:58:05.3840020Z   CARGO_TERM_COLOR: always
native (ubuntu-latest)	Repository contracts	2026-09-06T15:58:05.3840275Z   RUSTDOCFLAGS: -D warnings
native (ubuntu-latest)	Repository contracts	2026-09-06T15:58:05.3840590Z   pythonLocation: /opt/hostedtoolcache/Python/3.13.15/x64
native (ubuntu-latest)	Repository contracts	2026-09-06T15:58:05.3841038Z   PKG_CONFIG_PATH: /opt/hostedtoolcache/Python/3.13.15/x64/lib/pkgconfig
native (ubuntu-latest)	Repository contracts	2026-09-06T15:58:05.3841480Z   Python_ROOT_DIR: /opt/hostedtoolcache/Python/3.13.15/x64
native (ubuntu-latest)	Repository contracts	2026-09-06T15:58:05.3841881Z   Python2_ROOT_DIR: /opt/hostedtoolcache/Python/3.13.15/x64
native (ubuntu-latest)	Repository contracts	2026-09-06T15:58:05.3842302Z   Python3_ROOT_DIR: /opt/hostedtoolcache/Python/3.13.15/x64
native (ubuntu-latest)	Repository contracts	2026-09-06T15:58:05.3842727Z   LD_LIBRARY_PATH: /opt/hostedtoolcache/Python/3.13.15/x64/lib
native (ubuntu-latest)	Repository contracts	2026-09-06T15:58:05.3843085Z ##[endgroup]
native (ubuntu-latest)	Repository contracts	2026-09-06T15:58:05.4402757Z [1m[92m   Compiling[0m serde v1.0.229
native (ubuntu-latest)	Repository contracts	2026-09-06T15:58:05.7359579Z [1m[92m   Compiling[0m nepl3-tools v0.1.0 (/home/runner/work/NEPL3/NEPL3/tools)
native (ubuntu-latest)	Repository contracts	2026-09-06T15:58:08.7388850Z [1m[92m    Finished[0m `dev` profile [unoptimized + debuginfo] target(s) in 3.32s
native (ubuntu-latest)	Repository contracts	2026-09-06T15:58:08.7407220Z [1m[92m     Running[0m `target/debug/nepl3-tools check`
native (ubuntu-latest)	Repository contracts	2026-09-06T15:58:08.7822113Z Independent design review: 4 open findings; affected tasks cannot be marked complete.
native (ubuntu-latest)	Repository contracts	2026-09-06T15:58:08.8032712Z Contract structure: 33 categories, 119 model types, 27 operation descriptions. Named field references and intrinsic shapes checked; operation schemas, value invariants and language parsing remain unverified.
native (ubuntu-latest)	Repository contracts	2026-09-06T15:58:09.5817473Z Dependency plan: 19 crates; 4 implemented members; 3 no_std declarations checked. Dev dependencies: nepl3-reader -> nepl3-wire.
native (ubuntu-latest)	Repository contracts	2026-09-06T15:58:09.5818570Z External dependency portability and cross-target execution require their own acceptance tests.
native (ubuntu-latest)	Repository contracts	2026-09-06T15:58:09.7950132Z Documentation inventory baseline 25a096bc183c2b71200902884084cd4082d0aae3 verified: 57 Markdown pages, 10 Rust-owned API sources. Current delta: 56 added, 45 changed, 0 removed; current completeness NOT established.
native (ubuntu-latest)	Repository contracts	2026-09-06T15:58:09.7968249Z {"added":["crates/foundation/core/src/budget.rs","crates/foundation/core/src/diagnostic.rs","crates/foundation/core/src/lib.rs","crates/foundation/core/src/origin.rs","crates/foundation/core/src/schema.rs","crates/foundation/core/src/schema/foundation.rs","crates/foundation/core/src/source.rs","crates/foundation/core/src/syntax.rs","crates/foundation/core/src/value.rs","crates/foundation/core/src/value_codec.rs","crates/foundation/core/src/view.rs","crates/foundation/core/tests/contracts.rs","crates/foundation/core/tests/structure.rs","crates/foundation/core/tests/syntax.rs","crates/foundation/reader/src/context.rs","crates/foundation/reader/src/lib.rs","crates/foundation/reader/src/model.rs","crates/foundation/reader/src/plan.rs","crates/foundation/reader/src/plan/identity.rs","crates/foundation/reader/src/portable.rs","crates/foundation/reader/src/primitive.rs","crates/foundation/reader/src/runtime/copy.rs","crates/foundation/reader/src/runtime/mod.rs","crates/foundation/reader/src/runtime/validate.rs","crates/foundation/reader/src/schema.rs","crates/foundation/reader/src/schema/descriptor.rs","crates/foundation/reader/tests/context.rs","crates/foundation/reader/tests/portable.rs","crates/foundation/reader/tests/runtime.rs","crates/foundation/wire/src/boundary.rs","crates/foundation/wire/src/decode.rs","crates/foundation/wire/src/encode.rs","crates/foundation/wire/src/environment.rs","crates/foundation/wire/src/foundation.rs","crates/foundation/wire/src/lib.rs","crates/foundation/wire/src/origin.rs","crates/foundation/wire/src/source.rs","crates/foundation/wire/src/syntax.rs","crates/foundation/wire/src/syntax/order.rs","crates/foundation/wire/src/view.rs","crates/foundation/wire/tests/codec.rs","crates/foundation/wire/tests/origin.rs","crates/foundation/wire/tests/source.rs","crates/foundation/wire/tests/syntax.rs","crates/foundation/wire/tests/view.rs","doc/decisions/0004-pages-recovery-doc-inventory.md","doc/decisions/0005-foundation-runtime-contracts.md","doc/doc-inventory.md","doc/progress/foundation-runtime.md","tools/src/contract/foundation.rs","tools/src/contract/foundation/generate.rs","tools/src/contract/intrinsic.rs","tools/src/contract/reader.rs","tools/src/contract/types.rs","tools/src/documentation/markdown.rs","tools/src/documentation/mod.rs"],"changed":["AGENTS.md","CODEX.md","README.md","design/forms.json","design/markup.json","doc/README.md","doc/development.md","doc/review.md","doc/spec/02-foundation.md","doc/spec/03-reader.md","doc/spec/04-grammar.md","doc/spec/06-math.md","doc/spec/09-portability.md","doc/spec/11-conformance.md","doc/spec/12-model-invariants.md","doc/spec/13-reproducibility.md","doc/spec/15-site.md","doc/spec/16-doc-migration.md","interfaces/contracts.json","interfaces/model.json","tasks/README.md","tasks/T01.md","tasks/T02.md","tasks/T03.md","tasks/T04.md","tasks/T05.md","tasks/T06.md","tasks/T07.md","tasks/T08.md","tasks/T09.md","tasks/T10.md","tasks/T11.md","tasks/T12.md","tasks/T13.md","tasks/T14.md","tasks/T15.md","tasks/T16.md","tasks/T17.md","tasks/T18.md","tasks/T19.md","tasks/T20.md","tasks/T21.md","tools/src/contract/mod.rs","tools/src/lib.rs","tools/src/main.rs"],"removed":[]}
native (ubuntu-latest)	Repository contracts	2026-09-06T15:58:09.7980326Z Repository checks passed: 198 files, 21 tasks, 55 acceptance status entries. Runtime acceptance was not run.
native (ubuntu-latest)	Generated tasks	﻿2026-09-06T15:58:09.8010160Z ##[group]Run cargo run --locked -p nepl3-tools -- tasks --check
native (ubuntu-latest)	Generated tasks	2026-09-06T15:58:09.8010886Z [36;1mcargo run --locked -p nepl3-tools -- tasks --check[0m
native (ubuntu-latest)	Generated tasks	2026-09-06T15:58:09.8048357Z shell: /usr/bin/bash --noprofile --norc -e -o pipefail {0}
native (ubuntu-latest)	Generated tasks	2026-09-06T15:58:09.8048706Z env:
native (ubuntu-latest)	Generated tasks	2026-09-06T15:58:09.8048902Z   CARGO_TERM_COLOR: always
native (ubuntu-latest)	Generated tasks	2026-09-06T15:58:09.8049145Z   RUSTDOCFLAGS: -D warnings
native (ubuntu-latest)	Generated tasks	2026-09-06T15:58:09.8049741Z   pythonLocation: /opt/hostedtoolcache/Python/3.13.15/x64
native (ubuntu-latest)	Generated tasks	2026-09-06T15:58:09.8050210Z   PKG_CONFIG_PATH: /opt/hostedtoolcache/Python/3.13.15/x64/lib/pkgconfig
native (ubuntu-latest)	Generated tasks	2026-09-06T15:58:09.8050729Z   Python_ROOT_DIR: /opt/hostedtoolcache/Python/3.13.15/x64
native (ubuntu-latest)	Generated tasks	2026-09-06T15:58:09.8051238Z   Python2_ROOT_DIR: /opt/hostedtoolcache/Python/3.13.15/x64
native (ubuntu-latest)	Generated tasks	2026-09-06T15:58:09.8051623Z   Python3_ROOT_DIR: /opt/hostedtoolcache/Python/3.13.15/x64
native (ubuntu-latest)	Generated tasks	2026-09-06T15:58:09.8051999Z   LD_LIBRARY_PATH: /opt/hostedtoolcache/Python/3.13.15/x64/lib
native (ubuntu-latest)	Generated tasks	2026-09-06T15:58:09.8052322Z ##[endgroup]
native (ubuntu-latest)	Generated tasks	2026-09-06T15:58:09.8604858Z [1m[92m    Finished[0m `dev` profile [unoptimized + debuginfo] target(s) in 0.02s
native (ubuntu-latest)	Generated tasks	2026-09-06T15:58:09.8618169Z [1m[92m     Running[0m `target/debug/nepl3-tools tasks --check`
native (ubuntu-latest)	Generated tasks	2026-09-06T15:58:09.8695993Z Independent design review: 4 open findings; affected tasks cannot be marked complete.
native (ubuntu-latest)	Generated tasks	2026-09-06T15:58:09.8699403Z Task documents are current.
native (ubuntu-latest)	Verify clean tracked files	﻿2026-09-06T15:58:09.8736554Z ##[group]Run git diff --exit-code
native (ubuntu-latest)	Verify clean tracked files	2026-09-06T15:58:09.8736901Z [36;1mgit diff --exit-code[0m
native (ubuntu-latest)	Verify clean tracked files	2026-09-06T15:58:09.8773976Z shell: /usr/bin/bash --noprofile --norc -e -o pipefail {0}
native (ubuntu-latest)	Verify clean tracked files	2026-09-06T15:58:09.8774338Z env:
native (ubuntu-latest)	Verify clean tracked files	2026-09-06T15:58:09.8774545Z   CARGO_TERM_COLOR: always
native (ubuntu-latest)	Verify clean tracked files	2026-09-06T15:58:09.8774804Z   RUSTDOCFLAGS: -D warnings
native (ubuntu-latest)	Verify clean tracked files	2026-09-06T15:58:09.8775125Z   pythonLocation: /opt/hostedtoolcache/Python/3.13.15/x64
native (ubuntu-latest)	Verify clean tracked files	2026-09-06T15:58:09.8775582Z   PKG_CONFIG_PATH: /opt/hostedtoolcache/Python/3.13.15/x64/lib/pkgconfig
native (ubuntu-latest)	Verify clean tracked files	2026-09-06T15:58:09.8776057Z   Python_ROOT_DIR: /opt/hostedtoolcache/Python/3.13.15/x64
native (ubuntu-latest)	Verify clean tracked files	2026-09-06T15:58:09.8776457Z   Python2_ROOT_DIR: /opt/hostedtoolcache/Python/3.13.15/x64
native (ubuntu-latest)	Verify clean tracked files	2026-09-06T15:58:09.8776859Z   Python3_ROOT_DIR: /opt/hostedtoolcache/Python/3.13.15/x64
native (ubuntu-latest)	Verify clean tracked files	2026-09-06T15:58:09.8777276Z   LD_LIBRARY_PATH: /opt/hostedtoolcache/Python/3.13.15/x64/lib
native (ubuntu-latest)	Verify clean tracked files	2026-09-06T15:58:09.8777637Z ##[endgroup]
native (ubuntu-latest)	Post Install structural audit interpreter	﻿2026-09-06T15:58:09.9040891Z Node 20 is being deprecated. This workflow is running with Node 24 by default. If you need to temporarily use Node 20, you can set the ACTIONS_ALLOW_USE_UNSECURE_NODE_VERSION=true environment variable. For more information see: https://github.blog/changelog/2025-09-19-deprecation-of-node-20-on-github-actions-runners/
native (ubuntu-latest)	Post Install structural audit interpreter	2026-09-06T15:58:09.9042183Z Post job cleanup.
native (ubuntu-latest)	Post Install structural audit interpreter	2026-09-06T15:58:10.0287948Z (node:5602) [DEP0040] DeprecationWarning: The `punycode` module is deprecated. Please use a userland alternative instead.
native (ubuntu-latest)	Post Install structural audit interpreter	2026-09-06T15:58:10.0289704Z (Use `node --trace-deprecation ...` to show where the warning was created)
native (ubuntu-latest)	Post Checkout	﻿2026-09-06T15:58:10.0533762Z Node 20 is being deprecated. This workflow is running with Node 24 by default. If you need to temporarily use Node 20, you can set the ACTIONS_ALLOW_USE_UNSECURE_NODE_VERSION=true environment variable. For more information see: https://github.blog/changelog/2025-09-19-deprecation-of-node-20-on-github-actions-runners/
native (ubuntu-latest)	Post Checkout	2026-09-06T15:58:10.0535925Z Post job cleanup.
native (ubuntu-latest)	Post Checkout	2026-09-06T15:58:10.1449450Z [command]/usr/bin/git version
native (ubuntu-latest)	Post Checkout	2026-09-06T15:58:10.1496851Z git version 2.55.0
native (ubuntu-latest)	Post Checkout	2026-09-06T15:58:10.1542367Z Temporarily overriding HOME='/home/runner/work/_temp/1f269324-7f8d-4ec4-af49-981aa5b734b7' before making global git config changes
native (ubuntu-latest)	Post Checkout	2026-09-06T15:58:10.1543561Z Adding repository directory to the temporary git global config as a safe directory
native (ubuntu-latest)	Post Checkout	2026-09-06T15:58:10.1548408Z [command]/usr/bin/git config --global --add safe.directory /home/runner/work/NEPL3/NEPL3
native (ubuntu-latest)	Post Checkout	2026-09-06T15:58:10.1592385Z [command]/usr/bin/git config --local --name-only --get-regexp core\.sshCommand
native (ubuntu-latest)	Post Checkout	2026-09-06T15:58:10.1630044Z [command]/usr/bin/git submodule foreach --recursive sh -c "git config --local --name-only --get-regexp 'core\.sshCommand' && git config --local --unset-all 'core.sshCommand' || :"
native (ubuntu-latest)	Post Checkout	2026-09-06T15:58:10.1894008Z [command]/usr/bin/git config --local --name-only --get-regexp http\.https\:\/\/github\.com\/\.extraheader
native (ubuntu-latest)	Post Checkout	2026-09-06T15:58:10.1936275Z [command]/usr/bin/git submodule foreach --recursive sh -c "git config --local --name-only --get-regexp 'http\.https\:\/\/github\.com\/\.extraheader' && git config --local --unset-all 'http.https://github.com/.extraheader' || :"
native (ubuntu-latest)	Post Checkout	2026-09-06T15:58:10.2203401Z [command]/usr/bin/git config --local --name-only --get-regexp ^includeIf\.gitdir:
native (ubuntu-latest)	Post Checkout	2026-09-06T15:58:10.2239744Z [command]/usr/bin/git submodule foreach --recursive git config --local --show-origin --name-only --get-regexp remote.origin.url
native (ubuntu-latest)	Complete job	﻿2026-09-06T15:58:10.2634136Z Cleaning up orphan processes
native (ubuntu-latest)	Complete job	2026-09-06T15:58:10.3015452Z ##[warning]Node.js 20 is deprecated. The following actions target Node.js 20 but are being forced to run on Node.js 24: actions/checkout@11d5960a326750d5838078e36cf38b85af677262, actions/setup-python@a26af69be951a213d495a4c3e4e4022e16d87065. For more information see: https://github.blog/changelog/2025-09-19-deprecation-of-node-20-on-github-actions-runners/
native (windows-latest)	Set up job	﻿2026-09-06T15:57:28.6029836Z Current runner version: '2.337.0'
native (windows-latest)	Set up job	2026-09-06T15:57:28.6074334Z ##[group]Runner Image Provisioner
native (windows-latest)	Set up job	2026-09-06T15:57:28.6075183Z Hosted Compute Agent
native (windows-latest)	Set up job	2026-09-06T15:57:28.6075728Z Version: 20260819.586
native (windows-latest)	Set up job	2026-09-06T15:57:28.6076315Z Commit: 3cc4a88dfa507ef76119ad1bb3eccc6378bb2b76
native (windows-latest)	Set up job	2026-09-06T15:57:28.6076962Z Build Date: 2026-08-18T23:20:18Z
native (windows-latest)	Set up job	2026-09-06T15:57:28.6077841Z Worker ID: {cb77cef1-d75e-4697-8bb8-5c42e41d341a}
native (windows-latest)	Set up job	2026-09-06T15:57:28.6078483Z Azure Region: westus3
native (windows-latest)	Set up job	2026-09-06T15:57:28.6078974Z ##[endgroup]
native (windows-latest)	Set up job	2026-09-06T15:57:28.6080434Z ##[group]Operating System
native (windows-latest)	Set up job	2026-09-06T15:57:28.6081003Z Microsoft Windows Server 2025
native (windows-latest)	Set up job	2026-09-06T15:57:28.6081515Z 10.0.26100
native (windows-latest)	Set up job	2026-09-06T15:57:28.6082389Z Datacenter
native (windows-latest)	Set up job	2026-09-06T15:57:28.6082858Z ##[endgroup]
native (windows-latest)	Set up job	2026-09-06T15:57:28.6083339Z ##[group]Runner Image
native (windows-latest)	Set up job	2026-09-06T15:57:28.6083934Z Image: windows-2025-vs2026
native (windows-latest)	Set up job	2026-09-06T15:57:28.6084458Z Version: 20260824.214.3
native (windows-latest)	Set up job	2026-09-06T15:57:28.6085484Z Included Software: https://github.com/actions/runner-images/blob/win25-vs2026/20260824.214/images/windows/Windows2025-VS2026-Readme.md
native (windows-latest)	Set up job	2026-09-06T15:57:28.6087258Z Image Release: https://github.com/actions/runner-images/releases/tag/win25-vs2026%2F20260824.214
native (windows-latest)	Set up job	2026-09-06T15:57:28.6088144Z ##[endgroup]
native (windows-latest)	Set up job	2026-09-06T15:57:28.6089096Z ##[group]GITHUB_TOKEN Permissions
native (windows-latest)	Set up job	2026-09-06T15:57:28.6091106Z Contents: read
native (windows-latest)	Set up job	2026-09-06T15:57:28.6091629Z Metadata: read
native (windows-latest)	Set up job	2026-09-06T15:57:28.6092127Z ##[endgroup]
native (windows-latest)	Set up job	2026-09-06T15:57:28.6094109Z Secret source: Actions
native (windows-latest)	Set up job	2026-09-06T15:57:28.6095102Z Prepare workflow directory
native (windows-latest)	Set up job	2026-09-06T15:57:28.6517030Z Prepare all required actions
native (windows-latest)	Set up job	2026-09-06T15:57:28.6565587Z Getting action download info
native (windows-latest)	Set up job	2026-09-06T15:57:28.9661523Z Download action repository 'actions/checkout@11d5960a326750d5838078e36cf38b85af677262' (SHA:11d5960a326750d5838078e36cf38b85af677262)
native (windows-latest)	Set up job	2026-09-06T15:57:29.0860179Z Download action repository 'actions/setup-python@a26af69be951a213d495a4c3e4e4022e16d87065' (SHA:a26af69be951a213d495a4c3e4e4022e16d87065)
native (windows-latest)	Set up job	2026-09-06T15:57:29.3463638Z Complete job name: native (windows-latest)
native (windows-latest)	Checkout	﻿2026-09-06T15:57:29.5387225Z Node 20 is being deprecated. This workflow is running with Node 24 by default. If you need to temporarily use Node 20, you can set the ACTIONS_ALLOW_USE_UNSECURE_NODE_VERSION=true environment variable. For more information see: https://github.blog/changelog/2025-09-19-deprecation-of-node-20-on-github-actions-runners/
native (windows-latest)	Checkout	2026-09-06T15:57:29.5399083Z ##[group]Run actions/checkout@11d5960a326750d5838078e36cf38b85af677262
native (windows-latest)	Checkout	2026-09-06T15:57:29.5400251Z with:
native (windows-latest)	Checkout	2026-09-06T15:57:29.5400761Z   fetch-depth: 0
native (windows-latest)	Checkout	2026-09-06T15:57:29.5401275Z   persist-credentials: false
native (windows-latest)	Checkout	2026-09-06T15:57:29.5401815Z   repository: neknaj/NEPL3
native (windows-latest)	Checkout	2026-09-06T15:57:29.5406205Z   token: ***
native (windows-latest)	Checkout	2026-09-06T15:57:29.5406772Z   ssh-strict: true
native (windows-latest)	Checkout	2026-09-06T15:57:29.5407256Z   ssh-user: git
native (windows-latest)	Checkout	2026-09-06T15:57:29.5407763Z   clean: true
native (windows-latest)	Checkout	2026-09-06T15:57:29.5408221Z   sparse-checkout-cone-mode: true
native (windows-latest)	Checkout	2026-09-06T15:57:29.5408819Z   fetch-tags: false
native (windows-latest)	Checkout	2026-09-06T15:57:29.5409273Z   show-progress: true
native (windows-latest)	Checkout	2026-09-06T15:57:29.5409781Z   lfs: false
native (windows-latest)	Checkout	2026-09-06T15:57:29.5410361Z   submodules: false
native (windows-latest)	Checkout	2026-09-06T15:57:29.5410813Z   set-safe-directory: true
native (windows-latest)	Checkout	2026-09-06T15:57:29.5411361Z   allow-unsafe-pr-checkout: false
native (windows-latest)	Checkout	2026-09-06T15:57:29.5412397Z env:
native (windows-latest)	Checkout	2026-09-06T15:57:29.5412870Z   CARGO_TERM_COLOR: always
native (windows-latest)	Checkout	2026-09-06T15:57:29.5413438Z   RUSTDOCFLAGS: -D warnings
native (windows-latest)	Checkout	2026-09-06T15:57:29.5413976Z ##[endgroup]
native (windows-latest)	Checkout	2026-09-06T15:57:29.7161370Z Syncing repository: neknaj/NEPL3
native (windows-latest)	Checkout	2026-09-06T15:57:29.7163169Z ##[group]Getting Git version info
native (windows-latest)	Checkout	2026-09-06T15:57:29.7163725Z Working directory is 'D:\a\NEPL3\NEPL3'
native (windows-latest)	Checkout	2026-09-06T15:57:29.7787134Z [command]"C:\Program Files\Git\bin\git.exe" version
native (windows-latest)	Checkout	2026-09-06T15:57:29.9584520Z git version 2.55.0.windows.5
native (windows-latest)	Checkout	2026-09-06T15:57:29.9637140Z ##[endgroup]
native (windows-latest)	Checkout	2026-09-06T15:57:29.9657186Z Temporarily overriding HOME='D:\a\_temp\e7c4f34b-bed0-4ef9-896c-05d68a21b284' before making global git config changes
native (windows-latest)	Checkout	2026-09-06T15:57:29.9658496Z Adding repository directory to the temporary git global config as a safe directory
native (windows-latest)	Checkout	2026-09-06T15:57:29.9667701Z [command]"C:\Program Files\Git\bin\git.exe" config --global --add safe.directory D:\a\NEPL3\NEPL3
native (windows-latest)	Checkout	2026-09-06T15:57:29.9974828Z Deleting the contents of 'D:\a\NEPL3\NEPL3'
native (windows-latest)	Checkout	2026-09-06T15:57:29.9981334Z ##[group]Initializing the repository
native (windows-latest)	Checkout	2026-09-06T15:57:29.9990093Z [command]"C:\Program Files\Git\bin\git.exe" init D:\a\NEPL3\NEPL3
native (windows-latest)	Checkout	2026-09-06T15:57:30.0442375Z Initialized empty Git repository in D:/a/NEPL3/NEPL3/.git/
native (windows-latest)	Checkout	2026-09-06T15:57:30.0490664Z [command]"C:\Program Files\Git\bin\git.exe" remote add origin https://github.com/neknaj/NEPL3
native (windows-latest)	Checkout	2026-09-06T15:57:30.0818095Z ##[endgroup]
native (windows-latest)	Checkout	2026-09-06T15:57:30.0818884Z ##[group]Disabling automatic garbage collection
native (windows-latest)	Checkout	2026-09-06T15:57:30.0827476Z [command]"C:\Program Files\Git\bin\git.exe" config --local gc.auto 0
native (windows-latest)	Checkout	2026-09-06T15:57:30.1135278Z ##[endgroup]
native (windows-latest)	Checkout	2026-09-06T15:57:30.1136039Z ##[group]Setting up auth
native (windows-latest)	Checkout	2026-09-06T15:57:30.1147534Z [command]"C:\Program Files\Git\bin\git.exe" config --local --name-only --get-regexp core\.sshCommand
native (windows-latest)	Checkout	2026-09-06T15:57:30.1459131Z [command]"C:\Program Files\Git\bin\git.exe" submodule foreach --recursive "sh -c \"git config --local --name-only --get-regexp 'core\.sshCommand' && git config --local --unset-all 'core.sshCommand' || :\""
native (windows-latest)	Checkout	2026-09-06T15:57:31.0649144Z [command]"C:\Program Files\Git\bin\git.exe" config --local --name-only --get-regexp http\.https\:\/\/github\.com\/\.extraheader
native (windows-latest)	Checkout	2026-09-06T15:57:31.0965951Z [command]"C:\Program Files\Git\bin\git.exe" submodule foreach --recursive "sh -c \"git config --local --name-only --get-regexp 'http\.https\:\/\/github\.com\/\.extraheader' && git config --local --unset-all 'http.https://github.com/.extraheader' || :\""
native (windows-latest)	Checkout	2026-09-06T15:57:31.6116760Z [command]"C:\Program Files\Git\bin\git.exe" config --local --name-only --get-regexp ^includeIf\.gitdir:
native (windows-latest)	Checkout	2026-09-06T15:57:31.6424171Z [command]"C:\Program Files\Git\bin\git.exe" submodule foreach --recursive "git config --local --show-origin --name-only --get-regexp remote.origin.url"
native (windows-latest)	Checkout	2026-09-06T15:57:32.1681609Z [command]"C:\Program Files\Git\bin\git.exe" config --local http.https://github.com/.extraheader "AUTHORIZATION: basic ***"
native (windows-latest)	Checkout	2026-09-06T15:57:32.1980011Z ##[endgroup]
native (windows-latest)	Checkout	2026-09-06T15:57:32.1981049Z ##[group]Fetching the repository
native (windows-latest)	Checkout	2026-09-06T15:57:32.1993055Z [command]"C:\Program Files\Git\bin\git.exe" -c protocol.version=2 fetch --prune --no-recurse-submodules origin +refs/heads/*:refs/remotes/origin/* +refs/tags/*:refs/tags/*
native (windows-latest)	Checkout	2026-09-06T15:57:33.4096361Z From https://github.com/neknaj/NEPL3
native (windows-latest)	Checkout	2026-09-06T15:57:33.4098050Z  * [new branch]      dependabot/github_actions/github-actions-69435ca2c2 -> origin/dependabot/github_actions/github-actions-69435ca2c2
native (windows-latest)	Checkout	2026-09-06T15:57:33.4099865Z  * [new branch]      main       -> origin/main
native (windows-latest)	Checkout	2026-09-06T15:57:33.4157745Z [command]"C:\Program Files\Git\bin\git.exe" branch --list --remote origin/main
native (windows-latest)	Checkout	2026-09-06T15:57:33.4419390Z   origin/main
native (windows-latest)	Checkout	2026-09-06T15:57:33.4466129Z [command]"C:\Program Files\Git\bin\git.exe" rev-parse refs/remotes/origin/main
native (windows-latest)	Checkout	2026-09-06T15:57:33.4713789Z da7328c6157b889684f3a153579b3934dfadae73
native (windows-latest)	Checkout	2026-09-06T15:57:33.4752638Z ##[endgroup]
native (windows-latest)	Checkout	2026-09-06T15:57:33.4753581Z ##[group]Determining the checkout info
native (windows-latest)	Checkout	2026-09-06T15:57:33.4755392Z ##[endgroup]
native (windows-latest)	Checkout	2026-09-06T15:57:33.4764973Z [command]"C:\Program Files\Git\bin\git.exe" sparse-checkout disable
native (windows-latest)	Checkout	2026-09-06T15:57:33.5136800Z [command]"C:\Program Files\Git\bin\git.exe" config --local --unset-all extensions.worktreeConfig
native (windows-latest)	Checkout	2026-09-06T15:57:33.5425672Z ##[group]Checking out the ref
native (windows-latest)	Checkout	2026-09-06T15:57:33.5435314Z [command]"C:\Program Files\Git\bin\git.exe" checkout --progress --force -B main refs/remotes/origin/main
native (windows-latest)	Checkout	2026-09-06T15:57:33.6276875Z Switched to a new branch 'main'
native (windows-latest)	Checkout	2026-09-06T15:57:33.6291436Z branch 'main' set up to track 'origin/main'.
native (windows-latest)	Checkout	2026-09-06T15:57:33.6350681Z ##[endgroup]
native (windows-latest)	Checkout	2026-09-06T15:57:33.6677871Z [command]"C:\Program Files\Git\bin\git.exe" log -1 --format=%H
native (windows-latest)	Checkout	2026-09-06T15:57:33.6933187Z da7328c6157b889684f3a153579b3934dfadae73
native (windows-latest)	Checkout	2026-09-06T15:57:33.6977698Z ##[group]Removing auth
native (windows-latest)	Checkout	2026-09-06T15:57:33.6990666Z [command]"C:\Program Files\Git\bin\git.exe" config --local --name-only --get-regexp core\.sshCommand
native (windows-latest)	Checkout	2026-09-06T15:57:33.7283907Z [command]"C:\Program Files\Git\bin\git.exe" submodule foreach --recursive "sh -c \"git config --local --name-only --get-regexp 'core\.sshCommand' && git config --local --unset-all 'core.sshCommand' || :\""
native (windows-latest)	Checkout	2026-09-06T15:57:34.2770195Z [command]"C:\Program Files\Git\bin\git.exe" config --local --name-only --get-regexp http\.https\:\/\/github\.com\/\.extraheader
native (windows-latest)	Checkout	2026-09-06T15:57:34.3026406Z http.https://github.com/.extraheader
native (windows-latest)	Checkout	2026-09-06T15:57:34.3077244Z [command]"C:\Program Files\Git\bin\git.exe" config --local --unset-all http.https://github.com/.extraheader
native (windows-latest)	Checkout	2026-09-06T15:57:34.3420700Z [command]"C:\Program Files\Git\bin\git.exe" submodule foreach --recursive "sh -c \"git config --local --name-only --get-regexp 'http\.https\:\/\/github\.com\/\.extraheader' && git config --local --unset-all 'http.https://github.com/.extraheader' || :\""
native (windows-latest)	Checkout	2026-09-06T15:57:34.8645939Z [command]"C:\Program Files\Git\bin\git.exe" config --local --name-only --get-regexp ^includeIf\.gitdir:
native (windows-latest)	Checkout	2026-09-06T15:57:34.8941609Z [command]"C:\Program Files\Git\bin\git.exe" submodule foreach --recursive "git config --local --show-origin --name-only --get-regexp remote.origin.url"
native (windows-latest)	Checkout	2026-09-06T15:57:35.4322261Z ##[endgroup]
native (windows-latest)	Install pinned toolchain and components	﻿2026-09-06T15:57:35.4702561Z ##[group]Run rustup show active-toolchain
native (windows-latest)	Install pinned toolchain and components	2026-09-06T15:57:35.4703028Z [36;1mrustup show active-toolchain[0m
native (windows-latest)	Install pinned toolchain and components	2026-09-06T15:57:35.4703320Z [36;1mrustup component add rustfmt clippy[0m
native (windows-latest)	Install pinned toolchain and components	2026-09-06T15:57:35.4703616Z [36;1mrustc --version --verbose[0m
native (windows-latest)	Install pinned toolchain and components	2026-09-06T15:57:35.4703868Z [36;1mcargo --version[0m
native (windows-latest)	Install pinned toolchain and components	2026-09-06T15:57:35.4722539Z shell: C:\Program Files\Git\bin\bash.EXE --noprofile --norc -e -o pipefail {0}
native (windows-latest)	Install pinned toolchain and components	2026-09-06T15:57:35.4722914Z env:
native (windows-latest)	Install pinned toolchain and components	2026-09-06T15:57:35.4723098Z   CARGO_TERM_COLOR: always
native (windows-latest)	Install pinned toolchain and components	2026-09-06T15:57:35.4723322Z   RUSTDOCFLAGS: -D warnings
native (windows-latest)	Install pinned toolchain and components	2026-09-06T15:57:35.4723524Z ##[endgroup]
native (windows-latest)	Install pinned toolchain and components	2026-09-06T15:57:36.1652270Z info: syncing channel updates for 1.97.0-x86_64-pc-windows-msvc
native (windows-latest)	Install pinned toolchain and components	2026-09-06T15:57:36.6282106Z info: latest update on 2026-07-09 for version 1.97.0 (2d8144b78 2026-07-07)
native (windows-latest)	Install pinned toolchain and components	2026-09-06T15:57:36.6381102Z info: downloading 5 components
native (windows-latest)	Install pinned toolchain and components	2026-09-06T15:57:47.0839136Z 1.97.0-x86_64-pc-windows-msvc (overridden by 'D:\a\NEPL3\NEPL3\rust-toolchain.toml')
native (windows-latest)	Install pinned toolchain and components	2026-09-06T15:57:47.2064090Z info: component rustfmt is up to date
native (windows-latest)	Install pinned toolchain and components	2026-09-06T15:57:47.2774165Z info: component clippy is up to date
native (windows-latest)	Install pinned toolchain and components	2026-09-06T15:57:47.9115891Z rustc 1.97.0 (2d8144b78 2026-07-07)
native (windows-latest)	Install pinned toolchain and components	2026-09-06T15:57:47.9116340Z binary: rustc
native (windows-latest)	Install pinned toolchain and components	2026-09-06T15:57:47.9116692Z commit-hash: 2d8144b7880597b6e6d3dfd63a9a9efae3f533d3
native (windows-latest)	Install pinned toolchain and components	2026-09-06T15:57:47.9117160Z commit-date: 2026-07-07
native (windows-latest)	Install pinned toolchain and components	2026-09-06T15:57:47.9117492Z host: x86_64-pc-windows-msvc
native (windows-latest)	Install pinned toolchain and components	2026-09-06T15:57:47.9117804Z release: 1.97.0
native (windows-latest)	Install pinned toolchain and components	2026-09-06T15:57:47.9120721Z LLVM version: 22.1.6
native (windows-latest)	Install pinned toolchain and components	2026-09-06T15:57:48.5318614Z cargo 1.97.0 (c980f4866 2026-06-30)
native (windows-latest)	Install structural audit interpreter	﻿2026-09-06T15:57:48.5632946Z Node 20 is being deprecated. This workflow is running with Node 24 by default. If you need to temporarily use Node 20, you can set the ACTIONS_ALLOW_USE_UNSECURE_NODE_VERSION=true environment variable. For more information see: https://github.blog/changelog/2025-09-19-deprecation-of-node-20-on-github-actions-runners/
native (windows-latest)	Install structural audit interpreter	2026-09-06T15:57:48.5634818Z ##[group]Run actions/setup-python@a26af69be951a213d495a4c3e4e4022e16d87065
native (windows-latest)	Install structural audit interpreter	2026-09-06T15:57:48.5635169Z with:
native (windows-latest)	Install structural audit interpreter	2026-09-06T15:57:48.5635357Z   python-version: 3.13
native (windows-latest)	Install structural audit interpreter	2026-09-06T15:57:48.5635559Z   check-latest: false
native (windows-latest)	Install structural audit interpreter	2026-09-06T15:57:48.5637802Z   token: ***
native (windows-latest)	Install structural audit interpreter	2026-09-06T15:57:48.5637998Z   update-environment: true
native (windows-latest)	Install structural audit interpreter	2026-09-06T15:57:48.5638222Z   allow-prereleases: false
native (windows-latest)	Install structural audit interpreter	2026-09-06T15:57:48.5638441Z   freethreaded: false
native (windows-latest)	Install structural audit interpreter	2026-09-06T15:57:48.5638946Z env:
native (windows-latest)	Install structural audit interpreter	2026-09-06T15:57:48.5639173Z   CARGO_TERM_COLOR: always
native (windows-latest)	Install structural audit interpreter	2026-09-06T15:57:48.5639387Z   RUSTDOCFLAGS: -D warnings
native (windows-latest)	Install structural audit interpreter	2026-09-06T15:57:48.5639596Z ##[endgroup]
native (windows-latest)	Install structural audit interpreter	2026-09-06T15:57:48.7255069Z ##[group]Installed versions
native (windows-latest)	Install structural audit interpreter	2026-09-06T15:57:48.7449380Z (node:2088) [DEP0040] DeprecationWarning: The `punycode` module is deprecated. Please use a userland alternative instead.
native (windows-latest)	Install structural audit interpreter	2026-09-06T15:57:48.7450045Z (Use `node --trace-deprecation ...` to show where the warning was created)
native (windows-latest)	Install structural audit interpreter	2026-09-06T15:57:48.7451105Z Successfully set up CPython (3.13.15)
native (windows-latest)	Install structural audit interpreter	2026-09-06T15:57:48.7452229Z ##[endgroup]
native (windows-latest)	Independent structure audit	﻿2026-09-06T15:57:48.7741544Z ##[group]Run python tools/audit/structure.py
native (windows-latest)	Independent structure audit	2026-09-06T15:57:48.7741948Z [36;1mpython tools/audit/structure.py[0m
native (windows-latest)	Independent structure audit	2026-09-06T15:57:48.7805164Z shell: C:\Program Files\Git\bin\bash.EXE --noprofile --norc -e -o pipefail {0}
native (windows-latest)	Independent structure audit	2026-09-06T15:57:48.7805558Z env:
native (windows-latest)	Independent structure audit	2026-09-06T15:57:48.7805755Z   CARGO_TERM_COLOR: always
native (windows-latest)	Independent structure audit	2026-09-06T15:57:48.7805972Z   RUSTDOCFLAGS: -D warnings
native (windows-latest)	Independent structure audit	2026-09-06T15:57:48.7806282Z   pythonLocation: C:\hostedtoolcache\windows\Python\3.13.15\x64
native (windows-latest)	Independent structure audit	2026-09-06T15:57:48.7806719Z   PKG_CONFIG_PATH: C:\hostedtoolcache\windows\Python\3.13.15\x64/lib/pkgconfig
native (windows-latest)	Independent structure audit	2026-09-06T15:57:48.7807133Z   Python_ROOT_DIR: C:\hostedtoolcache\windows\Python\3.13.15\x64
native (windows-latest)	Independent structure audit	2026-09-06T15:57:48.7807528Z   Python2_ROOT_DIR: C:\hostedtoolcache\windows\Python\3.13.15\x64
native (windows-latest)	Independent structure audit	2026-09-06T15:57:48.7808413Z   Python3_ROOT_DIR: C:\hostedtoolcache\windows\Python\3.13.15\x64
native (windows-latest)	Independent structure audit	2026-09-06T15:57:48.7808712Z ##[endgroup]
native (windows-latest)	Independent structure audit	2026-09-06T15:57:49.6221507Z {
native (windows-latest)	Independent structure audit	2026-09-06T15:57:49.6222377Z   "scope": "design-source structure only; not runtime conformance",
native (windows-latest)	Independent structure audit	2026-09-06T15:57:49.6223479Z   "sources": [
native (windows-latest)	Independent structure audit	2026-09-06T15:57:49.6223760Z     {
native (windows-latest)	Independent structure audit	2026-09-06T15:57:49.6224090Z       "path": "languages/grammar/syntax.neplg",
native (windows-latest)	Independent structure audit	2026-09-06T15:57:49.6224530Z       "form_signatures": 68
native (windows-latest)	Independent structure audit	2026-09-06T15:57:49.6224841Z     },
native (windows-latest)	Independent structure audit	2026-09-06T15:57:49.6225068Z     {
native (windows-latest)	Independent structure audit	2026-09-06T15:57:49.6225362Z       "path": "languages/doc/syntax.neplg",
native (windows-latest)	Independent structure audit	2026-09-06T15:57:49.6225764Z       "form_signatures": 32
native (windows-latest)	Independent structure audit	2026-09-06T15:57:49.6226081Z     },
native (windows-latest)	Independent structure audit	2026-09-06T15:57:49.6226341Z     {
native (windows-latest)	Independent structure audit	2026-09-06T15:57:49.6226623Z       "path": "languages/math/syntax.neplg",
native (windows-latest)	Independent structure audit	2026-09-06T15:57:49.6227044Z       "form_signatures": 29
native (windows-latest)	Independent structure audit	2026-09-06T15:57:49.6227380Z     },
native (windows-latest)	Independent structure audit	2026-09-06T15:57:49.6227610Z     {
native (windows-latest)	Independent structure audit	2026-09-06T15:57:49.6227896Z       "path": "languages/circuit/syntax.neplg",
native (windows-latest)	Independent structure audit	2026-09-06T15:57:49.6228306Z       "form_signatures": 26
native (windows-latest)	Independent structure audit	2026-09-06T15:57:49.6228636Z     },
native (windows-latest)	Independent structure audit	2026-09-06T15:57:49.6228882Z     {
native (windows-latest)	Independent structure audit	2026-09-06T15:57:49.6229206Z       "path": "examples/circuit/half-adder.neplc"
native (windows-latest)	Independent structure audit	2026-09-06T15:57:49.6229667Z     },
native (windows-latest)	Independent structure audit	2026-09-06T15:57:49.6229920Z     {
native (windows-latest)	Independent structure audit	2026-09-06T15:57:49.6230244Z       "path": "examples/circuit/instances.neplc"
native (windows-latest)	Independent structure audit	2026-09-06T15:57:49.6230706Z     },
native (windows-latest)	Independent structure audit	2026-09-06T15:57:49.6230976Z     {
native (windows-latest)	Independent structure audit	2026-09-06T15:57:49.6231303Z       "path": "examples/circuit/simultaneous.neplc"
native (windows-latest)	Independent structure audit	2026-09-06T15:57:49.6231753Z     },
native (windows-latest)	Independent structure audit	2026-09-06T15:57:49.6232078Z     {
native (windows-latest)	Independent structure audit	2026-09-06T15:57:49.6232559Z       "path": "examples/circuit/state-feedback.neplc"
native (windows-latest)	Independent structure audit	2026-09-06T15:57:49.6233134Z     },
native (windows-latest)	Independent structure audit	2026-09-06T15:57:49.6233456Z     {
native (windows-latest)	Independent structure audit	2026-09-06T15:57:49.6233990Z       "path": "examples/circuit/toggle.neplc"
native (windows-latest)	Independent structure audit	2026-09-06T15:57:49.6234465Z     },
native (windows-latest)	Independent structure audit	2026-09-06T15:57:49.6234757Z     {
native (windows-latest)	Independent structure audit	2026-09-06T15:57:49.6235054Z       "path": "examples/document/integration.nepld"
native (windows-latest)	Independent structure audit	2026-09-06T15:57:49.6235564Z     },
native (windows-latest)	Independent structure audit	2026-09-06T15:57:49.6235921Z     {
native (windows-latest)	Independent structure audit	2026-09-06T15:57:49.6236275Z       "path": "examples/document/parallel.nepld"
native (windows-latest)	Independent structure audit	2026-09-06T15:57:49.6236734Z     },
native (windows-latest)	Independent structure audit	2026-09-06T15:57:49.6236992Z     {
native (windows-latest)	Independent structure audit	2026-09-06T15:57:49.6237309Z       "path": "examples/document/prefix.nepld"
native (windows-latest)	Independent structure audit	2026-09-06T15:57:49.6237758Z     },
native (windows-latest)	Independent structure audit	2026-09-06T15:57:49.6238011Z     {
native (windows-latest)	Independent structure audit	2026-09-06T15:57:49.6238339Z       "path": "examples/document/references.nepld"
native (windows-latest)	Independent structure audit	2026-09-06T15:57:49.6238815Z     },
native (windows-latest)	Independent structure audit	2026-09-06T15:57:49.6239082Z     {
native (windows-latest)	Independent structure audit	2026-09-06T15:57:49.6239426Z       "path": "examples/document/sentence.nepld"
native (windows-latest)	Independent structure audit	2026-09-06T15:57:49.6239924Z     },
native (windows-latest)	Independent structure audit	2026-09-06T15:57:49.6240176Z     {
native (windows-latest)	Independent structure audit	2026-09-06T15:57:49.6240573Z       "path": "examples/grammar/angle-tag.neplg"
native (windows-latest)	Independent structure audit	2026-09-06T15:57:49.6241152Z     },
native (windows-latest)	Independent structure audit	2026-09-06T15:57:49.6241436Z     {
native (windows-latest)	Independent structure audit	2026-09-06T15:57:49.6241777Z       "path": "examples/grammar/binding.neplg"
native (windows-latest)	Independent structure audit	2026-09-06T15:57:49.6242639Z     },
native (windows-latest)	Independent structure audit	2026-09-06T15:57:49.6242905Z     {
native (windows-latest)	Independent structure audit	2026-09-06T15:57:49.6243237Z       "path": "examples/grammar/provider.neplg"
native (windows-latest)	Independent structure audit	2026-09-06T15:57:49.6244022Z     },
native (windows-latest)	Independent structure audit	2026-09-06T15:57:49.6244314Z     {
native (windows-latest)	Independent structure audit	2026-09-06T15:57:49.6244660Z       "path": "examples/math/binding.neplm"
native (windows-latest)	Independent structure audit	2026-09-06T15:57:49.6245121Z     },
native (windows-latest)	Independent structure audit	2026-09-06T15:57:49.6245360Z     {
native (windows-latest)	Independent structure audit	2026-09-06T15:57:49.6248711Z       "path": "examples/math/decimal.neplm"
native (windows-latest)	Independent structure audit	2026-09-06T15:57:49.6249116Z     },
native (windows-latest)	Independent structure audit	2026-09-06T15:57:49.6249378Z     {
native (windows-latest)	Independent structure audit	2026-09-06T15:57:49.6249685Z       "path": "examples/math/doc-label.neplm"
native (windows-latest)	Independent structure audit	2026-09-06T15:57:49.6250105Z     },
native (windows-latest)	Independent structure audit	2026-09-06T15:57:49.6250346Z     {
native (windows-latest)	Independent structure audit	2026-09-06T15:57:49.6250649Z       "path": "examples/math/matrix.neplm"
native (windows-latest)	Independent structure audit	2026-09-06T15:57:49.6251043Z     },
native (windows-latest)	Independent structure audit	2026-09-06T15:57:49.6251269Z     {
native (windows-latest)	Independent structure audit	2026-09-06T15:57:49.6251551Z       "path": "examples/math/notation.neplm"
native (windows-latest)	Independent structure audit	2026-09-06T15:57:49.6251955Z     },
native (windows-latest)	Independent structure audit	2026-09-06T15:57:49.6252200Z     {
native (windows-latest)	Independent structure audit	2026-09-06T15:57:49.6252494Z       "path": "examples/math/rational.neplm"
native (windows-latest)	Independent structure audit	2026-09-06T15:57:49.6252851Z     },
native (windows-latest)	Independent structure audit	2026-09-06T15:57:49.6253073Z     {
native (windows-latest)	Independent structure audit	2026-09-06T15:57:49.6253335Z       "path": "examples/math/sum.neplm"
native (windows-latest)	Independent structure audit	2026-09-06T15:57:49.6253560Z     }
native (windows-latest)	Independent structure audit	2026-09-06T15:57:49.6253703Z   ]
native (windows-latest)	Independent structure audit	2026-09-06T15:57:49.6253856Z }
native (windows-latest)	Structure audit tests	﻿2026-09-06T15:57:49.6520161Z ##[group]Run python -m unittest discover -s tools/audit -p test.py
native (windows-latest)	Structure audit tests	2026-09-06T15:57:49.6520692Z [36;1mpython -m unittest discover -s tools/audit -p test.py[0m
native (windows-latest)	Structure audit tests	2026-09-06T15:57:49.6534689Z shell: C:\Program Files\Git\bin\bash.EXE --noprofile --norc -e -o pipefail {0}
native (windows-latest)	Structure audit tests	2026-09-06T15:57:49.6535064Z env:
native (windows-latest)	Structure audit tests	2026-09-06T15:57:49.6535238Z   CARGO_TERM_COLOR: always
native (windows-latest)	Structure audit tests	2026-09-06T15:57:49.6535447Z   RUSTDOCFLAGS: -D warnings
native (windows-latest)	Structure audit tests	2026-09-06T15:57:49.6535738Z   pythonLocation: C:\hostedtoolcache\windows\Python\3.13.15\x64
native (windows-latest)	Structure audit tests	2026-09-06T15:57:49.6536160Z   PKG_CONFIG_PATH: C:\hostedtoolcache\windows\Python\3.13.15\x64/lib/pkgconfig
native (windows-latest)	Structure audit tests	2026-09-06T15:57:49.6536565Z   Python_ROOT_DIR: C:\hostedtoolcache\windows\Python\3.13.15\x64
native (windows-latest)	Structure audit tests	2026-09-06T15:57:49.6536951Z   Python2_ROOT_DIR: C:\hostedtoolcache\windows\Python\3.13.15\x64
native (windows-latest)	Structure audit tests	2026-09-06T15:57:49.6537320Z   Python3_ROOT_DIR: C:\hostedtoolcache\windows\Python\3.13.15\x64
native (windows-latest)	Structure audit tests	2026-09-06T15:57:49.6537611Z ##[endgroup]
native (windows-latest)	Structure audit tests	2026-09-06T15:57:50.0246827Z ......
native (windows-latest)	Structure audit tests	2026-09-06T15:57:50.0247233Z ----------------------------------------------------------------------
native (windows-latest)	Structure audit tests	2026-09-06T15:57:50.0291494Z Ran 6 tests in 0.002s
native (windows-latest)	Structure audit tests	2026-09-06T15:57:50.0291722Z 
native (windows-latest)	Structure audit tests	2026-09-06T15:57:50.0291822Z OK
native (windows-latest)	Format	﻿2026-09-06T15:57:50.0593495Z ##[group]Run cargo fmt --all -- --check
native (windows-latest)	Format	2026-09-06T15:57:50.0593950Z [36;1mcargo fmt --all -- --check[0m
native (windows-latest)	Format	2026-09-06T15:57:50.0609159Z shell: C:\Program Files\Git\bin\bash.EXE --noprofile --norc -e -o pipefail {0}
native (windows-latest)	Format	2026-09-06T15:57:50.0609539Z env:
native (windows-latest)	Format	2026-09-06T15:57:50.0609715Z   CARGO_TERM_COLOR: always
native (windows-latest)	Format	2026-09-06T15:57:50.0609927Z   RUSTDOCFLAGS: -D warnings
native (windows-latest)	Format	2026-09-06T15:57:50.0610219Z   pythonLocation: C:\hostedtoolcache\windows\Python\3.13.15\x64
native (windows-latest)	Format	2026-09-06T15:57:50.0610640Z   PKG_CONFIG_PATH: C:\hostedtoolcache\windows\Python\3.13.15\x64/lib/pkgconfig
native (windows-latest)	Format	2026-09-06T15:57:50.0611063Z   Python_ROOT_DIR: C:\hostedtoolcache\windows\Python\3.13.15\x64
native (windows-latest)	Format	2026-09-06T15:57:50.0611433Z   Python2_ROOT_DIR: C:\hostedtoolcache\windows\Python\3.13.15\x64
native (windows-latest)	Format	2026-09-06T15:57:50.0611806Z   Python3_ROOT_DIR: C:\hostedtoolcache\windows\Python\3.13.15\x64
native (windows-latest)	Format	2026-09-06T15:57:50.0612095Z ##[endgroup]
native (windows-latest)	Clippy	﻿2026-09-06T15:57:51.1837482Z ##[group]Run cargo clippy --workspace --all-targets --locked -- -D warnings
native (windows-latest)	Clippy	2026-09-06T15:57:51.1838149Z [36;1mcargo clippy --workspace --all-targets --locked -- -D warnings[0m
native (windows-latest)	Clippy	2026-09-06T15:57:51.1852960Z shell: C:\Program Files\Git\bin\bash.EXE --noprofile --norc -e -o pipefail {0}
native (windows-latest)	Clippy	2026-09-06T15:57:51.1853329Z env:
native (windows-latest)	Clippy	2026-09-06T15:57:51.1853503Z   CARGO_TERM_COLOR: always
native (windows-latest)	Clippy	2026-09-06T15:57:51.1853721Z   RUSTDOCFLAGS: -D warnings
native (windows-latest)	Clippy	2026-09-06T15:57:51.1854022Z   pythonLocation: C:\hostedtoolcache\windows\Python\3.13.15\x64
native (windows-latest)	Clippy	2026-09-06T15:57:51.1854443Z   PKG_CONFIG_PATH: C:\hostedtoolcache\windows\Python\3.13.15\x64/lib/pkgconfig
native (windows-latest)	Clippy	2026-09-06T15:57:51.1855532Z   Python_ROOT_DIR: C:\hostedtoolcache\windows\Python\3.13.15\x64
native (windows-latest)	Clippy	2026-09-06T15:57:51.1855917Z   Python2_ROOT_DIR: C:\hostedtoolcache\windows\Python\3.13.15\x64
native (windows-latest)	Clippy	2026-09-06T15:57:51.1856284Z   Python3_ROOT_DIR: C:\hostedtoolcache\windows\Python\3.13.15\x64
native (windows-latest)	Clippy	2026-09-06T15:57:51.1856579Z ##[endgroup]
native (windows-latest)	Clippy	2026-09-06T15:57:51.9683980Z [1m[92m    Updating[0m crates.io index
native (windows-latest)	Clippy	2026-09-06T15:57:52.1557767Z [1m[92m Downloading[0m crates ...
native (windows-latest)	Clippy	2026-09-06T15:57:52.3117750Z [1m[92m  Downloaded[0m cfg-if v1.0.4
native (windows-latest)	Clippy	2026-09-06T15:57:52.3259725Z [1m[92m  Downloaded[0m autocfg v1.5.1
native (windows-latest)	Clippy	2026-09-06T15:57:52.3463033Z [1m[92m  Downloaded[0m crypto-common v0.2.2
native (windows-latest)	Clippy	2026-09-06T15:57:52.3582347Z [1m[92m  Downloaded[0m bitflags v2.13.1
native (windows-latest)	Clippy	2026-09-06T15:57:52.4033684Z [1m[92m  Downloaded[0m block-buffer v0.12.1
native (windows-latest)	Clippy	2026-09-06T15:57:52.4126867Z [1m[92m  Downloaded[0m cpufeatures v0.3.1
native (windows-latest)	Clippy	2026-09-06T15:57:52.4278817Z [1m[92m  Downloaded[0m itoa v1.0.18
native (windows-latest)	Clippy	2026-09-06T15:57:52.4387224Z [1m[92m  Downloaded[0m num-bigint v0.4.8
native (windows-latest)	Clippy	2026-09-06T15:57:52.4820564Z [1m[92m  Downloaded[0m digest v0.11.3
native (windows-latest)	Clippy	2026-09-06T15:57:52.5006370Z [1m[92m  Downloaded[0m quote v1.0.47
native (windows-latest)	Clippy	2026-09-06T15:57:52.5272019Z [1m[92m  Downloaded[0m serde v1.0.229
native (windows-latest)	Clippy	2026-09-06T15:57:52.5550213Z [1m[92m  Downloaded[0m unicase v2.9.0
native (windows-latest)	Clippy	2026-09-06T15:57:52.5653152Z [1m[92m  Downloaded[0m unicode-ident v1.0.18
native (windows-latest)	Clippy	2026-09-06T15:57:52.5898964Z [1m[92m  Downloaded[0m zmij v1.0.23
native (windows-latest)	Clippy	2026-09-06T15:57:52.6032657Z [1m[92m  Downloaded[0m num-integer v0.1.47
native (windows-latest)	Clippy	2026-09-06T15:57:52.6170661Z [1m[92m  Downloaded[0m serde_derive v1.0.229
native (windows-latest)	Clippy	2026-09-06T15:57:52.6452182Z [1m[92m  Downloaded[0m hybrid-array v0.4.14
native (windows-latest)	Clippy	2026-09-06T15:57:52.6664787Z [1m[92m  Downloaded[0m num-traits v0.2.19
native (windows-latest)	Clippy	2026-09-06T15:57:52.6866113Z [1m[92m  Downloaded[0m sha2 v0.11.0
native (windows-latest)	Clippy	2026-09-06T15:57:52.7270340Z [1m[92m  Downloaded[0m proc-macro2 v1.0.107
native (windows-latest)	Clippy	2026-09-06T15:57:52.7557269Z [1m[92m  Downloaded[0m serde_core v1.0.229
native (windows-latest)	Clippy	2026-09-06T15:57:52.7763480Z [1m[92m  Downloaded[0m typenum v1.20.1
native (windows-latest)	Clippy	2026-09-06T15:57:52.7999482Z [1m[92m  Downloaded[0m memchr v2.8.3
native (windows-latest)	Clippy	2026-09-06T15:57:52.8434954Z [1m[92m  Downloaded[0m serde_json v1.0.151
native (windows-latest)	Clippy	2026-09-06T15:57:52.9099362Z [1m[92m  Downloaded[0m pulldown-cmark v0.13.4
native (windows-latest)	Clippy	2026-09-06T15:57:52.9434744Z [1m[92m  Downloaded[0m syn v3.0.5
native (windows-latest)	Clippy	2026-09-06T15:57:53.1303746Z [1m[92m   Compiling[0m autocfg v1.5.1
native (windows-latest)	Clippy	2026-09-06T15:57:53.1304964Z [1m[92m    Checking[0m typenum v1.20.1
native (windows-latest)	Clippy	2026-09-06T15:57:53.1305481Z [1m[92m    Checking[0m cfg-if v1.0.4
native (windows-latest)	Clippy	2026-09-06T15:57:53.1306262Z [1m[92m    Checking[0m cpufeatures v0.3.1
native (windows-latest)	Clippy	2026-09-06T15:57:53.1803701Z [1m[92m   Compiling[0m proc-macro2 v1.0.107
native (windows-latest)	Clippy	2026-09-06T15:57:53.1849003Z [1m[92m   Compiling[0m quote v1.0.47
native (windows-latest)	Clippy	2026-09-06T15:57:53.6509317Z [1m[92m   Compiling[0m num-traits v0.2.19
native (windows-latest)	Clippy	2026-09-06T15:57:54.1214280Z [1m[92m    Checking[0m hybrid-array v0.4.14
native (windows-latest)	Clippy	2026-09-06T15:57:54.6595277Z [1m[92m    Checking[0m crypto-common v0.2.2
native (windows-latest)	Clippy	2026-09-06T15:57:55.2825246Z [1m[92m    Checking[0m block-buffer v0.12.1
native (windows-latest)	Clippy	2026-09-06T15:57:55.2958926Z [1m[92m   Compiling[0m unicode-ident v1.0.18
native (windows-latest)	Clippy	2026-09-06T15:57:55.4911113Z [1m[92m    Checking[0m digest v0.11.3
native (windows-latest)	Clippy	2026-09-06T15:57:55.4997929Z [1m[92m   Compiling[0m serde_core v1.0.229
native (windows-latest)	Clippy	2026-09-06T15:57:55.6546532Z [1m[92m    Checking[0m sha2 v0.11.0
native (windows-latest)	Clippy	2026-09-06T15:57:55.9954759Z [1m[92m   Compiling[0m zmij v1.0.23
native (windows-latest)	Clippy	2026-09-06T15:57:56.3972215Z [1m[92m    Checking[0m num-integer v0.1.47
native (windows-latest)	Clippy	2026-09-06T15:57:56.6931378Z [1m[92m    Checking[0m num-bigint v0.4.8
native (windows-latest)	Clippy	2026-09-06T15:57:56.7680574Z [1m[92m   Compiling[0m syn v3.0.5
native (windows-latest)	Clippy	2026-09-06T15:57:56.8071158Z [1m[92m   Compiling[0m serde_json v1.0.151
native (windows-latest)	Clippy	2026-09-06T15:57:57.0359014Z [1m[92m   Compiling[0m pulldown-cmark v0.13.4
native (windows-latest)	Clippy	2026-09-06T15:57:57.2596000Z [1m[92m    Checking[0m memchr v2.8.3
native (windows-latest)	Clippy	2026-09-06T15:57:57.8635131Z [1m[92m   Compiling[0m serde v1.0.229
native (windows-latest)	Clippy	2026-09-06T15:57:58.1087850Z [1m[92m    Checking[0m nepl3-core v0.1.0 (D:\a\NEPL3\NEPL3\crates\foundation\core)
native (windows-latest)	Clippy	2026-09-06T15:57:58.6159469Z [1m[92m    Checking[0m bitflags v2.13.1
native (windows-latest)	Clippy	2026-09-06T15:57:58.8062345Z [1m[92m    Checking[0m itoa v1.0.18
native (windows-latest)	Clippy	2026-09-06T15:57:58.9544058Z [1m[92m    Checking[0m unicase v2.9.0
native (windows-latest)	Clippy	2026-09-06T15:57:59.5340581Z [1m[92m    Checking[0m nepl3-wire v0.1.0 (D:\a\NEPL3\NEPL3\crates\foundation\wire)
native (windows-latest)	Clippy	2026-09-06T15:58:00.5558451Z [1m[92m    Checking[0m nepl3-reader v0.1.0 (D:\a\NEPL3\NEPL3\crates\foundation\reader)
native (windows-latest)	Clippy	2026-09-06T15:58:01.2699493Z [1m[92m   Compiling[0m serde_derive v1.0.229
native (windows-latest)	Clippy	2026-09-06T15:58:09.9806672Z [1m[92m    Checking[0m nepl3-tools v0.1.0 (D:\a\NEPL3\NEPL3\tools)
native (windows-latest)	Clippy	2026-09-06T15:58:12.7280824Z [1m[92m    Finished[0m `dev` profile [unoptimized + debuginfo] target(s) in 20.82s
native (windows-latest)	Tests	﻿2026-09-06T15:58:12.7882430Z ##[group]Run cargo test --workspace --locked
native (windows-latest)	Tests	2026-09-06T15:58:12.7882945Z [36;1mcargo test --workspace --locked[0m
native (windows-latest)	Tests	2026-09-06T15:58:12.7900757Z shell: C:\Program Files\Git\bin\bash.EXE --noprofile --norc -e -o pipefail {0}
native (windows-latest)	Tests	2026-09-06T15:58:12.7901405Z env:
native (windows-latest)	Tests	2026-09-06T15:58:12.7901730Z   CARGO_TERM_COLOR: always
native (windows-latest)	Tests	2026-09-06T15:58:12.7902098Z   RUSTDOCFLAGS: -D warnings
native (windows-latest)	Tests	2026-09-06T15:58:12.7902618Z   pythonLocation: C:\hostedtoolcache\windows\Python\3.13.15\x64
native (windows-latest)	Tests	2026-09-06T15:58:12.7903393Z   PKG_CONFIG_PATH: C:\hostedtoolcache\windows\Python\3.13.15\x64/lib/pkgconfig
native (windows-latest)	Tests	2026-09-06T15:58:12.7904163Z   Python_ROOT_DIR: C:\hostedtoolcache\windows\Python\3.13.15\x64
native (windows-latest)	Tests	2026-09-06T15:58:12.7904836Z   Python2_ROOT_DIR: C:\hostedtoolcache\windows\Python\3.13.15\x64
native (windows-latest)	Tests	2026-09-06T15:58:12.7905523Z   Python3_ROOT_DIR: C:\hostedtoolcache\windows\Python\3.13.15\x64
native (windows-latest)	Tests	2026-09-06T15:58:12.7906087Z ##[endgroup]
native (windows-latest)	Tests	2026-09-06T15:58:13.0618567Z [1m[92m   Compiling[0m typenum v1.20.1
native (windows-latest)	Tests	2026-09-06T15:58:13.0619638Z [1m[92m   Compiling[0m cpufeatures v0.3.1
native (windows-latest)	Tests	2026-09-06T15:58:13.0621347Z [1m[92m   Compiling[0m cfg-if v1.0.4
native (windows-latest)	Tests	2026-09-06T15:58:13.0624121Z [1m[92m   Compiling[0m num-traits v0.2.19
native (windows-latest)	Tests	2026-09-06T15:58:13.1509259Z [1m[92m   Compiling[0m unicode-ident v1.0.18
native (windows-latest)	Tests	2026-09-06T15:58:13.1639168Z [1m[92m   Compiling[0m serde_core v1.0.229
native (windows-latest)	Tests	2026-09-06T15:58:13.2828038Z [1m[92m   Compiling[0m proc-macro2 v1.0.107
native (windows-latest)	Tests	2026-09-06T15:58:14.3741710Z [1m[92m   Compiling[0m num-integer v0.1.47
native (windows-latest)	Tests	2026-09-06T15:58:14.5382842Z [1m[92m   Compiling[0m quote v1.0.47
native (windows-latest)	Tests	2026-09-06T15:58:14.7693081Z [1m[92m   Compiling[0m hybrid-array v0.4.14
native (windows-latest)	Tests	2026-09-06T15:58:14.9470723Z [1m[92m   Compiling[0m num-bigint v0.4.8
native (windows-latest)	Tests	2026-09-06T15:58:14.9507588Z [1m[92m   Compiling[0m syn v3.0.5
native (windows-latest)	Tests	2026-09-06T15:58:15.6795675Z [1m[92m   Compiling[0m crypto-common v0.2.2
native (windows-latest)	Tests	2026-09-06T15:58:17.5385232Z [1m[92m   Compiling[0m block-buffer v0.12.1
native (windows-latest)	Tests	2026-09-06T15:58:17.8389760Z [1m[92m   Compiling[0m digest v0.11.3
native (windows-latest)	Tests	2026-09-06T15:58:18.1964822Z [1m[92m   Compiling[0m sha2 v0.11.0
native (windows-latest)	Tests	2026-09-06T15:58:18.2219118Z [1m[92m   Compiling[0m memchr v2.8.3
native (windows-latest)	Tests	2026-09-06T15:58:18.4905861Z [1m[92m   Compiling[0m zmij v1.0.23
native (windows-latest)	Tests	2026-09-06T15:58:19.1494624Z [1m[92m   Compiling[0m itoa v1.0.18
native (windows-latest)	Tests	2026-09-06T15:58:19.4629273Z [1m[92m   Compiling[0m unicase v2.9.0
native (windows-latest)	Tests	2026-09-06T15:58:19.7808476Z [1m[92m   Compiling[0m nepl3-core v0.1.0 (D:\a\NEPL3\NEPL3\crates\foundation\core)
native (windows-latest)	Tests	2026-09-06T15:58:19.8716006Z [1m[92m   Compiling[0m serde_derive v1.0.229
native (windows-latest)	Tests	2026-09-06T15:58:19.9055364Z [1m[92m   Compiling[0m bitflags v2.13.1
native (windows-latest)	Tests	2026-09-06T15:58:20.1643422Z [1m[92m   Compiling[0m pulldown-cmark v0.13.4
native (windows-latest)	Tests	2026-09-06T15:58:20.2160286Z [1m[92m   Compiling[0m serde_json v1.0.151
native (windows-latest)	Tests	2026-09-06T15:58:22.8286392Z [1m[92m   Compiling[0m nepl3-wire v0.1.0 (D:\a\NEPL3\NEPL3\crates\foundation\wire)
native (windows-latest)	Tests	2026-09-06T15:58:24.1999532Z [1m[92m   Compiling[0m nepl3-reader v0.1.0 (D:\a\NEPL3\NEPL3\crates\foundation\reader)
native (windows-latest)	Tests	2026-09-06T15:58:25.9690846Z [1m[92m   Compiling[0m serde v1.0.229
native (windows-latest)	Tests	2026-09-06T15:58:27.1369896Z [1m[92m   Compiling[0m nepl3-tools v0.1.0 (D:\a\NEPL3\NEPL3\tools)
native (windows-latest)	Tests	2026-09-06T15:58:45.1638286Z [1m[92m    Finished[0m `test` profile [unoptimized + debuginfo] target(s) in 32.25s
native (windows-latest)	Tests	2026-09-06T15:58:45.1685776Z [1m[92m     Running[0m unittests src\lib.rs (target\debug\deps\nepl3_core-7aa423d3ddb0d0c5.exe)
native (windows-latest)	Tests	2026-09-06T15:58:45.1794290Z 
native (windows-latest)	Tests	2026-09-06T15:58:45.1794711Z running 0 tests
native (windows-latest)	Tests	2026-09-06T15:58:45.1794962Z 
native (windows-latest)	Tests	2026-09-06T15:58:45.1795359Z test result: ok. 0 passed; 0 failed; 0 ignored; 0 measured; 0 filtered out; finished in 0.00s
native (windows-latest)	Tests	2026-09-06T15:58:45.1795904Z 
native (windows-latest)	Tests	2026-09-06T15:58:45.1814900Z [1m[92m     Running[0m tests\contracts.rs (target\debug\deps\contracts-a6271fce5eff8409.exe)
native (windows-latest)	Tests	2026-09-06T15:58:45.1916785Z 
native (windows-latest)	Tests	2026-09-06T15:58:45.1917284Z running 17 tests
native (windows-latest)	Tests	2026-09-06T15:58:45.1922669Z test budget_exact_limits_overflow_zero_and_cancel_are_distinct ... ok
native (windows-latest)	Tests	2026-09-06T15:58:45.1924434Z test canonical_integers_reject_negative_zero_and_leading_zero ... ok
native (windows-latest)	Tests	2026-09-06T15:58:45.1929882Z test edit_size_limit_checked_before_replacement_is_built ... ok
native (windows-latest)	Tests	2026-09-06T15:58:45.1931050Z test first_budget_stop_is_sticky_across_smaller_charges_and_cancellation ... ok
native (windows-latest)	Tests	2026-09-06T15:58:45.1932107Z test edits_are_atomic_across_sources_and_reject_stale_or_conflicting_input ... ok
native (windows-latest)	Tests	2026-09-06T15:58:45.1933662Z test admission_accounts_for_copied_locator_payload ... ok
native (windows-latest)	Tests	2026-09-06T15:58:45.1934967Z test line_index_allocation_limit_is_enforced ... ok
native (windows-latest)	Tests	2026-09-06T15:58:45.1935876Z test line_positions_roundtrip_unicode_and_all_line_endings ... ok
native (windows-latest)	Tests	2026-09-06T15:58:45.1936631Z test nested_budget_retains_work_and_peak_depth_after_failed_branch ... ok
native (windows-latest)	Tests	2026-09-06T15:58:45.1937519Z test locator_profile_is_checked_without_os_or_scheme_normalization ... ok
native (windows-latest)	Tests	2026-09-06T15:58:45.1938294Z test rational_constructors_normalize_native_but_reject_noncanonical_wire ... ok
native (windows-latest)	Tests	2026-09-06T15:58:45.1939033Z test source_admission_charges_unique_snapshots_once_across_shared_calls ... ok
native (windows-latest)	Tests	2026-09-06T15:58:45.1940089Z test source_admission_rejects_locator_changes_for_same_snapshot_identity ... ok
native (windows-latest)	Tests	2026-09-06T15:58:45.1940797Z test source_digest_is_sha256_of_exact_original_bytes ... ok
native (windows-latest)	Tests	2026-09-06T15:58:45.1941490Z test source_limits_precede_decode_and_decode_does_not_replace_bytes ... ok
native (windows-latest)	Tests	2026-09-06T15:58:45.1942241Z test span_rejects_scalar_interiors_bounds_and_other_identity ... ok
native (windows-latest)	Tests	2026-09-06T15:58:45.1943073Z test store_preserves_distinct_ids_at_same_uri_and_rejects_conflicting_revision ... ok
native (windows-latest)	Tests	2026-09-06T15:58:45.1943485Z 
native (windows-latest)	Tests	2026-09-06T15:58:45.1943732Z test result: ok. 17 passed; 0 failed; 0 ignored; 0 measured; 0 filtered out; finished in 0.00s
native (windows-latest)	Tests	2026-09-06T15:58:45.1944060Z 
native (windows-latest)	Tests	2026-09-06T15:58:45.1964830Z [1m[92m     Running[0m tests\structure.rs (target\debug\deps\structure-63d08c1b51569297.exe)
native (windows-latest)	Tests	2026-09-06T15:58:45.2068828Z 
native (windows-latest)	Tests	2026-09-06T15:58:45.2069235Z running 20 tests
native (windows-latest)	Tests	2026-09-06T15:58:45.2078723Z test canonical_json_escapes_controls_without_unicode_normalization ... ok
native (windows-latest)	Tests	2026-09-06T15:58:45.2080374Z test descriptor_canonical_json_has_independently_specified_field_order ... ok
native (windows-latest)	Tests	2026-09-06T15:58:45.2081535Z test descriptor_map_order_is_irrelevant_but_duplicates_are_rejected ... ok
native (windows-latest)	Tests	2026-09-06T15:58:45.2085029Z test forward_overlap_is_acyclic_and_map_budget_failure_does_not_insert ... ok
native (windows-latest)	Tests	2026-09-06T15:58:45.2087272Z test imported_origin_graph_honors_zero_nodes_and_depth_limits ... ok
native (windows-latest)	Tests	2026-09-06T15:58:45.2088294Z test empty_anchor_cycles_and_transformed_relations_are_checked ... ok
native (windows-latest)	Tests	2026-09-06T15:58:45.2089964Z test imported_origin_graph_rejects_cycles_unknown_refs_and_missing_source ... ok
native (windows-latest)	Tests	2026-09-06T15:58:45.2090867Z test inverse_refuses_transformed_and_ambiguous_mappings ... ok
native (windows-latest)	Tests	2026-09-06T15:58:45.2094688Z test registry_accepts_mutual_symbolic_references_then_seals_them ... ok
native (windows-latest)	Tests	2026-09-06T15:58:45.2096300Z test local_kind_ids_are_canonical_across_descriptor_input_order ... ok
native (windows-latest)	Tests	2026-09-06T15:58:45.2100321Z test registry_rejects_wrong_digest_and_unknown_unused_references ... ok
native (windows-latest)	Tests	2026-09-06T15:58:45.2101996Z test report_candidate_rollback_discards_facts_without_refunding_budget ... ok
native (windows-latest)	Tests	2026-09-06T15:58:45.2106165Z test report_diagnostic_limit_has_no_fabricated_global_message ... ok
native (windows-latest)	Tests	2026-09-06T15:58:45.2107386Z test report_storage_obeys_allocation_budget ... ok
native (windows-latest)	Tests	2026-09-06T15:58:45.2108515Z test report_zero_event_capacity_keeps_one_typed_overflow_and_stop ... ok
native (windows-latest)	Tests	2026-09-06T15:58:45.2112569Z test source_map_checks_composable_interval_cycles_not_snapshot_cycles ... ok
native (windows-latest)	Tests	2026-09-06T15:58:45.2113560Z test structural_boundary_checks_field_count_kind_intrinsic_subset_and_negative_natural ... ok
native (windows-latest)	Tests	2026-09-06T15:58:45.2116181Z test validator_and_descriptor_depth_share_parent_budget_and_peak ... ok
native (windows-latest)	Tests	2026-09-06T15:58:45.2692540Z test rejected_deep_descriptor_is_safe_to_clone_compare_debug_and_drop ... ok
native (windows-latest)	Tests	2026-09-06T15:58:45.2710277Z test deeply_nested_value_cleanup_uses_no_recursive_drop_chain ... ok
native (windows-latest)	Tests	2026-09-06T15:58:45.2710661Z 
native (windows-latest)	Tests	2026-09-06T15:58:45.2710947Z test result: ok. 20 passed; 0 failed; 0 ignored; 0 measured; 0 filtered out; finished in 0.06s
native (windows-latest)	Tests	2026-09-06T15:58:45.2712180Z 
native (windows-latest)	Tests	2026-09-06T15:58:45.2735772Z [1m[92m     Running[0m tests\syntax.rs (target\debug\deps\syntax-016dc4d048e73305.exe)
native (windows-latest)	Tests	2026-09-06T15:58:45.2835236Z 
native (windows-latest)	Tests	2026-09-06T15:58:45.2835670Z running 8 tests
native (windows-latest)	Tests	2026-09-06T15:58:45.2849161Z test source_child_cover_must_follow_head_and_stay_in_parent ... ok
native (windows-latest)	Tests	2026-09-06T15:58:45.2849978Z test foreign_ids_are_local_but_environment_and_root_must_match ... ok
native (windows-latest)	Tests	2026-09-06T15:58:45.2850717Z test foreign_nesting_adds_to_containing_node_path_depth ... ok
native (windows-latest)	Tests	2026-09-06T15:58:45.2854897Z test syntax_graph_checks_all_refs_and_cycles_while_allowing_shared_children ... ok
native (windows-latest)	Tests	2026-09-06T15:58:45.2856848Z test token_owns_even_unreachable_view_elements ... ok
native (windows-latest)	Tests	2026-09-06T15:58:45.2857601Z test token_internal_view_is_sidecar_and_trivia_retains_bom_bytes ... ok
native (windows-latest)	Tests	2026-09-06T15:58:45.2860249Z test view_child_edges_are_acyclic_but_semantic_relation_cycles_are_allowed ... ok
native (windows-latest)	Tests	2026-09-06T15:58:45.3497262Z test deeply_nested_foreign_bundle_cleanup_is_iterative ... ok
native (windows-latest)	Tests	2026-09-06T15:58:45.3497735Z 
native (windows-latest)	Tests	2026-09-06T15:58:45.3497984Z test result: ok. 8 passed; 0 failed; 0 ignored; 0 measured; 0 filtered out; finished in 0.07s
native (windows-latest)	Tests	2026-09-06T15:58:45.3498323Z 
native (windows-latest)	Tests	2026-09-06T15:58:45.3521113Z [1m[92m     Running[0m unittests src\lib.rs (target\debug\deps\nepl3_reader-a8b21cbd29a94272.exe)
native (windows-latest)	Tests	2026-09-06T15:58:45.3621437Z 
native (windows-latest)	Tests	2026-09-06T15:58:45.3621865Z running 0 tests
native (windows-latest)	Tests	2026-09-06T15:58:45.3622112Z 
native (windows-latest)	Tests	2026-09-06T15:58:45.3622520Z test result: ok. 0 passed; 0 failed; 0 ignored; 0 measured; 0 filtered out; finished in 0.00s
native (windows-latest)	Tests	2026-09-06T15:58:45.3623050Z 
native (windows-latest)	Tests	2026-09-06T15:58:45.3640203Z [1m[92m     Running[0m tests\context.rs (target\debug\deps\context-0d1df32d877a2217.exe)
native (windows-latest)	Tests	2026-09-06T15:58:45.3736118Z 
native (windows-latest)	Tests	2026-09-06T15:58:45.3736509Z running 1 test
native (windows-latest)	Tests	2026-09-06T15:58:45.3782924Z test checked_context_uses_real_digest_and_exact_origin_source_closure ... ok
native (windows-latest)	Tests	2026-09-06T15:58:45.3783739Z 
native (windows-latest)	Tests	2026-09-06T15:58:45.3784003Z test result: ok. 1 passed; 0 failed; 0 ignored; 0 measured; 0 filtered out; finished in 0.00s
native (windows-latest)	Tests	2026-09-06T15:58:45.3784428Z 
native (windows-latest)	Tests	2026-09-06T15:58:45.3803729Z [1m[92m     Running[0m tests\portable.rs (target\debug\deps\portable-b3491903dec25756.exe)
native (windows-latest)	Tests	2026-09-06T15:58:45.3901854Z 
native (windows-latest)	Tests	2026-09-06T15:58:45.3902157Z running 2 tests
native (windows-latest)	Tests	2026-09-06T15:58:45.3991394Z test host_global_source_cannot_fill_a_missing_request_declaration ... ok
native (windows-latest)	Tests	2026-09-06T15:58:45.3995334Z test native_request_and_checked_ndf_loopback_execute_with_identical_meaning ... ok
native (windows-latest)	Tests	2026-09-06T15:58:45.3995903Z 
native (windows-latest)	Tests	2026-09-06T15:58:45.3996507Z test result: ok. 2 passed; 0 failed; 0 ignored; 0 measured; 0 filtered out; finished in 0.01s
native (windows-latest)	Tests	2026-09-06T15:58:45.3996835Z 
native (windows-latest)	Tests	2026-09-06T15:58:45.4019775Z [1m[92m     Running[0m tests\runtime.rs (target\debug\deps\runtime-f930795e0c41a671.exe)
native (windows-latest)	Tests	2026-09-06T15:58:45.4129315Z 
native (windows-latest)	Tests	2026-09-06T15:58:45.4129679Z running 24 tests
native (windows-latest)	Tests	2026-09-06T15:58:45.4271947Z test bounded_repeat_zero_never_executes_nullable_body ... ok
native (windows-latest)	Tests	2026-09-06T15:58:45.4277332Z test cancellation_during_provider_wait_stops_and_consumes_the_pending_slot ... ok
native (windows-latest)	Tests	2026-09-06T15:58:45.4278262Z test checked_context_reuse_admits_exact_source_closure_in_each_operation ... ok
native (windows-latest)	Tests	2026-09-06T15:58:45.4397559Z test choice_rewinds_captures_views_and_retains_work ... ok
native (windows-latest)	Tests	2026-09-06T15:58:45.4400720Z test checked_context_reuse_rejects_same_id_revision_with_changed_content ... ok
native (windows-latest)	Tests	2026-09-06T15:58:45.4407673Z test commit_does_not_hide_failure_or_need_more_in_choice ... ok
native (windows-latest)	Tests	2026-09-06T15:58:45.4539528Z test every_utf8_prefix_split_is_need_more_and_final_truncation_is_no_match ... ok
native (windows-latest)	Tests	2026-09-06T15:58:45.4542053Z test direct_repeat_failure_and_streaming_shortage_rollback_all_prior_iteration_reports ... ok
native (windows-latest)	Tests	2026-09-06T15:58:45.4668552Z test failed_choice_restores_programmed_state_before_next_provider_call ... ok
native (windows-latest)	Tests	2026-09-06T15:58:45.4676462Z test generated_sources_are_validated_transactionally_and_available_to_diagnostics ... ok
native (windows-latest)	Tests	2026-09-06T15:58:45.4680280Z test fresh_budget_and_forged_call_or_source_cannot_resume_a_saved_slot ... ok
native (windows-latest)	Tests	2026-09-06T15:58:45.4808650Z test map_decode_and_then_use_typed_provider_envelopes ... ok
native (windows-latest)	Tests	2026-09-06T15:58:45.4809545Z test long_source_identity_is_not_copied_after_allocation_budget_is_exhausted ... ok
native (windows-latest)	Tests	2026-09-06T15:58:45.4957694Z test node_sidecar_and_look_not_optional_discard_have_independent_values ... ok
native (windows-latest)	Tests	2026-09-06T15:58:45.4982055Z test programmed_repetition_requires_actual_consumption_and_accepts_consuming_calls ... ok
native (windows-latest)	Tests	2026-09-06T15:58:45.5056688Z test plan_identity_is_deterministic_but_distinguishes_arena_representation ... ok
native (windows-latest)	Tests	2026-09-06T15:58:45.5112613Z test provider_signature_checks_operation_envelope_and_pure_decoder ... ok
native (windows-latest)	Tests	2026-09-06T15:58:45.5118016Z test runtime_rejects_left_recursion_hidden_behind_empty_programmed_call ... ok
native (windows-latest)	Tests	2026-09-06T15:58:45.5192304Z test session_binds_call_source_plan_usage_and_closes_after_consumed_resume ... ok
native (windows-latest)	Tests	2026-09-06T15:58:45.5196214Z test unicode_classes_use_pinned_unicode16_and_ascii_numeric_rules ... ok
native (windows-latest)	Tests	2026-09-06T15:58:45.5233438Z test static_plan_rejects_unknown_references_types_and_unproductive_recursion ... ok
native (windows-latest)	Tests	2026-09-06T15:58:45.5307557Z test allocation_faults_across_later_resumes_preserve_already_accepted_reports ... ok
native (windows-latest)	Tests	2026-09-06T15:58:45.5317631Z test until_leaves_delimiter_and_takecount_counts_scalars ... ok
native (windows-latest)	Tests	2026-09-06T15:58:45.5542160Z test stopped_reader_retains_committed_provider_reports ... ok
native (windows-latest)	Tests	2026-09-06T15:58:45.5542480Z 
native (windows-latest)	Tests	2026-09-06T15:58:45.5542729Z test result: ok. 24 passed; 0 failed; 0 ignored; 0 measured; 0 filtered out; finished in 0.14s
native (windows-latest)	Tests	2026-09-06T15:58:45.5543044Z 
native (windows-latest)	Tests	2026-09-06T15:58:45.5566065Z [1m[92m     Running[0m unittests src\lib.rs (target\debug\deps\nepl3_tools-0ed70ce92341dc15.exe)
native (windows-latest)	Tests	2026-09-06T15:58:45.5672811Z 
native (windows-latest)	Tests	2026-09-06T15:58:45.5673269Z running 55 tests
native (windows-latest)	Tests	2026-09-06T15:58:45.5907250Z test contract::foundation::tests::generated_foundation_is_registered_and_checks_ordinary_schema_ref_records ... ok
native (windows-latest)	Tests	2026-09-06T15:58:45.6238530Z test contract::foundation::tests::checker_rejects_changed_foundation_descriptor_before_registry_use ... ok
native (windows-latest)	Tests	2026-09-06T15:58:45.6357012Z test contract::tests::real_contract_checker_uses_same_validation_for_model_fields ... ok
native (windows-latest)	Tests	2026-09-06T15:58:45.6362958Z test contract::tests::unknown_form_reference_is_rejected ... ok
native (windows-latest)	Tests	2026-09-06T15:58:45.6370588Z test contract::tests::unordered_or_duplicate_schema_fields_are_rejected ... ok
native (windows-latest)	Tests	2026-09-06T15:58:45.6451699Z test contract::reader::tests::reader_envelope_reference_closure_rejects_nested_missing_type ... ok
native (windows-latest)	Tests	2026-09-06T15:58:45.6693219Z test contract::types::tests::missing_or_description_only_intrinsic_is_not_a_closed_type ... ok
native (windows-latest)	Tests	2026-09-06T15:58:45.6703258Z test contract::types::tests::parses_nested_types_and_rejects_unknown_or_malformed_generics ... ok
native (windows-latest)	Tests	2026-09-06T15:58:45.6851918Z test contract::types::tests::rejects_missing_duplicate_or_local_external_imports_and_duplicate_owners ... ok
native (windows-latest)	Tests	2026-09-06T15:58:45.6922210Z test contract::types::tests::intrinsic_tags_payload_order_and_subset_membership_are_fixed_by_ndf1 ... ok
native (windows-latest)	Tests	2026-09-06T15:58:45.7064538Z test contract::types::tests::repository_descriptors_resolve_including_recursive_intrinsics_and_models ... ok
native (windows-latest)	Tests	2026-09-06T15:58:45.7069990Z test dependency::tests::development_edges_are_reported_separately ... ok
native (windows-latest)	Tests	2026-09-06T15:58:45.7074898Z test dependency::tests::indirect_domain_dependency_is_rejected ... ok
native (windows-latest)	Tests	2026-09-06T15:58:45.7078790Z test dependency::tests::production_host_boundary_does_not_depend_on_no_std_flag ... ok
native (windows-latest)	Tests	2026-09-06T15:58:45.7083072Z test dependency::tests::renamed_build_dependency_is_checked_by_package_name ... ok
native (windows-latest)	Tests	2026-09-06T15:58:45.7101624Z test documentation::markdown::tests::corrected_foundation_and_math_documents_have_no_accidental_html_tags ... ok
native (windows-latest)	Tests	2026-09-06T15:58:45.7107714Z test documentation::markdown::tests::footnote_markers_are_preserved_without_inventing_rendered_numbers ... ok
native (windows-latest)	Tests	2026-09-06T15:58:45.7114067Z test documentation::markdown::tests::generic_notation_is_literal_code_and_generated_comments_are_metadata ... ok
native (windows-latest)	Tests	2026-09-06T15:58:45.7120320Z test documentation::markdown::tests::hard_break_is_the_same_typed_newline_in_setext_heading_and_link ... ok
native (windows-latest)	Tests	2026-09-06T15:58:45.7125678Z test contract::types::tests::rejects_unresolved_nested_fields_union_targets_and_undeclared_parameters ... ok
native (windows-latest)	Tests	2026-09-06T15:58:45.7127109Z test documentation::markdown::tests::heading_and_link_projection_keep_both_math_event_kinds ... ok
native (windows-latest)	Tests	2026-09-06T15:58:45.7131085Z test documentation::markdown::tests::inline_html_is_retained_separately_and_not_interpreted_by_summary_projection ... ok
native (windows-latest)	Tests	2026-09-06T15:58:45.7132538Z test documentation::markdown::tests::link_projection_preserves_soft_and_hard_word_boundaries ... ok
native (windows-latest)	Tests	2026-09-06T15:58:45.7137317Z test documentation::markdown::tests::nested_image_code_and_math_share_heading_and_link_projection ... ok
native (windows-latest)	Tests	2026-09-06T15:58:45.7138776Z test documentation::markdown::tests::real_markdown_parser_keeps_badges_nested_links_and_literal_code_separate ... ok
native (windows-latest)	Tests	2026-09-06T15:58:45.7141847Z test documentation::markdown::tests::unicode_crlf_breaks_and_math_keep_original_byte_ranges ... ok
native (windows-latest)	Tests	2026-09-06T15:58:45.7581762Z test contract::tests::real_contract_entry_rejects_unresolved_fields_intrinsics_and_imports ... ok
native (windows-latest)	Tests	2026-09-06T15:58:45.7766027Z test contract::tests::real_contract_checker_rejects_malformed_contract_fields_and_variant_payloads ... ok
native (windows-latest)	Tests	2026-09-06T15:58:45.8288729Z test documentation::tests::commit_reference_and_missing_history_are_not_silently_accepted ... ok
native (windows-latest)	Tests	2026-09-06T15:58:47.1686228Z test documentation::tests::git_symlink_mode_is_rejected_without_creating_an_os_symlink ... ok
native (windows-latest)	Tests	2026-09-06T15:58:47.1708609Z test evidence::identity::tests::length_prefixed_profile_matches_independent_hashlib_vector ... ok
native (windows-latest)	Tests	2026-09-06T15:58:47.3436448Z test evidence::tests::actual_task_loader_accepts_only_matching_complete_attempt ... ok
native (windows-latest)	Tests	2026-09-06T15:58:47.5512307Z test evidence::tests::actual_task_loader_rejects_missing_malformed_and_duplicate_key_reports ... ok
native (windows-latest)	Tests	2026-09-06T15:58:47.7046219Z test documentation::tests::real_checker_reports_added_changed_removed_and_rejects_current_claim ... ok
native (windows-latest)	Tests	2026-09-06T15:58:47.8235848Z test documentation::tests::nonregular_output_and_oversized_current_input_are_rejected ... ok
native (windows-latest)	Tests	2026-09-06T15:58:47.8807459Z test evidence::tests::evidence_status_and_generated_tasks_do_not_create_hash_self_reference ... ok
native (windows-latest)	Tests	2026-09-06T15:58:48.0047485Z test evidence::tests::failed_attempt_can_record_early_failure_without_claiming_full_coverage ... ok
native (windows-latest)	Tests	2026-09-06T15:58:48.1196682Z test documentation::tests::real_checker_rejects_omitted_page_digest_and_structure_tampering ... ok
native (windows-latest)	Tests	2026-09-06T15:58:48.2768244Z test evidence::tests::actual_task_loader_rejects_wrong_group_result_identity_and_target_coverage ... ok
native (windows-latest)	Tests	2026-09-06T15:58:48.3300590Z test evidence::tests::independent_review_is_typed_and_cannot_be_faked_as_a_process_run ... ok
native (windows-latest)	Tests	2026-09-06T15:58:48.3305908Z test repository::json::tests::duplicate_keys_cannot_hide_contract_fields ... ok
native (windows-latest)	Tests	2026-09-06T15:58:48.3313927Z test repository::tests::escaping_reference_is_rejected_before_reading ... ok
native (windows-latest)	Tests	2026-09-06T15:58:48.3319189Z test repository::tests::nul_paths_keep_spaces_and_non_ascii ... ok
native (windows-latest)	Tests	2026-09-06T15:58:48.3323844Z test repository::tests::secret_and_artifact_names_are_rejected ... ok
native (windows-latest)	Tests	2026-09-06T15:58:48.3327591Z test task::tests::acceptance_ids_are_spec_definitions_only ... ok
native (windows-latest)	Tests	2026-09-06T15:58:48.3332387Z test task::tests::dependency_graph_rejects_cycle_missing_and_duplicate_edges ... ok
native (windows-latest)	Tests	2026-09-06T15:58:48.3338463Z test task::tests::executed_status_requires_evidence ... ok
native (windows-latest)	Tests	2026-09-06T15:58:48.3343078Z test task::tests::final_completion_requires_all_global_acceptance_passed ... ok
native (windows-latest)	Tests	2026-09-06T15:58:48.3350688Z test task::tests::scoped_evidence_rejects_empty_checks_or_wrong_task ... ok
native (windows-latest)	Tests	2026-09-06T15:58:48.3354617Z test task::tests::scoped_task_completion_does_not_pretend_global_editor_acceptance_passed ... ok
native (windows-latest)	Tests	2026-09-06T15:58:48.3356783Z test task::tests::status_cannot_omit_an_acceptance_group ... ok
native (windows-latest)	Tests	2026-09-06T15:58:48.3359611Z test task::tests::terminal_task_uses_new_required_groups_and_not_optional_groups ... ok
native (windows-latest)	Tests	2026-09-06T15:58:48.3488604Z test evidence::tests::modifying_excluded_log_still_invalidates_its_bound_report ... ok
native (windows-latest)	Tests	2026-09-06T15:58:48.4230594Z test evidence::tests::partial_success_reports_cannot_be_combined_into_a_full_attempt ... ok
native (windows-latest)	Tests	2026-09-06T15:58:48.7979460Z test evidence::tests::inventory_addition_source_change_spec_change_and_deleted_input_invalidate ... ok
native (windows-latest)	Tests	2026-09-06T15:58:48.7979953Z 
native (windows-latest)	Tests	2026-09-06T15:58:48.7980190Z test result: ok. 55 passed; 0 failed; 0 ignored; 0 measured; 0 filtered out; finished in 3.23s
native (windows-latest)	Tests	2026-09-06T15:58:48.7980530Z 
native (windows-latest)	Tests	2026-09-06T15:58:48.8007434Z [1m[92m     Running[0m unittests src\main.rs (target\debug\deps\nepl3_tools-ab8799287053c1fe.exe)
native (windows-latest)	Tests	2026-09-06T15:58:48.8107848Z 
native (windows-latest)	Tests	2026-09-06T15:58:48.8108493Z running 0 tests
native (windows-latest)	Tests	2026-09-06T15:58:48.8108837Z 
native (windows-latest)	Tests	2026-09-06T15:58:48.8109266Z test result: ok. 0 passed; 0 failed; 0 ignored; 0 measured; 0 filtered out; finished in 0.00s
native (windows-latest)	Tests	2026-09-06T15:58:48.8109822Z 
native (windows-latest)	Tests	2026-09-06T15:58:48.8127012Z [1m[92m     Running[0m unittests src\lib.rs (target\debug\deps\nepl3_wire-93cdf93175bcaa7f.exe)
native (windows-latest)	Tests	2026-09-06T15:58:48.8223331Z 
native (windows-latest)	Tests	2026-09-06T15:58:48.8223856Z running 0 tests
native (windows-latest)	Tests	2026-09-06T15:58:48.8224121Z 
native (windows-latest)	Tests	2026-09-06T15:58:48.8224426Z test result: ok. 0 passed; 0 failed; 0 ignored; 0 measured; 0 filtered out; finished in 0.00s
native (windows-latest)	Tests	2026-09-06T15:58:48.8224767Z 
native (windows-latest)	Tests	2026-09-06T15:58:48.8242179Z [1m[92m     Running[0m tests\codec.rs (target\debug\deps\codec-da0d7f6d4c07e1fc.exe)
native (windows-latest)	Tests	2026-09-06T15:58:48.8340023Z 
native (windows-latest)	Tests	2026-09-06T15:58:48.8340518Z running 7 tests
native (windows-latest)	Tests	2026-09-06T15:58:48.8350160Z test every_truncated_prefix_fails_and_complete_input_preserves_bytes ... ok
native (windows-latest)	Tests	2026-09-06T15:58:48.8352036Z test checked_boundary_uses_real_registry_and_rejects_wrong_field_type ... ok
native (windows-latest)	Tests	2026-09-06T15:58:48.8353380Z test all_twelve_tags_match_specified_cbor_bytes ... ok
native (windows-latest)	Tests	2026-09-06T15:58:48.8354229Z test limits_stop_with_typed_reasons_without_a_successful_partial_value ... ok
native (windows-latest)	Tests	2026-09-06T15:58:48.8355143Z test integer_width_boundaries_use_shortest_unsigned_encoding ... ok
native (windows-latest)	Tests	2026-09-06T15:58:48.8356847Z test malformed_noncanonical_and_forbidden_cbor_values_are_rejected ... ok
native (windows-latest)	Tests	2026-09-06T15:58:48.8973022Z test deeply_nested_values_do_not_use_the_native_call_stack ... ok
native (windows-latest)	Tests	2026-09-06T15:58:48.8973380Z 
native (windows-latest)	Tests	2026-09-06T15:58:48.8973611Z test result: ok. 7 passed; 0 failed; 0 ignored; 0 measured; 0 filtered out; finished in 0.06s
native (windows-latest)	Tests	2026-09-06T15:58:48.8973937Z 
native (windows-latest)	Tests	2026-09-06T15:58:48.8995344Z [1m[92m     Running[0m tests\origin.rs (target\debug\deps\origin-1df7236521565949.exe)
native (windows-latest)	Tests	2026-09-06T15:58:48.9095938Z 
native (windows-latest)	Tests	2026-09-06T15:58:48.9096447Z running 1 test
native (windows-latest)	Tests	2026-09-06T15:58:48.9147126Z test origin_variants_roundtrip_and_wire_cycles_are_rejected ... ok
native (windows-latest)	Tests	2026-09-06T15:58:48.9147559Z 
native (windows-latest)	Tests	2026-09-06T15:58:48.9147796Z test result: ok. 1 passed; 0 failed; 0 ignored; 0 measured; 0 filtered out; finished in 0.01s
native (windows-latest)	Tests	2026-09-06T15:58:48.9148128Z 
native (windows-latest)	Tests	2026-09-06T15:58:48.9169052Z [1m[92m     Running[0m tests\source.rs (target\debug\deps\source-cd5bda0d1fc38352.exe)
native (windows-latest)	Tests	2026-09-06T15:58:48.9268682Z 
native (windows-latest)	Tests	2026-09-06T15:58:48.9269118Z running 3 tests
native (windows-latest)	Tests	2026-09-06T15:58:48.9327262Z test native_and_wire_admission_reject_zero_source_limit_and_span_scalar_interior ... ok
native (windows-latest)	Tests	2026-09-06T15:58:48.9347170Z test source_and_span_roundtrip_preserve_identity_bytes_and_shared_admission ... ok
native (windows-latest)	Tests	2026-09-06T15:58:48.9347822Z test malformed_source_declarations_reject_without_committing_and_retry_does_not_refund ... ok
native (windows-latest)	Tests	2026-09-06T15:58:48.9348170Z 
native (windows-latest)	Tests	2026-09-06T15:58:48.9348423Z test result: ok. 3 passed; 0 failed; 0 ignored; 0 measured; 0 filtered out; finished in 0.01s
native (windows-latest)	Tests	2026-09-06T15:58:48.9348728Z 
native (windows-latest)	Tests	2026-09-06T15:58:48.9368924Z [1m[92m     Running[0m tests\syntax.rs (target\debug\deps\syntax-0da0e1c1e3f0d10a.exe)
native (windows-latest)	Tests	2026-09-06T15:58:48.9468476Z 
native (windows-latest)	Tests	2026-09-06T15:58:48.9469100Z running 5 tests
native (windows-latest)	Tests	2026-09-06T15:58:48.9583853Z test foreign_bundle_roundtrip_keeps_local_token_view_origin_ids_and_payloads ... ok
native (windows-latest)	Tests	2026-09-06T15:58:48.9591224Z test guest_arena_reordering_updates_foreign_root_and_guest_local_children ... ok
native (windows-latest)	Tests	2026-09-06T15:58:48.9592760Z test foreign_bundle_rejects_forged_environment_digest_token_and_origin_references ... ok
native (windows-latest)	Tests	2026-09-06T15:58:48.9609317Z test native_arena_order_is_canonicalized_and_unreachable_nodes_are_rejected ... ok
native (windows-latest)	Tests	2026-09-06T15:58:49.0317602Z test nested_generated_bundles_use_iterative_conversion_and_shared_depth_budget ... ok
native (windows-latest)	Tests	2026-09-06T15:58:49.0318161Z 
native (windows-latest)	Tests	2026-09-06T15:58:49.0318548Z test result: ok. 5 passed; 0 failed; 0 ignored; 0 measured; 0 filtered out; finished in 0.08s
native (windows-latest)	Tests	2026-09-06T15:58:49.0319068Z 
native (windows-latest)	Tests	2026-09-06T15:58:49.0343846Z [1m[92m     Running[0m tests\view.rs (target\debug\deps\view-5ce83ae77105f29b.exe)
native (windows-latest)	Tests	2026-09-06T15:58:49.0446370Z 
native (windows-latest)	Tests	2026-09-06T15:58:49.0446974Z running 2 tests
native (windows-latest)	Tests	2026-09-06T15:58:49.0504612Z test token_wire_rejects_invalid_local_view_and_trivia_references_and_source_limit ... ok
native (windows-latest)	Tests	2026-09-06T15:58:49.0505526Z test structured_payload_views_roles_relations_and_trivia_roundtrip_without_reparse ... ok
native (windows-latest)	Tests	2026-09-06T15:58:49.0505866Z 
native (windows-latest)	Tests	2026-09-06T15:58:49.0506130Z test result: ok. 2 passed; 0 failed; 0 ignored; 0 measured; 0 filtered out; finished in 0.01s
native (windows-latest)	Tests	2026-09-06T15:58:49.0506441Z 
native (windows-latest)	Tests	2026-09-06T15:58:49.0525444Z [1m[92m   Doc-tests[0m nepl3_core
native (windows-latest)	Tests	2026-09-06T15:58:49.1754448Z 
native (windows-latest)	Tests	2026-09-06T15:58:49.1755316Z running 0 tests
native (windows-latest)	Tests	2026-09-06T15:58:49.1755585Z 
native (windows-latest)	Tests	2026-09-06T15:58:49.1755994Z test result: ok. 0 passed; 0 failed; 0 ignored; 0 measured; 0 filtered out; finished in 0.00s
native (windows-latest)	Tests	2026-09-06T15:58:49.1756511Z 
native (windows-latest)	Tests	2026-09-06T15:58:49.1842086Z [1m[92m   Doc-tests[0m nepl3_reader
native (windows-latest)	Tests	2026-09-06T15:58:49.2862858Z 
native (windows-latest)	Tests	2026-09-06T15:58:49.2863606Z running 0 tests
native (windows-latest)	Tests	2026-09-06T15:58:49.2863846Z 
native (windows-latest)	Tests	2026-09-06T15:58:49.2864219Z test result: ok. 0 passed; 0 failed; 0 ignored; 0 measured; 0 filtered out; finished in 0.00s
native (windows-latest)	Tests	2026-09-06T15:58:49.2865559Z 
native (windows-latest)	Tests	2026-09-06T15:58:49.2975252Z [1m[92m   Doc-tests[0m nepl3_tools
native (windows-latest)	Tests	2026-09-06T15:58:49.5500084Z 
native (windows-latest)	Tests	2026-09-06T15:58:49.5500600Z running 0 tests
native (windows-latest)	Tests	2026-09-06T15:58:49.5500830Z 
native (windows-latest)	Tests	2026-09-06T15:58:49.5501212Z test result: ok. 0 passed; 0 failed; 0 ignored; 0 measured; 0 filtered out; finished in 0.00s
native (windows-latest)	Tests	2026-09-06T15:58:49.5501744Z 
native (windows-latest)	Tests	2026-09-06T15:58:49.5591418Z [1m[92m   Doc-tests[0m nepl3_wire
native (windows-latest)	Tests	2026-09-06T15:58:49.6228733Z 
native (windows-latest)	Tests	2026-09-06T15:58:49.6229391Z running 0 tests
native (windows-latest)	Tests	2026-09-06T15:58:49.6229716Z 
native (windows-latest)	Tests	2026-09-06T15:58:49.6230489Z test result: ok. 0 passed; 0 failed; 0 ignored; 0 measured; 0 filtered out; finished in 0.00s
native (windows-latest)	Tests	2026-09-06T15:58:49.6231034Z 
native (windows-latest)	API documentation	﻿2026-09-06T15:58:49.6587251Z ##[group]Run cargo doc --workspace --no-deps --locked
native (windows-latest)	API documentation	2026-09-06T15:58:49.6587718Z [36;1mcargo doc --workspace --no-deps --locked[0m
native (windows-latest)	API documentation	2026-09-06T15:58:49.6602070Z shell: C:\Program Files\Git\bin\bash.EXE --noprofile --norc -e -o pipefail {0}
native (windows-latest)	API documentation	2026-09-06T15:58:49.6602455Z env:
native (windows-latest)	API documentation	2026-09-06T15:58:49.6602640Z   CARGO_TERM_COLOR: always
native (windows-latest)	API documentation	2026-09-06T15:58:49.6602867Z   RUSTDOCFLAGS: -D warnings
native (windows-latest)	API documentation	2026-09-06T15:58:49.6603184Z   pythonLocation: C:\hostedtoolcache\windows\Python\3.13.15\x64
native (windows-latest)	API documentation	2026-09-06T15:58:49.6603987Z   PKG_CONFIG_PATH: C:\hostedtoolcache\windows\Python\3.13.15\x64/lib/pkgconfig
native (windows-latest)	API documentation	2026-09-06T15:58:49.6604416Z   Python_ROOT_DIR: C:\hostedtoolcache\windows\Python\3.13.15\x64
native (windows-latest)	API documentation	2026-09-06T15:58:49.6604807Z   Python2_ROOT_DIR: C:\hostedtoolcache\windows\Python\3.13.15\x64
native (windows-latest)	API documentation	2026-09-06T15:58:49.6605371Z   Python3_ROOT_DIR: C:\hostedtoolcache\windows\Python\3.13.15\x64
native (windows-latest)	API documentation	2026-09-06T15:58:49.6605679Z ##[endgroup]
native (windows-latest)	API documentation	2026-09-06T15:58:49.8618549Z [1m[92m    Checking[0m nepl3-core v0.1.0 (D:\a\NEPL3\NEPL3\crates\foundation\core)
native (windows-latest)	API documentation	2026-09-06T15:58:49.8639075Z [1m[92m Documenting[0m nepl3-core v0.1.0 (D:\a\NEPL3\NEPL3\crates\foundation\core)
native (windows-latest)	API documentation	2026-09-06T15:58:50.6697142Z [1m[92m Documenting[0m nepl3-wire v0.1.0 (D:\a\NEPL3\NEPL3\crates\foundation\wire)
native (windows-latest)	API documentation	2026-09-06T15:58:50.6698227Z [1m[92m Documenting[0m nepl3-reader v0.1.0 (D:\a\NEPL3\NEPL3\crates\foundation\reader)
native (windows-latest)	API documentation	2026-09-06T15:58:50.6699104Z [1m[92m Documenting[0m nepl3-tools v0.1.0 (D:\a\NEPL3\NEPL3\tools)
native (windows-latest)	API documentation	2026-09-06T15:58:51.9055008Z [1m[92m    Finished[0m `dev` profile [unoptimized + debuginfo] target(s) in 2.14s
native (windows-latest)	API documentation	2026-09-06T15:58:51.9076377Z [1m[92m   Generated[0m D:\a\NEPL3\NEPL3\target\doc\nepl3_core\index.html and 3 other files
native (windows-latest)	Repository contracts	﻿2026-09-06T15:58:51.9351550Z ##[group]Run cargo run --locked -p nepl3-tools -- check
native (windows-latest)	Repository contracts	2026-09-06T15:58:51.9352088Z [36;1mcargo run --locked -p nepl3-tools -- check[0m
native (windows-latest)	Repository contracts	2026-09-06T15:58:51.9369016Z shell: C:\Program Files\Git\bin\bash.EXE --noprofile --norc -e -o pipefail {0}
native (windows-latest)	Repository contracts	2026-09-06T15:58:51.9369413Z env:
native (windows-latest)	Repository contracts	2026-09-06T15:58:51.9369598Z   CARGO_TERM_COLOR: always
native (windows-latest)	Repository contracts	2026-09-06T15:58:51.9369825Z   RUSTDOCFLAGS: -D warnings
native (windows-latest)	Repository contracts	2026-09-06T15:58:51.9370131Z   pythonLocation: C:\hostedtoolcache\windows\Python\3.13.15\x64
native (windows-latest)	Repository contracts	2026-09-06T15:58:51.9370561Z   PKG_CONFIG_PATH: C:\hostedtoolcache\windows\Python\3.13.15\x64/lib/pkgconfig
native (windows-latest)	Repository contracts	2026-09-06T15:58:51.9370991Z   Python_ROOT_DIR: C:\hostedtoolcache\windows\Python\3.13.15\x64
native (windows-latest)	Repository contracts	2026-09-06T15:58:51.9371380Z   Python2_ROOT_DIR: C:\hostedtoolcache\windows\Python\3.13.15\x64
native (windows-latest)	Repository contracts	2026-09-06T15:58:51.9371776Z   Python3_ROOT_DIR: C:\hostedtoolcache\windows\Python\3.13.15\x64
native (windows-latest)	Repository contracts	2026-09-06T15:58:51.9372081Z ##[endgroup]
native (windows-latest)	Repository contracts	2026-09-06T15:58:52.1151567Z [1m[92m   Compiling[0m serde v1.0.229
native (windows-latest)	Repository contracts	2026-09-06T15:58:52.5889405Z [1m[92m   Compiling[0m nepl3-tools v0.1.0 (D:\a\NEPL3\NEPL3\tools)
native (windows-latest)	Repository contracts	2026-09-06T15:58:58.7509526Z [1m[92m    Finished[0m `dev` profile [unoptimized + debuginfo] target(s) in 6.69s
native (windows-latest)	Repository contracts	2026-09-06T15:58:58.7537825Z [1m[92m     Running[0m `target\debug\nepl3-tools.exe check`
native (windows-latest)	Repository contracts	2026-09-06T15:58:58.8579242Z Independent design review: 4 open findings; affected tasks cannot be marked complete.
native (windows-latest)	Repository contracts	2026-09-06T15:58:58.8859250Z Contract structure: 33 categories, 119 model types, 27 operation descriptions. Named field references and intrinsic shapes checked; operation schemas, value invariants and language parsing remain unverified.
native (windows-latest)	Repository contracts	2026-09-06T15:59:00.2556925Z Dependency plan: 19 crates; 4 implemented members; 3 no_std declarations checked. Dev dependencies: nepl3-reader -> nepl3-wire.
native (windows-latest)	Repository contracts	2026-09-06T15:59:00.2557746Z External dependency portability and cross-target execution require their own acceptance tests.
native (windows-latest)	Repository contracts	2026-09-06T15:59:01.8627422Z Documentation inventory baseline 25a096bc183c2b71200902884084cd4082d0aae3 verified: 57 Markdown pages, 10 Rust-owned API sources. Current delta: 56 added, 45 changed, 0 removed; current completeness NOT established.
native (windows-latest)	Repository contracts	2026-09-06T15:59:01.8640830Z {"added":["crates/foundation/core/src/budget.rs","crates/foundation/core/src/diagnostic.rs","crates/foundation/core/src/lib.rs","crates/foundation/core/src/origin.rs","crates/foundation/core/src/schema.rs","crates/foundation/core/src/schema/foundation.rs","crates/foundation/core/src/source.rs","crates/foundation/core/src/syntax.rs","crates/foundation/core/src/value.rs","crates/foundation/core/src/value_codec.rs","crates/foundation/core/src/view.rs","crates/foundation/core/tests/contracts.rs","crates/foundation/core/tests/structure.rs","crates/foundation/core/tests/syntax.rs","crates/foundation/reader/src/context.rs","crates/foundation/reader/src/lib.rs","crates/foundation/reader/src/model.rs","crates/foundation/reader/src/plan.rs","crates/foundation/reader/src/plan/identity.rs","crates/foundation/reader/src/portable.rs","crates/foundation/reader/src/primitive.rs","crates/foundation/reader/src/runtime/copy.rs","crates/foundation/reader/src/runtime/mod.rs","crates/foundation/reader/src/runtime/validate.rs","crates/foundation/reader/src/schema.rs","crates/foundation/reader/src/schema/descriptor.rs","crates/foundation/reader/tests/context.rs","crates/foundation/reader/tests/portable.rs","crates/foundation/reader/tests/runtime.rs","crates/foundation/wire/src/boundary.rs","crates/foundation/wire/src/decode.rs","crates/foundation/wire/src/encode.rs","crates/foundation/wire/src/environment.rs","crates/foundation/wire/src/foundation.rs","crates/foundation/wire/src/lib.rs","crates/foundation/wire/src/origin.rs","crates/foundation/wire/src/source.rs","crates/foundation/wire/src/syntax.rs","crates/foundation/wire/src/syntax/order.rs","crates/foundation/wire/src/view.rs","crates/foundation/wire/tests/codec.rs","crates/foundation/wire/tests/origin.rs","crates/foundation/wire/tests/source.rs","crates/foundation/wire/tests/syntax.rs","crates/foundation/wire/tests/view.rs","doc/decisions/0004-pages-recovery-doc-inventory.md","doc/decisions/0005-foundation-runtime-contracts.md","doc/doc-inventory.md","doc/progress/foundation-runtime.md","tools/src/contract/foundation.rs","tools/src/contract/foundation/generate.rs","tools/src/contract/intrinsic.rs","tools/src/contract/reader.rs","tools/src/contract/types.rs","tools/src/documentation/markdown.rs","tools/src/documentation/mod.rs"],"changed":["AGENTS.md","CODEX.md","README.md","design/forms.json","design/markup.json","doc/README.md","doc/development.md","doc/review.md","doc/spec/02-foundation.md","doc/spec/03-reader.md","doc/spec/04-grammar.md","doc/spec/06-math.md","doc/spec/09-portability.md","doc/spec/11-conformance.md","doc/spec/12-model-invariants.md","doc/spec/13-reproducibility.md","doc/spec/15-site.md","doc/spec/16-doc-migration.md","interfaces/contracts.json","interfaces/model.json","tasks/README.md","tasks/T01.md","tasks/T02.md","tasks/T03.md","tasks/T04.md","tasks/T05.md","tasks/T06.md","tasks/T07.md","tasks/T08.md","tasks/T09.md","tasks/T10.md","tasks/T11.md","tasks/T12.md","tasks/T13.md","tasks/T14.md","tasks/T15.md","tasks/T16.md","tasks/T17.md","tasks/T18.md","tasks/T19.md","tasks/T20.md","tasks/T21.md","tools/src/contract/mod.rs","tools/src/lib.rs","tools/src/main.rs"],"removed":[]}
native (windows-latest)	Repository contracts	2026-09-06T15:59:01.8656101Z Repository checks passed: 198 files, 21 tasks, 55 acceptance status entries. Runtime acceptance was not run.
native (windows-latest)	Generated tasks	﻿2026-09-06T15:59:01.8945733Z ##[group]Run cargo run --locked -p nepl3-tools -- tasks --check
native (windows-latest)	Generated tasks	2026-09-06T15:59:01.8946271Z [36;1mcargo run --locked -p nepl3-tools -- tasks --check[0m
native (windows-latest)	Generated tasks	2026-09-06T15:59:01.8962833Z shell: C:\Program Files\Git\bin\bash.EXE --noprofile --norc -e -o pipefail {0}
native (windows-latest)	Generated tasks	2026-09-06T15:59:01.8963226Z env:
native (windows-latest)	Generated tasks	2026-09-06T15:59:01.8963416Z   CARGO_TERM_COLOR: always
native (windows-latest)	Generated tasks	2026-09-06T15:59:01.8963639Z   RUSTDOCFLAGS: -D warnings
native (windows-latest)	Generated tasks	2026-09-06T15:59:01.8963941Z   pythonLocation: C:\hostedtoolcache\windows\Python\3.13.15\x64
native (windows-latest)	Generated tasks	2026-09-06T15:59:01.8964374Z   PKG_CONFIG_PATH: C:\hostedtoolcache\windows\Python\3.13.15\x64/lib/pkgconfig
native (windows-latest)	Generated tasks	2026-09-06T15:59:01.8964814Z   Python_ROOT_DIR: C:\hostedtoolcache\windows\Python\3.13.15\x64
native (windows-latest)	Generated tasks	2026-09-06T15:59:01.8965202Z   Python2_ROOT_DIR: C:\hostedtoolcache\windows\Python\3.13.15\x64
native (windows-latest)	Generated tasks	2026-09-06T15:59:01.8965586Z   Python3_ROOT_DIR: C:\hostedtoolcache\windows\Python\3.13.15\x64
native (windows-latest)	Generated tasks	2026-09-06T15:59:01.8965909Z ##[endgroup]
native (windows-latest)	Generated tasks	2026-09-06T15:59:02.2264214Z [1m[92m    Finished[0m `dev` profile [unoptimized + debuginfo] target(s) in 0.06s
native (windows-latest)	Generated tasks	2026-09-06T15:59:02.2297624Z [1m[92m     Running[0m `target\debug\nepl3-tools.exe tasks --check`
native (windows-latest)	Generated tasks	2026-09-06T15:59:02.2530955Z Independent design review: 4 open findings; affected tasks cannot be marked complete.
native (windows-latest)	Generated tasks	2026-09-06T15:59:02.2540265Z Task documents are current.
native (windows-latest)	Verify clean tracked files	﻿2026-09-06T15:59:02.2846429Z ##[group]Run git diff --exit-code
native (windows-latest)	Verify clean tracked files	2026-09-06T15:59:02.2846830Z [36;1mgit diff --exit-code[0m
native (windows-latest)	Verify clean tracked files	2026-09-06T15:59:02.2864694Z shell: C:\Program Files\Git\bin\bash.EXE --noprofile --norc -e -o pipefail {0}
native (windows-latest)	Verify clean tracked files	2026-09-06T15:59:02.2865094Z env:
native (windows-latest)	Verify clean tracked files	2026-09-06T15:59:02.2865451Z   CARGO_TERM_COLOR: always
native (windows-latest)	Verify clean tracked files	2026-09-06T15:59:02.2865689Z   RUSTDOCFLAGS: -D warnings
native (windows-latest)	Verify clean tracked files	2026-09-06T15:59:02.2866022Z   pythonLocation: C:\hostedtoolcache\windows\Python\3.13.15\x64
native (windows-latest)	Verify clean tracked files	2026-09-06T15:59:02.2866466Z   PKG_CONFIG_PATH: C:\hostedtoolcache\windows\Python\3.13.15\x64/lib/pkgconfig
native (windows-latest)	Verify clean tracked files	2026-09-06T15:59:02.2866896Z   Python_ROOT_DIR: C:\hostedtoolcache\windows\Python\3.13.15\x64
native (windows-latest)	Verify clean tracked files	2026-09-06T15:59:02.2867290Z   Python2_ROOT_DIR: C:\hostedtoolcache\windows\Python\3.13.15\x64
native (windows-latest)	Verify clean tracked files	2026-09-06T15:59:02.2867725Z   Python3_ROOT_DIR: C:\hostedtoolcache\windows\Python\3.13.15\x64
native (windows-latest)	Verify clean tracked files	2026-09-06T15:59:02.2868030Z ##[endgroup]
native (windows-latest)	Post Install structural audit interpreter	﻿2026-09-06T15:59:02.5398167Z Node 20 is being deprecated. This workflow is running with Node 24 by default. If you need to temporarily use Node 20, you can set the ACTIONS_ALLOW_USE_UNSECURE_NODE_VERSION=true environment variable. For more information see: https://github.blog/changelog/2025-09-19-deprecation-of-node-20-on-github-actions-runners/
native (windows-latest)	Post Install structural audit interpreter	2026-09-06T15:59:02.5400503Z Post job cleanup.
native (windows-latest)	Post Install structural audit interpreter	2026-09-06T15:59:02.7054793Z (node:8436) [DEP0040] DeprecationWarning: The `punycode` module is deprecated. Please use a userland alternative instead.
native (windows-latest)	Post Install structural audit interpreter	2026-09-06T15:59:02.7055989Z (Use `node --trace-deprecation ...` to show where the warning was created)
native (windows-latest)	Post Checkout	﻿2026-09-06T15:59:02.7438393Z Node 20 is being deprecated. This workflow is running with Node 24 by default. If you need to temporarily use Node 20, you can set the ACTIONS_ALLOW_USE_UNSECURE_NODE_VERSION=true environment variable. For more information see: https://github.blog/changelog/2025-09-19-deprecation-of-node-20-on-github-actions-runners/
native (windows-latest)	Post Checkout	2026-09-06T15:59:02.7439648Z Post job cleanup.
native (windows-latest)	Post Checkout	2026-09-06T15:59:02.9487723Z [command]"C:\Program Files\Git\bin\git.exe" version
native (windows-latest)	Post Checkout	2026-09-06T15:59:02.9823637Z git version 2.55.0.windows.5
native (windows-latest)	Post Checkout	2026-09-06T15:59:02.9898686Z Temporarily overriding HOME='D:\a\_temp\66c165a3-c395-47cb-88e4-7dbd309fea02' before making global git config changes
native (windows-latest)	Post Checkout	2026-09-06T15:59:02.9900074Z Adding repository directory to the temporary git global config as a safe directory
native (windows-latest)	Post Checkout	2026-09-06T15:59:02.9910531Z [command]"C:\Program Files\Git\bin\git.exe" config --global --add safe.directory D:\a\NEPL3\NEPL3
native (windows-latest)	Post Checkout	2026-09-06T15:59:03.0294789Z [command]"C:\Program Files\Git\bin\git.exe" config --local --name-only --get-regexp core\.sshCommand
native (windows-latest)	Post Checkout	2026-09-06T15:59:03.0704713Z [command]"C:\Program Files\Git\bin\git.exe" submodule foreach --recursive "sh -c \"git config --local --name-only --get-regexp 'core\.sshCommand' && git config --local --unset-all 'core.sshCommand' || :\""
native (windows-latest)	Post Checkout	2026-09-06T15:59:03.8460552Z [command]"C:\Program Files\Git\bin\git.exe" config --local --name-only --get-regexp http\.https\:\/\/github\.com\/\.extraheader
native (windows-latest)	Post Checkout	2026-09-06T15:59:03.8811427Z [command]"C:\Program Files\Git\bin\git.exe" submodule foreach --recursive "sh -c \"git config --local --name-only --get-regexp 'http\.https\:\/\/github\.com\/\.extraheader' && git config --local --unset-all 'http.https://github.com/.extraheader' || :\""
native (windows-latest)	Post Checkout	2026-09-06T15:59:04.5594338Z [command]"C:\Program Files\Git\bin\git.exe" config --local --name-only --get-regexp ^includeIf\.gitdir:
native (windows-latest)	Post Checkout	2026-09-06T15:59:04.5962169Z [command]"C:\Program Files\Git\bin\git.exe" submodule foreach --recursive "git config --local --show-origin --name-only --get-regexp remote.origin.url"
native (windows-latest)	Complete job	﻿2026-09-06T15:59:05.2464605Z Cleaning up orphan processes
native (windows-latest)	Complete job	2026-09-06T15:59:05.2721709Z Terminate orphan process: pid (7020) (vctip)
native (windows-latest)	Complete job	2026-09-06T15:59:05.3339519Z ##[warning]Node.js 20 is deprecated. The following actions target Node.js 20 but are being forced to run on Node.js 24: actions/checkout@11d5960a326750d5838078e36cf38b85af677262, actions/setup-python@a26af69be951a213d495a4c3e4e4022e16d87065. For more information see: https://github.blog/changelog/2025-09-19-deprecation-of-node-20-on-github-actions-runners/
quality	Set up job	﻿2026-09-06T15:59:09.1686779Z Current runner version: '2.337.0'
quality	Set up job	2026-09-06T15:59:09.1706977Z ##[group]Runner Image Provisioner
quality	Set up job	2026-09-06T15:59:09.1707885Z Hosted Compute Agent
quality	Set up job	2026-09-06T15:59:09.1708563Z Version: 20260828.587
quality	Set up job	2026-09-06T15:59:09.1709208Z Commit: abac92662cab4cc7352de4f9f9d2e2419aad9c29
quality	Set up job	2026-09-06T15:59:09.1709926Z Build Date: 2026-08-28T16:44:25Z
quality	Set up job	2026-09-06T15:59:09.1710671Z Worker ID: {92658236-4f18-428e-ab8a-897f39803d26}
quality	Set up job	2026-09-06T15:59:09.1711377Z Azure Region: centralus
quality	Set up job	2026-09-06T15:59:09.1711994Z ##[endgroup]
quality	Set up job	2026-09-06T15:59:09.1713871Z ##[group]Operating System
quality	Set up job	2026-09-06T15:59:09.1714551Z Ubuntu
quality	Set up job	2026-09-06T15:59:09.1715128Z 24.04.4
quality	Set up job	2026-09-06T15:59:09.1715614Z LTS
quality	Set up job	2026-09-06T15:59:09.1716118Z ##[endgroup]
quality	Set up job	2026-09-06T15:59:09.1716647Z ##[group]Runner Image
quality	Set up job	2026-09-06T15:59:09.1717201Z Image: ubuntu-24.04
quality	Set up job	2026-09-06T15:59:09.1717786Z Version: 20260831.293.1
quality	Set up job	2026-09-06T15:59:09.1718902Z Included Software: https://github.com/actions/runner-images/blob/ubuntu24/20260831.293/images/ubuntu/Ubuntu2404-Readme.md
quality	Set up job	2026-09-06T15:59:09.1721136Z Image Release: https://github.com/actions/runner-images/releases/tag/ubuntu24%2F20260831.293
quality	Set up job	2026-09-06T15:59:09.1722120Z ##[endgroup]
quality	Set up job	2026-09-06T15:59:09.1723525Z ##[group]GITHUB_TOKEN Permissions
quality	Set up job	2026-09-06T15:59:09.1725785Z Contents: read
quality	Set up job	2026-09-06T15:59:09.1726377Z Metadata: read
quality	Set up job	2026-09-06T15:59:09.1726904Z ##[endgroup]
quality	Set up job	2026-09-06T15:59:09.1728479Z Secret source: Actions
quality	Set up job	2026-09-06T15:59:09.1729496Z Prepare workflow directory
quality	Set up job	2026-09-06T15:59:09.2011221Z Prepare all required actions
quality	Set up job	2026-09-06T15:59:09.2072427Z Complete job name: quality
quality	Require native and WASI checks to pass	﻿2026-09-06T15:59:09.2649882Z ##[group]Run test "$NATIVE_RESULT" = success
quality	Require native and WASI checks to pass	2026-09-06T15:59:09.2650812Z [36;1mtest "$NATIVE_RESULT" = success[0m
quality	Require native and WASI checks to pass	2026-09-06T15:59:09.2651479Z [36;1mtest "$WASI_RESULT" = success[0m
quality	Require native and WASI checks to pass	2026-09-06T15:59:09.6429816Z shell: /usr/bin/bash --noprofile --norc -e -o pipefail {0}
quality	Require native and WASI checks to pass	2026-09-06T15:59:09.6430839Z env:
quality	Require native and WASI checks to pass	2026-09-06T15:59:09.6431291Z   CARGO_TERM_COLOR: always
quality	Require native and WASI checks to pass	2026-09-06T15:59:09.6431754Z   RUSTDOCFLAGS: -D warnings
quality	Require native and WASI checks to pass	2026-09-06T15:59:09.6432284Z   NATIVE_RESULT: success
quality	Require native and WASI checks to pass	2026-09-06T15:59:09.6433168Z   WASI_RESULT: success
quality	Require native and WASI checks to pass	2026-09-06T15:59:09.6433677Z ##[endgroup]
quality	Complete job	﻿2026-09-06T15:59:09.6826379Z Cleaning up orphan processes
deliver source	Set up job	﻿2026-09-06T15:59:14.3989893Z Current runner version: '2.337.0'
deliver source	Set up job	2026-09-06T15:59:14.4018618Z ##[group]Runner Image Provisioner
deliver source	Set up job	2026-09-06T15:59:14.4019572Z Hosted Compute Agent
deliver source	Set up job	2026-09-06T15:59:14.4020254Z Version: 20260828.587
deliver source	Set up job	2026-09-06T15:59:14.4020917Z Commit: abac92662cab4cc7352de4f9f9d2e2419aad9c29
deliver source	Set up job	2026-09-06T15:59:14.4021730Z Build Date: 2026-08-28T16:44:25Z
deliver source	Set up job	2026-09-06T15:59:14.4022420Z Worker ID: {d24f7898-26fb-46b7-b0f3-1d08c41e6e3f}
deliver source	Set up job	2026-09-06T15:59:14.4023201Z Azure Region: northcentralus
deliver source	Set up job	2026-09-06T15:59:14.4023941Z ##[endgroup]
deliver source	Set up job	2026-09-06T15:59:14.4025436Z ##[group]Operating System
deliver source	Set up job	2026-09-06T15:59:14.4026803Z Ubuntu
deliver source	Set up job	2026-09-06T15:59:14.4027389Z 24.04.4
deliver source	Set up job	2026-09-06T15:59:14.4027909Z LTS
deliver source	Set up job	2026-09-06T15:59:14.4028577Z ##[endgroup]
deliver source	Set up job	2026-09-06T15:59:14.4029150Z ##[group]Runner Image
deliver source	Set up job	2026-09-06T15:59:14.4029807Z Image: ubuntu-24.04
deliver source	Set up job	2026-09-06T15:59:14.4030403Z Version: 20260831.293.1
deliver source	Set up job	2026-09-06T15:59:14.4031486Z Included Software: https://github.com/actions/runner-images/blob/ubuntu24/20260831.293/images/ubuntu/Ubuntu2404-Readme.md
deliver source	Set up job	2026-09-06T15:59:14.4033326Z Image Release: https://github.com/actions/runner-images/releases/tag/ubuntu24%2F20260831.293
deliver source	Set up job	2026-09-06T15:59:14.4034340Z ##[endgroup]
deliver source	Set up job	2026-09-06T15:59:14.4035496Z ##[group]GITHUB_TOKEN Permissions
deliver source	Set up job	2026-09-06T15:59:14.4038271Z Contents: read
deliver source	Set up job	2026-09-06T15:59:14.4038964Z Metadata: read
deliver source	Set up job	2026-09-06T15:59:14.4039545Z ##[endgroup]
deliver source	Set up job	2026-09-06T15:59:14.4042140Z Secret source: Actions
deliver source	Set up job	2026-09-06T15:59:14.4043477Z Prepare workflow directory
deliver source	Set up job	2026-09-06T15:59:14.4490965Z Prepare all required actions
deliver source	Set up job	2026-09-06T15:59:14.4540876Z Getting action download info
deliver source	Set up job	2026-09-06T15:59:14.7351721Z Download action repository 'actions/checkout@11d5960a326750d5838078e36cf38b85af677262' (SHA:11d5960a326750d5838078e36cf38b85af677262)
deliver source	Set up job	2026-09-06T15:59:14.8579547Z Download action repository 'actions/upload-artifact@ea165f8d65b6e75b540449e92b4886f43607fa02' (SHA:ea165f8d65b6e75b540449e92b4886f43607fa02)
deliver source	Set up job	2026-09-06T15:59:15.0672227Z Complete job name: deliver source
deliver source	Checkout tested commit	﻿2026-09-06T15:59:15.1433834Z Node 20 is being deprecated. This workflow is running with Node 24 by default. If you need to temporarily use Node 20, you can set the ACTIONS_ALLOW_USE_UNSECURE_NODE_VERSION=true environment variable. For more information see: https://github.blog/changelog/2025-09-19-deprecation-of-node-20-on-github-actions-runners/
deliver source	Checkout tested commit	2026-09-06T15:59:15.1443223Z ##[group]Run actions/checkout@11d5960a326750d5838078e36cf38b85af677262
deliver source	Checkout tested commit	2026-09-06T15:59:15.1444198Z with:
deliver source	Checkout tested commit	2026-09-06T15:59:15.1444675Z   ref: da7328c6157b889684f3a153579b3934dfadae73
deliver source	Checkout tested commit	2026-09-06T15:59:15.1445312Z   persist-credentials: false
deliver source	Checkout tested commit	2026-09-06T15:59:15.1446058Z   repository: neknaj/NEPL3
deliver source	Checkout tested commit	2026-09-06T15:59:15.1449959Z   token: ***
deliver source	Checkout tested commit	2026-09-06T15:59:15.1450410Z   ssh-strict: true
deliver source	Checkout tested commit	2026-09-06T15:59:15.1450857Z   ssh-user: git
deliver source	Checkout tested commit	2026-09-06T15:59:15.1451285Z   clean: true
deliver source	Checkout tested commit	2026-09-06T15:59:15.1451734Z   sparse-checkout-cone-mode: true
deliver source	Checkout tested commit	2026-09-06T15:59:15.1452298Z   fetch-depth: 1
deliver source	Checkout tested commit	2026-09-06T15:59:15.1452768Z   fetch-tags: false
deliver source	Checkout tested commit	2026-09-06T15:59:15.1453223Z   show-progress: true
deliver source	Checkout tested commit	2026-09-06T15:59:15.1453728Z   lfs: false
deliver source	Checkout tested commit	2026-09-06T15:59:15.1454150Z   submodules: false
deliver source	Checkout tested commit	2026-09-06T15:59:15.1454608Z   set-safe-directory: true
deliver source	Checkout tested commit	2026-09-06T15:59:15.1455148Z   allow-unsafe-pr-checkout: false
deliver source	Checkout tested commit	2026-09-06T15:59:15.1456246Z env:
deliver source	Checkout tested commit	2026-09-06T15:59:15.1456748Z   CARGO_TERM_COLOR: always
deliver source	Checkout tested commit	2026-09-06T15:59:15.1457315Z   RUSTDOCFLAGS: -D warnings
deliver source	Checkout tested commit	2026-09-06T15:59:15.1457811Z ##[endgroup]
deliver source	Checkout tested commit	2026-09-06T15:59:15.2467747Z Syncing repository: neknaj/NEPL3
deliver source	Checkout tested commit	2026-09-06T15:59:15.2469671Z ##[group]Getting Git version info
deliver source	Checkout tested commit	2026-09-06T15:59:15.2470406Z Working directory is '/home/runner/work/NEPL3/NEPL3'
deliver source	Checkout tested commit	2026-09-06T15:59:15.2471414Z [command]/usr/bin/git version
deliver source	Checkout tested commit	2026-09-06T15:59:15.2567016Z git version 2.55.0
deliver source	Checkout tested commit	2026-09-06T15:59:15.2603437Z ##[endgroup]
deliver source	Checkout tested commit	2026-09-06T15:59:15.2612155Z Temporarily overriding HOME='/home/runner/work/_temp/fb7ff97e-ff5a-4e8b-a6d6-e7371a31e22a' before making global git config changes
deliver source	Checkout tested commit	2026-09-06T15:59:15.2614608Z Adding repository directory to the temporary git global config as a safe directory
deliver source	Checkout tested commit	2026-09-06T15:59:15.2619180Z [command]/usr/bin/git config --global --add safe.directory /home/runner/work/NEPL3/NEPL3
deliver source	Checkout tested commit	2026-09-06T15:59:15.2675046Z Deleting the contents of '/home/runner/work/NEPL3/NEPL3'
deliver source	Checkout tested commit	2026-09-06T15:59:15.2679066Z ##[group]Initializing the repository
deliver source	Checkout tested commit	2026-09-06T15:59:15.2684040Z [command]/usr/bin/git init /home/runner/work/NEPL3/NEPL3
deliver source	Checkout tested commit	2026-09-06T15:59:15.2786921Z hint: Using 'master' as the name for the initial branch. This default branch name
deliver source	Checkout tested commit	2026-09-06T15:59:15.2788152Z hint: will change to "main" in Git 3.0. To configure the initial branch name
deliver source	Checkout tested commit	2026-09-06T15:59:15.2789116Z hint: to use in all of your new repositories, which will suppress this warning,
deliver source	Checkout tested commit	2026-09-06T15:59:15.2789880Z hint: call:
deliver source	Checkout tested commit	2026-09-06T15:59:15.2790306Z hint:
deliver source	Checkout tested commit	2026-09-06T15:59:15.2790854Z hint: 	git config --global init.defaultBranch <name>
deliver source	Checkout tested commit	2026-09-06T15:59:15.2791487Z hint:
deliver source	Checkout tested commit	2026-09-06T15:59:15.2792085Z hint: Names commonly chosen instead of 'master' are 'main', 'trunk' and
deliver source	Checkout tested commit	2026-09-06T15:59:15.2793092Z hint: 'development'. The just-created branch can be renamed via this command:
deliver source	Checkout tested commit	2026-09-06T15:59:15.2793925Z hint:
deliver source	Checkout tested commit	2026-09-06T15:59:15.2794357Z hint: 	git branch -m <name>
deliver source	Checkout tested commit	2026-09-06T15:59:15.2794846Z hint:
deliver source	Checkout tested commit	2026-09-06T15:59:15.2795484Z hint: Disable this message with "git config set advice.defaultBranchName false"
deliver source	Checkout tested commit	2026-09-06T15:59:15.2800232Z Initialized empty Git repository in /home/runner/work/NEPL3/NEPL3/.git/
deliver source	Checkout tested commit	2026-09-06T15:59:15.2812604Z [command]/usr/bin/git remote add origin https://github.com/neknaj/NEPL3
deliver source	Checkout tested commit	2026-09-06T15:59:15.2863351Z ##[endgroup]
deliver source	Checkout tested commit	2026-09-06T15:59:15.2864716Z ##[group]Disabling automatic garbage collection
deliver source	Checkout tested commit	2026-09-06T15:59:15.2868178Z [command]/usr/bin/git config --local gc.auto 0
deliver source	Checkout tested commit	2026-09-06T15:59:15.2902410Z ##[endgroup]
deliver source	Checkout tested commit	2026-09-06T15:59:15.2904052Z ##[group]Setting up auth
deliver source	Checkout tested commit	2026-09-06T15:59:15.2910741Z [command]/usr/bin/git config --local --name-only --get-regexp core\.sshCommand
deliver source	Checkout tested commit	2026-09-06T15:59:15.2952876Z [command]/usr/bin/git submodule foreach --recursive sh -c "git config --local --name-only --get-regexp 'core\.sshCommand' && git config --local --unset-all 'core.sshCommand' || :"
deliver source	Checkout tested commit	2026-09-06T15:59:15.3331428Z [command]/usr/bin/git config --local --name-only --get-regexp http\.https\:\/\/github\.com\/\.extraheader
deliver source	Checkout tested commit	2026-09-06T15:59:15.3373667Z [command]/usr/bin/git submodule foreach --recursive sh -c "git config --local --name-only --get-regexp 'http\.https\:\/\/github\.com\/\.extraheader' && git config --local --unset-all 'http.https://github.com/.extraheader' || :"
deliver source	Checkout tested commit	2026-09-06T15:59:15.3603237Z [command]/usr/bin/git config --local --name-only --get-regexp ^includeIf\.gitdir:
deliver source	Checkout tested commit	2026-09-06T15:59:15.3643257Z [command]/usr/bin/git submodule foreach --recursive git config --local --show-origin --name-only --get-regexp remote.origin.url
deliver source	Checkout tested commit	2026-09-06T15:59:15.3895651Z [command]/usr/bin/git config --local http.https://github.com/.extraheader AUTHORIZATION: basic ***
deliver source	Checkout tested commit	2026-09-06T15:59:15.3936450Z ##[endgroup]
deliver source	Checkout tested commit	2026-09-06T15:59:15.3937952Z ##[group]Fetching the repository
deliver source	Checkout tested commit	2026-09-06T15:59:15.3948149Z [command]/usr/bin/git -c protocol.version=2 fetch --no-tags --prune --no-recurse-submodules --depth=1 origin da7328c6157b889684f3a153579b3934dfadae73
deliver source	Checkout tested commit	2026-09-06T15:59:15.8445550Z From https://github.com/neknaj/NEPL3
deliver source	Checkout tested commit	2026-09-06T15:59:15.8447981Z  * branch            da7328c6157b889684f3a153579b3934dfadae73 -> FETCH_HEAD
deliver source	Checkout tested commit	2026-09-06T15:59:15.8453190Z ##[endgroup]
deliver source	Checkout tested commit	2026-09-06T15:59:15.8455163Z ##[group]Determining the checkout info
deliver source	Checkout tested commit	2026-09-06T15:59:15.8457436Z ##[endgroup]
deliver source	Checkout tested commit	2026-09-06T15:59:15.8459160Z [command]/usr/bin/git sparse-checkout disable
deliver source	Checkout tested commit	2026-09-06T15:59:15.8514296Z [command]/usr/bin/git config --local --unset-all extensions.worktreeConfig
deliver source	Checkout tested commit	2026-09-06T15:59:15.8550123Z ##[group]Checking out the ref
deliver source	Checkout tested commit	2026-09-06T15:59:15.8555107Z [command]/usr/bin/git checkout --progress --force da7328c6157b889684f3a153579b3934dfadae73
deliver source	Checkout tested commit	2026-09-06T15:59:15.8751533Z Note: switching to 'da7328c6157b889684f3a153579b3934dfadae73'.
deliver source	Checkout tested commit	2026-09-06T15:59:15.8752610Z 
deliver source	Checkout tested commit	2026-09-06T15:59:15.8753362Z You are in 'detached HEAD' state. You can look around, make experimental
deliver source	Checkout tested commit	2026-09-06T15:59:15.8755515Z changes and commit them, and you can discard any commits you make in this
deliver source	Checkout tested commit	2026-09-06T15:59:15.8757799Z state without impacting any branches by switching back to a branch.
deliver source	Checkout tested commit	2026-09-06T15:59:15.8759012Z 
deliver source	Checkout tested commit	2026-09-06T15:59:15.8759688Z If you want to create a new branch to retain commits you create, you may
deliver source	Checkout tested commit	2026-09-06T15:59:15.8760874Z do so (now or later) by using -c with the switch command. Example:
deliver source	Checkout tested commit	2026-09-06T15:59:15.8761561Z 
deliver source	Checkout tested commit	2026-09-06T15:59:15.8761878Z   git switch -c <new-branch-name>
deliver source	Checkout tested commit	2026-09-06T15:59:15.8762602Z 
deliver source	Checkout tested commit	2026-09-06T15:59:15.8763058Z Or undo this operation with:
deliver source	Checkout tested commit	2026-09-06T15:59:15.8763693Z 
deliver source	Checkout tested commit	2026-09-06T15:59:15.8763967Z   git switch -
deliver source	Checkout tested commit	2026-09-06T15:59:15.8764283Z 
deliver source	Checkout tested commit	2026-09-06T15:59:15.8764824Z Turn off this advice by setting config variable advice.detachedHead to false
deliver source	Checkout tested commit	2026-09-06T15:59:15.8765678Z 
deliver source	Checkout tested commit	2026-09-06T15:59:15.8766524Z HEAD is now at da7328c Merge pull request #6 from neknaj/feat/foundation-runtime
deliver source	Checkout tested commit	2026-09-06T15:59:15.8768742Z ##[endgroup]
deliver source	Checkout tested commit	2026-09-06T15:59:15.8809093Z [command]/usr/bin/git log -1 --format=%H
deliver source	Checkout tested commit	2026-09-06T15:59:15.8837045Z da7328c6157b889684f3a153579b3934dfadae73
deliver source	Checkout tested commit	2026-09-06T15:59:15.8847353Z ##[group]Removing auth
deliver source	Checkout tested commit	2026-09-06T15:59:15.8851185Z [command]/usr/bin/git config --local --name-only --get-regexp core\.sshCommand
deliver source	Checkout tested commit	2026-09-06T15:59:15.8885531Z [command]/usr/bin/git submodule foreach --recursive sh -c "git config --local --name-only --get-regexp 'core\.sshCommand' && git config --local --unset-all 'core.sshCommand' || :"
deliver source	Checkout tested commit	2026-09-06T15:59:15.9108620Z [command]/usr/bin/git config --local --name-only --get-regexp http\.https\:\/\/github\.com\/\.extraheader
deliver source	Checkout tested commit	2026-09-06T15:59:15.9136102Z http.https://github.com/.extraheader
deliver source	Checkout tested commit	2026-09-06T15:59:15.9143362Z [command]/usr/bin/git config --local --unset-all http.https://github.com/.extraheader
deliver source	Checkout tested commit	2026-09-06T15:59:15.9182422Z [command]/usr/bin/git submodule foreach --recursive sh -c "git config --local --name-only --get-regexp 'http\.https\:\/\/github\.com\/\.extraheader' && git config --local --unset-all 'http.https://github.com/.extraheader' || :"
deliver source	Checkout tested commit	2026-09-06T15:59:15.9408542Z [command]/usr/bin/git config --local --name-only --get-regexp ^includeIf\.gitdir:
deliver source	Checkout tested commit	2026-09-06T15:59:15.9442876Z [command]/usr/bin/git submodule foreach --recursive git config --local --show-origin --name-only --get-regexp remote.origin.url
deliver source	Checkout tested commit	2026-09-06T15:59:15.9675613Z ##[endgroup]
deliver source	Archive tested source and record identity	﻿2026-09-06T15:59:15.9927838Z ##[group]Run test "$(git rev-parse HEAD)" = "$GITHUB_SHA"
deliver source	Archive tested source and record identity	2026-09-06T15:59:15.9929797Z [36;1mtest "$(git rev-parse HEAD)" = "$GITHUB_SHA"[0m
deliver source	Archive tested source and record identity	2026-09-06T15:59:15.9931301Z [36;1mmkdir -p dist[0m
deliver source	Archive tested source and record identity	2026-09-06T15:59:15.9933264Z [36;1mgit archive --format=tar.gz --prefix=NEPL3/ --output=dist/NEPL3-source.tar.gz "$GITHUB_SHA"[0m
deliver source	Archive tested source and record identity	2026-09-06T15:59:15.9935444Z [36;1mcd dist[0m
deliver source	Archive tested source and record identity	2026-09-06T15:59:15.9936888Z [36;1msha256sum NEPL3-source.tar.gz > SHA256SUMS[0m
deliver source	Archive tested source and record identity	2026-09-06T15:59:15.9939933Z [36;1mprintf 'repository=%s\ncommit=%s\nworkflow_run=%s\nkind=source-foundation\n' "$GITHUB_REPOSITORY" "$GITHUB_SHA" "$GITHUB_RUN_ID" > SOURCE.txt[0m
deliver source	Archive tested source and record identity	2026-09-06T15:59:15.9984862Z shell: /usr/bin/bash --noprofile --norc -e -o pipefail {0}
deliver source	Archive tested source and record identity	2026-09-06T15:59:15.9986781Z env:
deliver source	Archive tested source and record identity	2026-09-06T15:59:15.9987666Z   CARGO_TERM_COLOR: always
deliver source	Archive tested source and record identity	2026-09-06T15:59:15.9988762Z   RUSTDOCFLAGS: -D warnings
deliver source	Archive tested source and record identity	2026-09-06T15:59:15.9989793Z ##[endgroup]
deliver source	Upload source bundle	﻿2026-09-06T15:59:16.0826114Z Node 20 is being deprecated. This workflow is running with Node 24 by default. If you need to temporarily use Node 20, you can set the ACTIONS_ALLOW_USE_UNSECURE_NODE_VERSION=true environment variable. For more information see: https://github.blog/changelog/2025-09-19-deprecation-of-node-20-on-github-actions-runners/
deliver source	Upload source bundle	2026-09-06T15:59:16.0832280Z ##[group]Run actions/upload-artifact@ea165f8d65b6e75b540449e92b4886f43607fa02
deliver source	Upload source bundle	2026-09-06T15:59:16.0833884Z with:
deliver source	Upload source bundle	2026-09-06T15:59:16.0834960Z   name: NEPL3-source-da7328c6157b889684f3a153579b3934dfadae73
deliver source	Upload source bundle	2026-09-06T15:59:16.0836786Z   path: dist/
deliver source	Upload source bundle	2026-09-06T15:59:16.0837650Z   if-no-files-found: error
deliver source	Upload source bundle	2026-09-06T15:59:16.0838630Z   retention-days: 30
deliver source	Upload source bundle	2026-09-06T15:59:16.0839750Z   compression-level: 6
deliver source	Upload source bundle	2026-09-06T15:59:16.0840639Z   overwrite: false
deliver source	Upload source bundle	2026-09-06T15:59:16.0841527Z   include-hidden-files: false
deliver source	Upload source bundle	2026-09-06T15:59:16.0842517Z env:
deliver source	Upload source bundle	2026-09-06T15:59:16.0843275Z   CARGO_TERM_COLOR: always
deliver source	Upload source bundle	2026-09-06T15:59:16.0844250Z   RUSTDOCFLAGS: -D warnings
deliver source	Upload source bundle	2026-09-06T15:59:16.0845229Z ##[endgroup]
deliver source	Upload source bundle	2026-09-06T15:59:16.2599180Z (node:2307) [DEP0040] DeprecationWarning: The `punycode` module is deprecated. Please use a userland alternative instead.
deliver source	Upload source bundle	2026-09-06T15:59:16.2602026Z (Use `node --trace-deprecation ...` to show where the warning was created)
deliver source	Upload source bundle	2026-09-06T15:59:16.2691559Z With the provided path, there will be 3 files uploaded
deliver source	Upload source bundle	2026-09-06T15:59:16.2694653Z Artifact name is valid!
deliver source	Upload source bundle	2026-09-06T15:59:16.2696376Z Root directory input is valid!
deliver source	Upload source bundle	2026-09-06T15:59:16.4861402Z Beginning upload of artifact content to blob storage
deliver source	Upload source bundle	2026-09-06T15:59:16.5280171Z (node:2307) [DEP0169] DeprecationWarning: `url.parse()` behavior is not standardized and prone to errors that have security implications. Use the WHATWG URL API instead. CVEs are not issued for `url.parse()` vulnerabilities.
deliver source	Upload source bundle	2026-09-06T15:59:16.7159755Z Uploaded bytes 375022
deliver source	Upload source bundle	2026-09-06T15:59:16.7472266Z Finished uploading artifact content to blob storage!
deliver source	Upload source bundle	2026-09-06T15:59:16.7475282Z SHA256 digest of uploaded artifact zip is 25397ad529f5a6fa8b29b349b5be4dcfac77383d57189774fa51d62bca5ce684
deliver source	Upload source bundle	2026-09-06T15:59:16.7479130Z Finalizing artifact upload
deliver source	Upload source bundle	2026-09-06T15:59:17.0411500Z Artifact NEPL3-source-da7328c6157b889684f3a153579b3934dfadae73.zip successfully finalized. Artifact ID 9992530301
deliver source	Upload source bundle	2026-09-06T15:59:17.0417154Z Artifact NEPL3-source-da7328c6157b889684f3a153579b3934dfadae73 has been successfully uploaded! Final size is 375022 bytes. Artifact ID is 9992530301
deliver source	Upload source bundle	2026-09-06T15:59:17.0421722Z Artifact download URL: https://github.com/neknaj/NEPL3/actions/runs/34043915592/artifacts/9992530301
deliver source	Post Checkout tested commit	﻿2026-09-06T15:59:17.0759664Z Node 20 is being deprecated. This workflow is running with Node 24 by default. If you need to temporarily use Node 20, you can set the ACTIONS_ALLOW_USE_UNSECURE_NODE_VERSION=true environment variable. For more information see: https://github.blog/changelog/2025-09-19-deprecation-of-node-20-on-github-actions-runners/
deliver source	Post Checkout tested commit	2026-09-06T15:59:17.0764436Z Post job cleanup.
deliver source	Post Checkout tested commit	2026-09-06T15:59:17.1665365Z [command]/usr/bin/git version
deliver source	Post Checkout tested commit	2026-09-06T15:59:17.1711750Z git version 2.55.0
deliver source	Post Checkout tested commit	2026-09-06T15:59:17.1761009Z Temporarily overriding HOME='/home/runner/work/_temp/ecf4e1ea-6f5a-4587-8d67-b1fb90fa4965' before making global git config changes
deliver source	Post Checkout tested commit	2026-09-06T15:59:17.1766996Z Adding repository directory to the temporary git global config as a safe directory
deliver source	Post Checkout tested commit	2026-09-06T15:59:17.1776891Z [command]/usr/bin/git config --global --add safe.directory /home/runner/work/NEPL3/NEPL3
deliver source	Post Checkout tested commit	2026-09-06T15:59:17.1827510Z [command]/usr/bin/git config --local --name-only --get-regexp core\.sshCommand
deliver source	Post Checkout tested commit	2026-09-06T15:59:17.1878444Z [command]/usr/bin/git submodule foreach --recursive sh -c "git config --local --name-only --get-regexp 'core\.sshCommand' && git config --local --unset-all 'core.sshCommand' || :"
deliver source	Post Checkout tested commit	2026-09-06T15:59:17.2227275Z [command]/usr/bin/git config --local --name-only --get-regexp http\.https\:\/\/github\.com\/\.extraheader
deliver source	Post Checkout tested commit	2026-09-06T15:59:17.2274426Z [command]/usr/bin/git submodule foreach --recursive sh -c "git config --local --name-only --get-regexp 'http\.https\:\/\/github\.com\/\.extraheader' && git config --local --unset-all 'http.https://github.com/.extraheader' || :"
deliver source	Post Checkout tested commit	2026-09-06T15:59:17.2626414Z [command]/usr/bin/git config --local --name-only --get-regexp ^includeIf\.gitdir:
deliver source	Post Checkout tested commit	2026-09-06T15:59:17.2678825Z [command]/usr/bin/git submodule foreach --recursive git config --local --show-origin --name-only --get-regexp remote.origin.url
deliver source	Complete job	﻿2026-09-06T15:59:17.3176162Z Cleaning up orphan processes
deliver source	Complete job	2026-09-06T15:59:17.3544532Z ##[warning]Node.js 20 is deprecated. The following actions target Node.js 20 but are being forced to run on Node.js 24: actions/checkout@11d5960a326750d5838078e36cf38b85af677262, actions/upload-artifact@ea165f8d65b6e75b540449e92b4886f43607fa02. For more information see: https://github.blog/changelog/2025-09-19-deprecation-of-node-20-on-github-actions-runners/
