2026-09-08T11:24:49.0602975Z Current runner version: '2.337.0'
2026-09-08T11:24:49.0630546Z ##[group]Runner Image Provisioner
2026-09-08T11:24:49.0631349Z Hosted Compute Agent
2026-09-08T11:24:49.0631918Z Version: 20260819.586
2026-09-08T11:24:49.0632464Z Commit: 3cc4a88dfa507ef76119ad1bb3eccc6378bb2b76
2026-09-08T11:24:49.0633140Z Build Date: 2026-08-18T23:20:18Z
2026-09-08T11:24:49.0633785Z Worker ID: {4479c133-e583-4a0b-a12a-cc03decd5c6e}
2026-09-08T11:24:49.0634444Z Azure Region: westus3
2026-09-08T11:24:49.0635007Z ##[endgroup]
2026-09-08T11:24:49.0636327Z ##[group]Operating System
2026-09-08T11:24:49.0636935Z Microsoft Windows Server 2025
2026-09-08T11:24:49.0637478Z 10.0.26100
2026-09-08T11:24:49.0637998Z Datacenter
2026-09-08T11:24:49.0638580Z ##[endgroup]
2026-09-08T11:24:49.0639245Z ##[group]Runner Image
2026-09-08T11:24:49.0639992Z Image: windows-2025-vs2026
2026-09-08T11:24:49.0640583Z Version: 20260824.214.3
2026-09-08T11:24:49.0642134Z Included Software: https://github.com/actions/runner-images/blob/win25-vs2026/20260824.214/images/windows/Windows2025-VS2026-Readme.md
2026-09-08T11:24:49.0643712Z Image Release: https://github.com/actions/runner-images/releases/tag/win25-vs2026%2F20260824.214
2026-09-08T11:24:49.0644610Z ##[endgroup]
2026-09-08T11:24:49.0645658Z ##[group]GITHUB_TOKEN Permissions
2026-09-08T11:24:49.0647851Z Contents: read
2026-09-08T11:24:49.0648394Z Metadata: read
2026-09-08T11:24:49.0648908Z ##[endgroup]
2026-09-08T11:24:49.0650983Z Secret source: Actions
2026-09-08T11:24:49.0651970Z Prepare workflow directory
2026-09-08T11:24:49.1086485Z Prepare all required actions
2026-09-08T11:24:49.1134280Z Getting action download info
2026-09-08T11:24:49.4227045Z Download action repository 'actions/checkout@3d3c42e5aac5ba805825da76410c181273ba90b1' (SHA:3d3c42e5aac5ba805825da76410c181273ba90b1)
2026-09-08T11:24:49.5427678Z Download action repository 'actions/setup-python@5fda3b95a4ea91299a34e894583c3862153e4b97' (SHA:5fda3b95a4ea91299a34e894583c3862153e4b97)
2026-09-08T11:24:49.6800628Z Download action repository 'actions/upload-artifact@043fb46d1a93c77aae656e7c1c64a875d1fc6a0a' (SHA:043fb46d1a93c77aae656e7c1c64a875d1fc6a0a)
2026-09-08T11:24:49.9360475Z Complete job name: native (windows-latest)
2026-09-08T11:24:50.1297910Z ##[group]Run actions/checkout@3d3c42e5aac5ba805825da76410c181273ba90b1
2026-09-08T11:24:50.1299637Z with:
2026-09-08T11:24:50.1300258Z   fetch-depth: 0
2026-09-08T11:24:50.1300937Z   persist-credentials: false
2026-09-08T11:24:50.1301956Z   repository: neknaj/NEPL3
2026-09-08T11:24:50.1310876Z   token: ***
2026-09-08T11:24:50.1311585Z   ssh-strict: true
2026-09-08T11:24:50.1312215Z   ssh-user: git
2026-09-08T11:24:50.1312847Z   clean: true
2026-09-08T11:24:50.1313506Z   sparse-checkout-cone-mode: true
2026-09-08T11:24:50.1314476Z   fetch-tags: false
2026-09-08T11:24:50.1315148Z   show-progress: true
2026-09-08T11:24:50.1315818Z   lfs: false
2026-09-08T11:24:50.1316441Z   submodules: false
2026-09-08T11:24:50.1317110Z   set-safe-directory: true
2026-09-08T11:24:50.1317915Z   allow-unsafe-pr-checkout: false
2026-09-08T11:24:50.1319109Z env:
2026-09-08T11:24:50.1319708Z   CARGO_TERM_COLOR: always
2026-09-08T11:24:50.1320466Z   RUSTDOCFLAGS: -D warnings
2026-09-08T11:24:50.1321221Z ##[endgroup]
2026-09-08T11:24:50.2887758Z Syncing repository: neknaj/NEPL3
2026-09-08T11:24:50.2890416Z ##[group]Getting Git version info
2026-09-08T11:24:50.2891346Z Working directory is 'D:\a\NEPL3\NEPL3'
2026-09-08T11:24:50.3898670Z [command]"C:\Program Files\Git\bin\git.exe" version
2026-09-08T11:24:50.8307657Z git version 2.55.0.windows.5
2026-09-08T11:24:50.8353930Z ##[endgroup]
2026-09-08T11:24:50.8369453Z Temporarily overriding HOME='D:\a\_temp\103871fd-a2f6-4655-a343-da488e2b71d3' before making global git config changes
2026-09-08T11:24:50.8370356Z Adding repository directory to the temporary git global config as a safe directory
2026-09-08T11:24:50.8379847Z [command]"C:\Program Files\Git\bin\git.exe" config --global --add safe.directory D:\a\NEPL3\NEPL3
2026-09-08T11:24:50.9001546Z Deleting the contents of 'D:\a\NEPL3\NEPL3'
2026-09-08T11:24:50.9007695Z ##[group]Determining repository object format
2026-09-08T11:24:50.9009593Z ##[endgroup]
2026-09-08T11:24:50.9010746Z ##[group]Initializing the repository
2026-09-08T11:24:50.9017878Z [command]"C:\Program Files\Git\bin\git.exe" init D:\a\NEPL3\NEPL3
2026-09-08T11:24:50.9868323Z Initialized empty Git repository in D:/a/NEPL3/NEPL3/.git/
2026-09-08T11:24:50.9914822Z [command]"C:\Program Files\Git\bin\git.exe" remote add origin https://github.com/neknaj/NEPL3
2026-09-08T11:24:51.0546913Z ##[endgroup]
2026-09-08T11:24:51.0547713Z ##[group]Disabling automatic garbage collection
2026-09-08T11:24:51.0556218Z [command]"C:\Program Files\Git\bin\git.exe" config --local gc.auto 0
2026-09-08T11:24:51.0861292Z ##[endgroup]
2026-09-08T11:24:51.0862434Z ##[group]Setting up auth
2026-09-08T11:24:51.0863278Z Removing SSH command configuration
2026-09-08T11:24:51.0870083Z [command]"C:\Program Files\Git\bin\git.exe" config --local --name-only --get-regexp core\.sshCommand
2026-09-08T11:24:51.1202456Z [command]"C:\Program Files\Git\bin\git.exe" submodule foreach --recursive "sh -c \"git config --local --name-only --get-regexp 'core\.sshCommand' && git config --local --unset-all 'core.sshCommand' || :\""
2026-09-08T11:24:52.6117482Z Removing HTTP extra header
2026-09-08T11:24:52.6128441Z [command]"C:\Program Files\Git\bin\git.exe" config --local --name-only --get-regexp http\.https\:\/\/github\.com\/\.extraheader
2026-09-08T11:24:52.6443909Z [command]"C:\Program Files\Git\bin\git.exe" submodule foreach --recursive "sh -c \"git config --local --name-only --get-regexp 'http\.https\:\/\/github\.com\/\.extraheader' && git config --local --unset-all 'http.https://github.com/.extraheader' || :\""
2026-09-08T11:24:53.1811900Z Removing includeIf entries pointing to credentials config files
2026-09-08T11:24:53.1822062Z [command]"C:\Program Files\Git\bin\git.exe" config --local --name-only --get-regexp ^includeIf\.gitdir:
2026-09-08T11:24:53.2125022Z [command]"C:\Program Files\Git\bin\git.exe" submodule foreach --recursive "git config --local --show-origin --name-only --get-regexp remote.origin.url"
2026-09-08T11:24:53.7559188Z [command]"C:\Program Files\Git\bin\git.exe" config --file D:\a\_temp\git-credentials-b7a60dab-dee0-4d72-a2af-ad2c424b4d11.config http.https://github.com/.extraheader "AUTHORIZATION: basic ***"
2026-09-08T11:24:53.7860519Z [command]"C:\Program Files\Git\bin\git.exe" config --local includeIf.gitdir:D:/a/NEPL3/NEPL3/.git.path D:\a\_temp\git-credentials-b7a60dab-dee0-4d72-a2af-ad2c424b4d11.config
2026-09-08T11:24:53.8158089Z [command]"C:\Program Files\Git\bin\git.exe" config --local includeIf.gitdir:D:/a/NEPL3/NEPL3/.git/worktrees/*.path D:\a\_temp\git-credentials-b7a60dab-dee0-4d72-a2af-ad2c424b4d11.config
2026-09-08T11:24:53.8509947Z [command]"C:\Program Files\Git\bin\git.exe" config --local includeIf.gitdir:/github/workspace/.git.path /github/runner_temp/git-credentials-b7a60dab-dee0-4d72-a2af-ad2c424b4d11.config
2026-09-08T11:24:53.8821432Z [command]"C:\Program Files\Git\bin\git.exe" config --local includeIf.gitdir:/github/workspace/.git/worktrees/*.path /github/runner_temp/git-credentials-b7a60dab-dee0-4d72-a2af-ad2c424b4d11.config
2026-09-08T11:24:53.9136543Z ##[endgroup]
2026-09-08T11:24:53.9137084Z ##[group]Fetching the repository
2026-09-08T11:24:53.9149953Z [command]"C:\Program Files\Git\bin\git.exe" -c protocol.version=2 fetch --no-tags --prune --no-recurse-submodules origin +refs/heads/*:refs/remotes/origin/* +refs/tags/*:refs/tags/*
2026-09-08T11:24:55.9705926Z From https://github.com/neknaj/NEPL3
2026-09-08T11:24:55.9706721Z  * [new branch]      docs/authoring-delivery -> origin/docs/authoring-delivery
2026-09-08T11:24:55.9708126Z  * [new branch]      docs/authoring-foundation -> origin/docs/authoring-foundation
2026-09-08T11:24:55.9709522Z  * [new branch]      docs/authoring-guide-refresh -> origin/docs/authoring-guide-refresh
2026-09-08T11:24:55.9710449Z  * [new branch]      docs/authoring-languages -> origin/docs/authoring-languages
2026-09-08T11:24:55.9712064Z  * [new branch]      docs/authoring-reader-recovery -> origin/docs/authoring-reader-recovery
2026-09-08T11:24:55.9712620Z  * [new branch]      docs/security-current-stage -> origin/docs/security-current-stage
2026-09-08T11:24:55.9713201Z  * [new branch]      feat/baremetal-rp2040   -> origin/feat/baremetal-rp2040
2026-09-08T11:24:55.9713691Z  * [new branch]      feat/doc-local-html     -> origin/feat/doc-local-html
2026-09-08T11:24:55.9714192Z  * [new branch]      feat/external-extension-contracts -> origin/feat/external-extension-contracts
2026-09-08T11:24:55.9714724Z  * [new branch]      feat/native-tokenizer-host -> origin/feat/native-tokenizer-host
2026-09-08T11:24:55.9715200Z  * [new branch]      feat/reader-owned-failure -> origin/feat/reader-owned-failure
2026-09-08T11:24:55.9715636Z  * [new branch]      feat/snapshot-storage   -> origin/feat/snapshot-storage
2026-09-08T11:24:55.9716320Z  * [new branch]      feat/source-copy-accounting -> origin/feat/source-copy-accounting
2026-09-08T11:24:55.9716872Z  * [new branch]      feat/source-lookup-indexes -> origin/feat/source-lookup-indexes
2026-09-08T11:24:55.9717677Z  * [new branch]      feat/tokenizer-owned-failure -> origin/feat/tokenizer-owned-failure
2026-09-08T11:24:55.9719384Z  * [new branch]      feat/tokenizer-recovering-api -> origin/feat/tokenizer-recovering-api
2026-09-08T11:24:55.9720294Z  * [new branch]      main                    -> origin/main
2026-09-08T11:24:55.9721014Z  * [new branch]      perf/checked-form-index -> origin/perf/checked-form-index
2026-09-08T11:24:55.9721970Z  * [new branch]      perf/completed-tree-owned-validation -> origin/perf/completed-tree-owned-validation
2026-09-08T11:24:55.9723035Z  * [new branch]      perf/doc-page-preparation-reuse -> origin/perf/doc-page-preparation-reuse
2026-09-08T11:24:55.9723948Z  * [new branch]      perf/doc-source-uniqueness -> origin/perf/doc-source-uniqueness
2026-09-08T11:24:55.9724901Z  * [new branch]      perf/parse-source-merge-locality -> origin/perf/parse-source-merge-locality
2026-09-08T11:24:55.9725940Z  * [new branch]      perf/parser-form-selection -> origin/perf/parser-form-selection
2026-09-08T11:24:55.9728105Z  * [new branch]      perf/parser-owned-collector -> origin/perf/parser-owned-collector
2026-09-08T11:24:55.9729024Z  * [new branch]      perf/source-closure-index -> origin/perf/source-closure-index
2026-09-08T11:24:55.9729932Z  * [new branch]      perf/source-revision-locality -> origin/perf/source-revision-locality
2026-09-08T11:24:55.9730902Z  * [new branch]      perf/tree-head-source-locality -> origin/perf/tree-head-source-locality
2026-09-08T11:24:55.9731794Z  * [new branch]      perf/tree-selection-lookup -> origin/perf/tree-selection-lookup
2026-09-08T11:24:55.9732679Z  * [new branch]      perf/tree-selection-uniqueness -> origin/perf/tree-selection-uniqueness
2026-09-08T11:24:55.9778352Z [command]"C:\Program Files\Git\bin\git.exe" branch --list --remote origin/feat/external-extension-contracts
2026-09-08T11:24:56.0168082Z   origin/feat/external-extension-contracts
2026-09-08T11:24:56.0213249Z [command]"C:\Program Files\Git\bin\git.exe" rev-parse refs/remotes/origin/feat/external-extension-contracts
2026-09-08T11:24:56.0610785Z 75e73a79022e238ac7355c37588c37b910759398
2026-09-08T11:24:56.0645945Z ##[endgroup]
2026-09-08T11:24:56.0646298Z ##[group]Determining the checkout info
2026-09-08T11:24:56.0646903Z ##[endgroup]
2026-09-08T11:24:56.0655711Z [command]"C:\Program Files\Git\bin\git.exe" sparse-checkout disable
2026-09-08T11:24:56.1088193Z [command]"C:\Program Files\Git\bin\git.exe" config --local --unset-all extensions.worktreeConfig
2026-09-08T11:24:56.1380044Z ##[group]Checking out the ref
2026-09-08T11:24:56.1388657Z [command]"C:\Program Files\Git\bin\git.exe" checkout --progress --force -B feat/external-extension-contracts refs/remotes/origin/feat/external-extension-contracts
2026-09-08T11:24:57.1902663Z Updating files:  80% (4010/4972)
2026-09-08T11:24:57.2058491Z Updating files:  81% (4028/4972)
2026-09-08T11:24:57.2162929Z Updating files:  82% (4078/4972)
2026-09-08T11:24:57.2289882Z Updating files:  83% (4127/4972)
2026-09-08T11:24:57.2392572Z Updating files:  84% (4177/4972)
2026-09-08T11:24:57.2512042Z Updating files:  85% (4227/4972)
2026-09-08T11:24:57.2677340Z Updating files:  86% (4276/4972)
2026-09-08T11:24:57.2791743Z Updating files:  87% (4326/4972)
2026-09-08T11:24:57.2914501Z Updating files:  88% (4376/4972)
2026-09-08T11:24:57.3031920Z Updating files:  89% (4426/4972)
2026-09-08T11:24:57.3159848Z Updating files:  90% (4475/4972)
2026-09-08T11:24:57.3272606Z Updating files:  91% (4525/4972)
2026-09-08T11:24:57.3398414Z Updating files:  92% (4575/4972)
2026-09-08T11:24:57.3539556Z Updating files:  93% (4624/4972)
2026-09-08T11:24:57.3680810Z Updating files:  94% (4674/4972)
2026-09-08T11:24:57.3809230Z Updating files:  95% (4724/4972)
2026-09-08T11:24:57.3910746Z Updating files:  96% (4774/4972)
2026-09-08T11:24:57.4009492Z Updating files:  97% (4823/4972)
2026-09-08T11:24:57.4123615Z Updating files:  98% (4873/4972)
2026-09-08T11:24:57.4245875Z Updating files:  99% (4923/4972)
2026-09-08T11:24:57.4249364Z Updating files: 100% (4972/4972)
2026-09-08T11:24:57.4249789Z Updating files: 100% (4972/4972), done.
2026-09-08T11:24:57.4454461Z Switched to a new branch 'feat/external-extension-contracts'
2026-09-08T11:24:57.4519715Z branch 'feat/external-extension-contracts' set up to track 'origin/feat/external-extension-contracts'.
2026-09-08T11:24:57.4601187Z ##[endgroup]
2026-09-08T11:24:57.4985565Z [command]"C:\Program Files\Git\bin\git.exe" log -1 --format=%H
2026-09-08T11:24:57.5286017Z 75e73a79022e238ac7355c37588c37b910759398
2026-09-08T11:24:57.5330822Z ##[group]Removing auth
2026-09-08T11:24:57.5331091Z Removing SSH command configuration
2026-09-08T11:24:57.5343818Z [command]"C:\Program Files\Git\bin\git.exe" config --local --name-only --get-regexp core\.sshCommand
2026-09-08T11:24:57.5648217Z [command]"C:\Program Files\Git\bin\git.exe" submodule foreach --recursive "sh -c \"git config --local --name-only --get-regexp 'core\.sshCommand' && git config --local --unset-all 'core.sshCommand' || :\""
2026-09-08T11:24:58.1660675Z Removing HTTP extra header
2026-09-08T11:24:58.1668660Z [command]"C:\Program Files\Git\bin\git.exe" config --local --name-only --get-regexp http\.https\:\/\/github\.com\/\.extraheader
2026-09-08T11:24:58.1976400Z [command]"C:\Program Files\Git\bin\git.exe" submodule foreach --recursive "sh -c \"git config --local --name-only --get-regexp 'http\.https\:\/\/github\.com\/\.extraheader' && git config --local --unset-all 'http.https://github.com/.extraheader' || :\""
2026-09-08T11:24:58.7712168Z Removing includeIf entries pointing to credentials config files
2026-09-08T11:24:58.7720702Z [command]"C:\Program Files\Git\bin\git.exe" config --local --name-only --get-regexp ^includeIf\.gitdir:
2026-09-08T11:24:58.7981626Z includeif.gitdir:D:/a/NEPL3/NEPL3/.git.path
2026-09-08T11:24:58.7982226Z includeif.gitdir:D:/a/NEPL3/NEPL3/.git/worktrees/*.path
2026-09-08T11:24:58.7982738Z includeif.gitdir:/github/workspace/.git.path
2026-09-08T11:24:58.7983270Z includeif.gitdir:/github/workspace/.git/worktrees/*.path
2026-09-08T11:24:58.8026241Z [command]"C:\Program Files\Git\bin\git.exe" config --local --get-all includeif.gitdir:D:/a/NEPL3/NEPL3/.git.path
2026-09-08T11:24:58.8283049Z D:\a\_temp\git-credentials-b7a60dab-dee0-4d72-a2af-ad2c424b4d11.config
2026-09-08T11:24:58.8330483Z [command]"C:\Program Files\Git\bin\git.exe" config --local --unset includeif.gitdir:D:/a/NEPL3/NEPL3/.git.path D\:\\a\\_temp\\git\-credentials\-b7a60dab\-dee0\-4d72\-a2af\-ad2c424b4d11\.config
2026-09-08T11:24:58.8645535Z [command]"C:\Program Files\Git\bin\git.exe" config --local --get-all includeif.gitdir:D:/a/NEPL3/NEPL3/.git/worktrees/*.path
2026-09-08T11:24:58.8915836Z D:\a\_temp\git-credentials-b7a60dab-dee0-4d72-a2af-ad2c424b4d11.config
2026-09-08T11:24:58.8967505Z [command]"C:\Program Files\Git\bin\git.exe" config --local --unset includeif.gitdir:D:/a/NEPL3/NEPL3/.git/worktrees/*.path D\:\\a\\_temp\\git\-credentials\-b7a60dab\-dee0\-4d72\-a2af\-ad2c424b4d11\.config
2026-09-08T11:24:58.9264735Z [command]"C:\Program Files\Git\bin\git.exe" config --local --get-all includeif.gitdir:/github/workspace/.git.path
2026-09-08T11:24:58.9512245Z /github/runner_temp/git-credentials-b7a60dab-dee0-4d72-a2af-ad2c424b4d11.config
2026-09-08T11:24:58.9552687Z [command]"C:\Program Files\Git\bin\git.exe" config --local --unset includeif.gitdir:/github/workspace/.git.path \/github\/runner_temp\/git\-credentials\-b7a60dab\-dee0\-4d72\-a2af\-ad2c424b4d11\.config
2026-09-08T11:24:58.9855283Z [command]"C:\Program Files\Git\bin\git.exe" config --local --get-all includeif.gitdir:/github/workspace/.git/worktrees/*.path
2026-09-08T11:24:59.0105909Z /github/runner_temp/git-credentials-b7a60dab-dee0-4d72-a2af-ad2c424b4d11.config
2026-09-08T11:24:59.0148889Z [command]"C:\Program Files\Git\bin\git.exe" config --local --unset includeif.gitdir:/github/workspace/.git/worktrees/*.path \/github\/runner_temp\/git\-credentials\-b7a60dab\-dee0\-4d72\-a2af\-ad2c424b4d11\.config
2026-09-08T11:24:59.0451102Z [command]"C:\Program Files\Git\bin\git.exe" submodule foreach --recursive "git config --local --show-origin --name-only --get-regexp remote.origin.url"
2026-09-08T11:24:59.5906772Z Removing credentials config 'D:\a\_temp\git-credentials-b7a60dab-dee0-4d72-a2af-ad2c424b4d11.config'
2026-09-08T11:24:59.5918190Z ##[endgroup]
2026-09-08T11:24:59.6296149Z ##[group]Run rustup show active-toolchain
2026-09-08T11:24:59.6296615Z [36;1mrustup show active-toolchain[0m
2026-09-08T11:24:59.6296926Z [36;1mrustup component add rustfmt clippy[0m
2026-09-08T11:24:59.6297220Z [36;1mrustc --version --verbose[0m
2026-09-08T11:24:59.6297499Z [36;1mcargo --version[0m
2026-09-08T11:24:59.6318793Z shell: C:\Program Files\Git\bin\bash.EXE --noprofile --norc -e -o pipefail {0}
2026-09-08T11:24:59.6319188Z env:
2026-09-08T11:24:59.6319495Z   CARGO_TERM_COLOR: always
2026-09-08T11:24:59.6319827Z   RUSTDOCFLAGS: -D warnings
2026-09-08T11:24:59.6320047Z ##[endgroup]
2026-09-08T11:25:00.5582219Z info: syncing channel updates for 1.97.0-x86_64-pc-windows-msvc
2026-09-08T11:25:01.1731600Z info: latest update on 2026-07-09 for version 1.97.0 (2d8144b78 2026-07-07)
2026-09-08T11:25:01.1836980Z info: downloading 5 components
2026-09-08T11:25:13.1504997Z 1.97.0-x86_64-pc-windows-msvc (overridden by 'D:\a\NEPL3\NEPL3\rust-toolchain.toml')
2026-09-08T11:25:13.2754411Z info: component rustfmt is up to date
2026-09-08T11:25:13.3482570Z info: component clippy is up to date
2026-09-08T11:25:15.9494863Z rustc 1.97.0 (2d8144b78 2026-07-07)
2026-09-08T11:25:15.9495663Z binary: rustc
2026-09-08T11:25:15.9496478Z commit-hash: 2d8144b7880597b6e6d3dfd63a9a9efae3f533d3
2026-09-08T11:25:15.9496964Z commit-date: 2026-07-07
2026-09-08T11:25:15.9497314Z host: x86_64-pc-windows-msvc
2026-09-08T11:25:15.9497646Z release: 1.97.0
2026-09-08T11:25:15.9499773Z LLVM version: 22.1.6
2026-09-08T11:25:17.5163082Z cargo 1.97.0 (c980f4866 2026-06-30)
2026-09-08T11:25:17.5534556Z ##[group]Run actions/setup-python@5fda3b95a4ea91299a34e894583c3862153e4b97
2026-09-08T11:25:17.5535012Z with:
2026-09-08T11:25:17.5535196Z   python-version: 3.13
2026-09-08T11:25:17.5535395Z   check-latest: false
2026-09-08T11:25:17.5537816Z   token: ***
2026-09-08T11:25:17.5538004Z   update-environment: true
2026-09-08T11:25:17.5538220Z   allow-prereleases: false
2026-09-08T11:25:17.5538429Z   freethreaded: false
2026-09-08T11:25:17.5538610Z env:
2026-09-08T11:25:17.5538777Z   CARGO_TERM_COLOR: always
2026-09-08T11:25:17.5538982Z   RUSTDOCFLAGS: -D warnings
2026-09-08T11:25:17.5539188Z ##[endgroup]
2026-09-08T11:25:17.7290412Z ##[group]Installed versions
2026-09-08T11:25:17.7991042Z Successfully set up CPython (3.13.15)
2026-09-08T11:25:17.7991634Z ##[endgroup]
2026-09-08T11:25:17.8446499Z ##[group]Run python tools/audit/structure.py
2026-09-08T11:25:17.8447281Z [36;1mpython tools/audit/structure.py[0m
2026-09-08T11:25:17.9153015Z shell: C:\Program Files\Git\bin\bash.EXE --noprofile --norc -e -o pipefail {0}
2026-09-08T11:25:17.9153396Z env:
2026-09-08T11:25:17.9153583Z   CARGO_TERM_COLOR: always
2026-09-08T11:25:17.9153799Z   RUSTDOCFLAGS: -D warnings
2026-09-08T11:25:17.9154096Z   pythonLocation: C:\hostedtoolcache\windows\Python\3.13.15\x64
2026-09-08T11:25:17.9154563Z   PKG_CONFIG_PATH: C:\hostedtoolcache\windows\Python\3.13.15\x64/lib/pkgconfig
2026-09-08T11:25:17.9154993Z   Python_ROOT_DIR: C:\hostedtoolcache\windows\Python\3.13.15\x64
2026-09-08T11:25:17.9155368Z   Python2_ROOT_DIR: C:\hostedtoolcache\windows\Python\3.13.15\x64
2026-09-08T11:25:17.9155740Z   Python3_ROOT_DIR: C:\hostedtoolcache\windows\Python\3.13.15\x64
2026-09-08T11:25:17.9156049Z ##[endgroup]
2026-09-08T11:25:21.8064706Z {
2026-09-08T11:25:21.8065440Z   "scope": "design-source structure only; not runtime conformance",
2026-09-08T11:25:21.8066045Z   "sources": [
2026-09-08T11:25:21.8066332Z     {
2026-09-08T11:25:21.8066678Z       "path": "languages/grammar/syntax.neplg",
2026-09-08T11:25:21.8067160Z       "form_signatures": 69
2026-09-08T11:25:21.8067506Z     },
2026-09-08T11:25:21.8067754Z     {
2026-09-08T11:25:21.8068056Z       "path": "languages/doc/syntax.neplg",
2026-09-08T11:25:21.8068530Z       "form_signatures": 64
2026-09-08T11:25:21.8068890Z     },
2026-09-08T11:25:21.8069159Z     {
2026-09-08T11:25:21.8069492Z       "path": "languages/math/syntax.neplg",
2026-09-08T11:25:21.8069980Z       "form_signatures": 29
2026-09-08T11:25:21.8070355Z     },
2026-09-08T11:25:21.8070628Z     {
2026-09-08T11:25:21.8070981Z       "path": "languages/circuit/syntax.neplg",
2026-09-08T11:25:21.8071465Z       "form_signatures": 26
2026-09-08T11:25:21.8071833Z     },
2026-09-08T11:25:21.8072112Z     {
2026-09-08T11:25:21.8072489Z       "path": "examples/circuit/half-adder.neplc"
2026-09-08T11:25:21.8072828Z     },
2026-09-08T11:25:21.8073008Z     {
2026-09-08T11:25:21.8073232Z       "path": "examples/circuit/instances.neplc"
2026-09-08T11:25:21.8073542Z     },
2026-09-08T11:25:21.8073718Z     {
2026-09-08T11:25:21.8073945Z       "path": "examples/circuit/simultaneous.neplc"
2026-09-08T11:25:21.8074253Z     },
2026-09-08T11:25:21.8074423Z     {
2026-09-08T11:25:21.8074655Z       "path": "examples/circuit/state-feedback.neplc"
2026-09-08T11:25:21.8074963Z     },
2026-09-08T11:25:21.8075143Z     {
2026-09-08T11:25:21.8075357Z       "path": "examples/circuit/toggle.neplc"
2026-09-08T11:25:21.8075635Z     },
2026-09-08T11:25:21.8075808Z     {
2026-09-08T11:25:21.8076032Z       "path": "examples/document/integration.nepld"
2026-09-08T11:25:21.8076331Z     },
2026-09-08T11:25:21.8076504Z     {
2026-09-08T11:25:21.8076723Z       "path": "examples/document/line-break.nepld"
2026-09-08T11:25:21.8077027Z     },
2026-09-08T11:25:21.8077208Z     {
2026-09-08T11:25:21.8077465Z       "path": "examples/document/linear-combination.nepld"
2026-09-08T11:25:21.8077804Z     },
2026-09-08T11:25:21.8077979Z     {
2026-09-08T11:25:21.8078209Z       "path": "examples/document/parallel.nepld"
2026-09-08T11:25:21.8078501Z     },
2026-09-08T11:25:21.8078674Z     {
2026-09-08T11:25:21.8078902Z       "path": "examples/document/prefix.nepld"
2026-09-08T11:25:21.8079192Z     },
2026-09-08T11:25:21.8079371Z     {
2026-09-08T11:25:21.8079601Z       "path": "examples/document/references.nepld"
2026-09-08T11:25:21.8079896Z     },
2026-09-08T11:25:21.8080071Z     {
2026-09-08T11:25:21.8080295Z       "path": "examples/document/sentence.nepld"
2026-09-08T11:25:21.8080599Z     },
2026-09-08T11:25:21.8080773Z     {
2026-09-08T11:25:21.8080993Z       "path": "examples/grammar/angle-tag.neplg"
2026-09-08T11:25:21.8081280Z     },
2026-09-08T11:25:21.8081452Z     {
2026-09-08T11:25:21.8081672Z       "path": "examples/grammar/binding.neplg"
2026-09-08T11:25:21.8082044Z     },
2026-09-08T11:25:21.8085024Z     {
2026-09-08T11:25:21.8085388Z       "path": "examples/grammar/provider.neplg"
2026-09-08T11:25:21.8085687Z     },
2026-09-08T11:25:21.8086092Z     {
2026-09-08T11:25:21.8086376Z       "path": "examples/math/binding.neplm"
2026-09-08T11:25:21.8086677Z     },
2026-09-08T11:25:21.8086848Z     {
2026-09-08T11:25:21.8087056Z       "path": "examples/math/decimal.neplm"
2026-09-08T11:25:21.8087326Z     },
2026-09-08T11:25:21.8087495Z     {
2026-09-08T11:25:21.8087730Z       "path": "examples/math/doc-label.neplm"
2026-09-08T11:25:21.8088046Z     },
2026-09-08T11:25:21.8088229Z     {
2026-09-08T11:25:21.8088443Z       "path": "examples/math/matrix.neplm"
2026-09-08T11:25:21.8088929Z     },
2026-09-08T11:25:21.8089124Z     {
2026-09-08T11:25:21.8089358Z       "path": "examples/math/notation.neplm"
2026-09-08T11:25:21.8089662Z     },
2026-09-08T11:25:21.8089841Z     {
2026-09-08T11:25:21.8090069Z       "path": "examples/math/rational.neplm"
2026-09-08T11:25:21.8090375Z     },
2026-09-08T11:25:21.8090561Z     {
2026-09-08T11:25:21.8090779Z       "path": "examples/math/sum.neplm"
2026-09-08T11:25:21.8091075Z     }
2026-09-08T11:25:21.8091254Z   ]
2026-09-08T11:25:21.8091430Z }
2026-09-08T11:25:21.8367221Z ##[group]Run python -m unittest discover -s tools/audit -p test.py
2026-09-08T11:25:21.8367771Z [36;1mpython -m unittest discover -s tools/audit -p test.py[0m
2026-09-08T11:25:21.8381851Z shell: C:\Program Files\Git\bin\bash.EXE --noprofile --norc -e -o pipefail {0}
2026-09-08T11:25:21.8382232Z env:
2026-09-08T11:25:21.8382434Z   CARGO_TERM_COLOR: always
2026-09-08T11:25:21.8382669Z   RUSTDOCFLAGS: -D warnings
2026-09-08T11:25:21.8382983Z   pythonLocation: C:\hostedtoolcache\windows\Python\3.13.15\x64
2026-09-08T11:25:21.8383444Z   PKG_CONFIG_PATH: C:\hostedtoolcache\windows\Python\3.13.15\x64/lib/pkgconfig
2026-09-08T11:25:21.8383879Z   Python_ROOT_DIR: C:\hostedtoolcache\windows\Python\3.13.15\x64
2026-09-08T11:25:21.8384266Z   Python2_ROOT_DIR: C:\hostedtoolcache\windows\Python\3.13.15\x64
2026-09-08T11:25:21.8384660Z   Python3_ROOT_DIR: C:\hostedtoolcache\windows\Python\3.13.15\x64
2026-09-08T11:25:21.8384965Z ##[endgroup]
2026-09-08T11:25:22.3045374Z ......
2026-09-08T11:25:22.3046608Z ----------------------------------------------------------------------
2026-09-08T11:25:22.3289465Z Ran 6 tests in 0.002s
2026-09-08T11:25:22.3289739Z 
2026-09-08T11:25:22.3289857Z OK
2026-09-08T11:25:22.3620500Z ##[group]Run python tools/generate/grammar.py
2026-09-08T11:25:22.3620952Z [36;1mpython tools/generate/grammar.py[0m
2026-09-08T11:25:22.3634663Z shell: C:\Program Files\Git\bin\bash.EXE --noprofile --norc -e -o pipefail {0}
2026-09-08T11:25:22.3635037Z env:
2026-09-08T11:25:22.3635213Z   CARGO_TERM_COLOR: always
2026-09-08T11:25:22.3635432Z   RUSTDOCFLAGS: -D warnings
2026-09-08T11:25:22.3635738Z   pythonLocation: C:\hostedtoolcache\windows\Python\3.13.15\x64
2026-09-08T11:25:22.3636165Z   PKG_CONFIG_PATH: C:\hostedtoolcache\windows\Python\3.13.15\x64/lib/pkgconfig
2026-09-08T11:25:22.3636751Z   Python_ROOT_DIR: C:\hostedtoolcache\windows\Python\3.13.15\x64
2026-09-08T11:25:22.3637182Z   Python2_ROOT_DIR: C:\hostedtoolcache\windows\Python\3.13.15\x64
2026-09-08T11:25:22.3637571Z   Python3_ROOT_DIR: C:\hostedtoolcache\windows\Python\3.13.15\x64
2026-09-08T11:25:22.3637871Z ##[endgroup]
2026-09-08T11:25:22.5041650Z ##[group]Run python tools/generate/doc.py
2026-09-08T11:25:22.5042081Z [36;1mpython tools/generate/doc.py[0m
2026-09-08T11:25:22.5061419Z shell: C:\Program Files\Git\bin\bash.EXE --noprofile --norc -e -o pipefail {0}
2026-09-08T11:25:22.5061982Z env:
2026-09-08T11:25:22.5062247Z   CARGO_TERM_COLOR: always
2026-09-08T11:25:22.5062574Z   RUSTDOCFLAGS: -D warnings
2026-09-08T11:25:22.5063035Z   pythonLocation: C:\hostedtoolcache\windows\Python\3.13.15\x64
2026-09-08T11:25:22.5063704Z   PKG_CONFIG_PATH: C:\hostedtoolcache\windows\Python\3.13.15\x64/lib/pkgconfig
2026-09-08T11:25:22.5064349Z   Python_ROOT_DIR: C:\hostedtoolcache\windows\Python\3.13.15\x64
2026-09-08T11:25:22.5064983Z   Python2_ROOT_DIR: C:\hostedtoolcache\windows\Python\3.13.15\x64
2026-09-08T11:25:22.5065601Z   Python3_ROOT_DIR: C:\hostedtoolcache\windows\Python\3.13.15\x64
2026-09-08T11:25:22.5066672Z ##[endgroup]
2026-09-08T11:25:22.6655052Z ##[group]Run python tools/generate/signatures.py
2026-09-08T11:25:22.6655501Z [36;1mpython tools/generate/signatures.py[0m
2026-09-08T11:25:22.6655832Z [36;1mpython -m unittest tools.generate.test_signatures[0m
2026-09-08T11:25:22.6670042Z shell: C:\Program Files\Git\bin\bash.EXE --noprofile --norc -e -o pipefail {0}
2026-09-08T11:25:22.6670402Z env:
2026-09-08T11:25:22.6670587Z   CARGO_TERM_COLOR: always
2026-09-08T11:25:22.6670799Z   RUSTDOCFLAGS: -D warnings
2026-09-08T11:25:22.6671088Z   pythonLocation: C:\hostedtoolcache\windows\Python\3.13.15\x64
2026-09-08T11:25:22.6671506Z   PKG_CONFIG_PATH: C:\hostedtoolcache\windows\Python\3.13.15\x64/lib/pkgconfig
2026-09-08T11:25:22.6671927Z   Python_ROOT_DIR: C:\hostedtoolcache\windows\Python\3.13.15\x64
2026-09-08T11:25:22.6672302Z   Python2_ROOT_DIR: C:\hostedtoolcache\windows\Python\3.13.15\x64
2026-09-08T11:25:22.6672668Z   Python3_ROOT_DIR: C:\hostedtoolcache\windows\Python\3.13.15\x64
2026-09-08T11:25:22.6673036Z ##[endgroup]
2026-09-08T11:25:22.8985777Z ....
2026-09-08T11:25:22.8986314Z ----------------------------------------------------------------------
2026-09-08T11:25:22.8986861Z Ran 4 tests in 0.026s
2026-09-08T11:25:22.8987135Z 
2026-09-08T11:25:22.8987204Z OK
2026-09-08T11:25:22.9349727Z ##[group]Run python tools/generate/math.py
2026-09-08T11:25:22.9350173Z [36;1mpython tools/generate/math.py[0m
2026-09-08T11:25:22.9364084Z shell: C:\Program Files\Git\bin\bash.EXE --noprofile --norc -e -o pipefail {0}
2026-09-08T11:25:22.9364451Z env:
2026-09-08T11:25:22.9364631Z   CARGO_TERM_COLOR: always
2026-09-08T11:25:22.9364848Z   RUSTDOCFLAGS: -D warnings
2026-09-08T11:25:22.9365149Z   pythonLocation: C:\hostedtoolcache\windows\Python\3.13.15\x64
2026-09-08T11:25:22.9365575Z   PKG_CONFIG_PATH: C:\hostedtoolcache\windows\Python\3.13.15\x64/lib/pkgconfig
2026-09-08T11:25:22.9365986Z   Python_ROOT_DIR: C:\hostedtoolcache\windows\Python\3.13.15\x64
2026-09-08T11:25:22.9366377Z   Python2_ROOT_DIR: C:\hostedtoolcache\windows\Python\3.13.15\x64
2026-09-08T11:25:22.9366745Z   Python3_ROOT_DIR: C:\hostedtoolcache\windows\Python\3.13.15\x64
2026-09-08T11:25:22.9367044Z ##[endgroup]
2026-09-08T11:25:23.0558566Z ##[group]Run python tools/generate/markup.py
2026-09-08T11:25:23.0558991Z [36;1mpython tools/generate/markup.py[0m
2026-09-08T11:25:23.0573448Z shell: C:\Program Files\Git\bin\bash.EXE --noprofile --norc -e -o pipefail {0}
2026-09-08T11:25:23.0573819Z env:
2026-09-08T11:25:23.0574008Z   CARGO_TERM_COLOR: always
2026-09-08T11:25:23.0574228Z   RUSTDOCFLAGS: -D warnings
2026-09-08T11:25:23.0574529Z   pythonLocation: C:\hostedtoolcache\windows\Python\3.13.15\x64
2026-09-08T11:25:23.0574954Z   PKG_CONFIG_PATH: C:\hostedtoolcache\windows\Python\3.13.15\x64/lib/pkgconfig
2026-09-08T11:25:23.0575375Z   Python_ROOT_DIR: C:\hostedtoolcache\windows\Python\3.13.15\x64
2026-09-08T11:25:23.0575754Z   Python2_ROOT_DIR: C:\hostedtoolcache\windows\Python\3.13.15\x64
2026-09-08T11:25:23.0576135Z   Python3_ROOT_DIR: C:\hostedtoolcache\windows\Python\3.13.15\x64
2026-09-08T11:25:23.0576433Z ##[endgroup]
2026-09-08T11:25:23.1840525Z ##[group]Run python tools/generate/doc_html.py
2026-09-08T11:25:23.1840965Z [36;1mpython tools/generate/doc_html.py[0m
2026-09-08T11:25:23.1854311Z shell: C:\Program Files\Git\bin\bash.EXE --noprofile --norc -e -o pipefail {0}
2026-09-08T11:25:23.1854948Z env:
2026-09-08T11:25:23.1855133Z   CARGO_TERM_COLOR: always
2026-09-08T11:25:23.1855354Z   RUSTDOCFLAGS: -D warnings
2026-09-08T11:25:23.1855649Z   pythonLocation: C:\hostedtoolcache\windows\Python\3.13.15\x64
2026-09-08T11:25:23.1856070Z   PKG_CONFIG_PATH: C:\hostedtoolcache\windows\Python\3.13.15\x64/lib/pkgconfig
2026-09-08T11:25:23.1856481Z   Python_ROOT_DIR: C:\hostedtoolcache\windows\Python\3.13.15\x64
2026-09-08T11:25:23.1857062Z   Python2_ROOT_DIR: C:\hostedtoolcache\windows\Python\3.13.15\x64
2026-09-08T11:25:23.1857439Z   Python3_ROOT_DIR: C:\hostedtoolcache\windows\Python\3.13.15\x64
2026-09-08T11:25:23.1857937Z ##[endgroup]
2026-09-08T11:25:23.3060092Z ##[group]Run python -m unittest discover -s tools/audit/doc_html -p 'test_*.py'
2026-09-08T11:25:23.3061164Z [36;1mpython -m unittest discover -s tools/audit/doc_html -p 'test_*.py'[0m
2026-09-08T11:25:23.3084377Z shell: C:\Program Files\Git\bin\bash.EXE --noprofile --norc -e -o pipefail {0}
2026-09-08T11:25:23.3085031Z env:
2026-09-08T11:25:23.3085345Z   CARGO_TERM_COLOR: always
2026-09-08T11:25:23.3085757Z   RUSTDOCFLAGS: -D warnings
2026-09-08T11:25:23.3086319Z   pythonLocation: C:\hostedtoolcache\windows\Python\3.13.15\x64
2026-09-08T11:25:23.3087090Z   PKG_CONFIG_PATH: C:\hostedtoolcache\windows\Python\3.13.15\x64/lib/pkgconfig
2026-09-08T11:25:23.3087890Z   Python_ROOT_DIR: C:\hostedtoolcache\windows\Python\3.13.15\x64
2026-09-08T11:25:23.3088554Z   Python2_ROOT_DIR: C:\hostedtoolcache\windows\Python\3.13.15\x64
2026-09-08T11:25:23.3089234Z   Python3_ROOT_DIR: C:\hostedtoolcache\windows\Python\3.13.15\x64
2026-09-08T11:25:23.3089779Z ##[endgroup]
2026-09-08T11:25:23.9476425Z ..
2026-09-08T11:25:23.9476901Z ----------------------------------------------------------------------
2026-09-08T11:25:23.9477350Z Ran 2 tests in 0.004s
2026-09-08T11:25:23.9477483Z 
2026-09-08T11:25:23.9477552Z OK
2026-09-08T11:25:24.0205749Z ##[group]Run python tools/migration/contract.py
2026-09-08T11:25:24.0206238Z [36;1mpython tools/migration/contract.py[0m
2026-09-08T11:25:24.0206620Z [36;1mpython -m unittest discover -s tools/migration -p test_contract.py[0m
2026-09-08T11:25:24.0220960Z shell: C:\Program Files\Git\bin\bash.EXE --noprofile --norc -e -o pipefail {0}
2026-09-08T11:25:24.0221317Z env:
2026-09-08T11:25:24.0221498Z   CARGO_TERM_COLOR: always
2026-09-08T11:25:24.0221712Z   RUSTDOCFLAGS: -D warnings
2026-09-08T11:25:24.0222013Z   pythonLocation: C:\hostedtoolcache\windows\Python\3.13.15\x64
2026-09-08T11:25:24.0222844Z   PKG_CONFIG_PATH: C:\hostedtoolcache\windows\Python\3.13.15\x64/lib/pkgconfig
2026-09-08T11:25:24.0223289Z   Python_ROOT_DIR: C:\hostedtoolcache\windows\Python\3.13.15\x64
2026-09-08T11:25:24.0223675Z   Python2_ROOT_DIR: C:\hostedtoolcache\windows\Python\3.13.15\x64
2026-09-08T11:25:24.0224045Z   Python3_ROOT_DIR: C:\hostedtoolcache\windows\Python\3.13.15\x64
2026-09-08T11:25:24.0224377Z ##[endgroup]
2026-09-08T11:25:24.2656385Z ...
2026-09-08T11:25:24.2657442Z ----------------------------------------------------------------------
2026-09-08T11:25:24.2658535Z Ran 3 tests in 0.013s
2026-09-08T11:25:24.2659035Z 
2026-09-08T11:25:24.2659357Z OK
2026-09-08T11:25:24.3043680Z ##[group]Run python -m unittest discover -s tools/bootstrap -p test_grammar.py
2026-09-08T11:25:24.3044319Z [36;1mpython -m unittest discover -s tools/bootstrap -p test_grammar.py[0m
2026-09-08T11:25:24.3060913Z shell: C:\Program Files\Git\bin\bash.EXE --noprofile --norc -e -o pipefail {0}
2026-09-08T11:25:24.3061291Z env:
2026-09-08T11:25:24.3061475Z   CARGO_TERM_COLOR: always
2026-09-08T11:25:24.3061727Z   RUSTDOCFLAGS: -D warnings
2026-09-08T11:25:24.3062032Z   pythonLocation: C:\hostedtoolcache\windows\Python\3.13.15\x64
2026-09-08T11:25:24.3062458Z   PKG_CONFIG_PATH: C:\hostedtoolcache\windows\Python\3.13.15\x64/lib/pkgconfig
2026-09-08T11:25:24.3062881Z   Python_ROOT_DIR: C:\hostedtoolcache\windows\Python\3.13.15\x64
2026-09-08T11:25:24.3063263Z   Python2_ROOT_DIR: C:\hostedtoolcache\windows\Python\3.13.15\x64
2026-09-08T11:25:24.3063637Z   Python3_ROOT_DIR: C:\hostedtoolcache\windows\Python\3.13.15\x64
2026-09-08T11:25:24.3063943Z ##[endgroup]
2026-09-08T11:25:24.4717177Z ...
2026-09-08T11:25:24.4719256Z ----------------------------------------------------------------------
2026-09-08T11:25:24.4719930Z Ran 3 tests in 0.019s
2026-09-08T11:25:24.4720154Z 
2026-09-08T11:25:24.4720321Z OK
2026-09-08T11:25:24.5068757Z ##[group]Run cargo fmt --all -- --check
2026-09-08T11:25:24.5069149Z [36;1mcargo fmt --all -- --check[0m
2026-09-08T11:25:24.5082945Z shell: C:\Program Files\Git\bin\bash.EXE --noprofile --norc -e -o pipefail {0}
2026-09-08T11:25:24.5084005Z env:
2026-09-08T11:25:24.5084188Z   CARGO_TERM_COLOR: always
2026-09-08T11:25:24.5084405Z   RUSTDOCFLAGS: -D warnings
2026-09-08T11:25:24.5084699Z   pythonLocation: C:\hostedtoolcache\windows\Python\3.13.15\x64
2026-09-08T11:25:24.5085120Z   PKG_CONFIG_PATH: C:\hostedtoolcache\windows\Python\3.13.15\x64/lib/pkgconfig
2026-09-08T11:25:24.5085534Z   Python_ROOT_DIR: C:\hostedtoolcache\windows\Python\3.13.15\x64
2026-09-08T11:25:24.5086369Z   Python2_ROOT_DIR: C:\hostedtoolcache\windows\Python\3.13.15\x64
2026-09-08T11:25:24.5086761Z   Python3_ROOT_DIR: C:\hostedtoolcache\windows\Python\3.13.15\x64
2026-09-08T11:25:24.5087056Z ##[endgroup]
2026-09-08T11:25:27.0640031Z ##[group]Run cargo clippy --workspace --all-targets --locked -- -D warnings
2026-09-08T11:25:27.0640665Z [36;1mcargo clippy --workspace --all-targets --locked -- -D warnings[0m
2026-09-08T11:25:27.0654654Z shell: C:\Program Files\Git\bin\bash.EXE --noprofile --norc -e -o pipefail {0}
2026-09-08T11:25:27.0655034Z env:
2026-09-08T11:25:27.0655222Z   CARGO_TERM_COLOR: always
2026-09-08T11:25:27.0655448Z   RUSTDOCFLAGS: -D warnings
2026-09-08T11:25:27.0655742Z   pythonLocation: C:\hostedtoolcache\windows\Python\3.13.15\x64
2026-09-08T11:25:27.0656184Z   PKG_CONFIG_PATH: C:\hostedtoolcache\windows\Python\3.13.15\x64/lib/pkgconfig
2026-09-08T11:25:27.0656601Z   Python_ROOT_DIR: C:\hostedtoolcache\windows\Python\3.13.15\x64
2026-09-08T11:25:27.0656994Z   Python2_ROOT_DIR: C:\hostedtoolcache\windows\Python\3.13.15\x64
2026-09-08T11:25:27.0657371Z   Python3_ROOT_DIR: C:\hostedtoolcache\windows\Python\3.13.15\x64
2026-09-08T11:25:27.0657668Z ##[endgroup]
2026-09-08T11:25:27.8740435Z [1m[92m    Updating[0m crates.io index
2026-09-08T11:25:28.1053346Z [1m[92m Downloading[0m crates ...
2026-09-08T11:25:28.2035815Z [1m[92m  Downloaded[0m cfg-if v1.0.4
2026-09-08T11:25:28.2169452Z [1m[92m  Downloaded[0m autocfg v1.5.1
2026-09-08T11:25:28.2351139Z [1m[92m  Downloaded[0m block-buffer v0.12.1
2026-09-08T11:25:28.2477730Z [1m[92m  Downloaded[0m crypto-common v0.2.2
2026-09-08T11:25:28.2567769Z [1m[92m  Downloaded[0m itoa v1.0.18
2026-09-08T11:25:28.2735793Z [1m[92m  Downloaded[0m proc-macro2 v1.0.107
2026-09-08T11:25:28.3012069Z [1m[92m  Downloaded[0m cpufeatures v0.3.1
2026-09-08T11:25:28.3166104Z [1m[92m  Downloaded[0m unicase v2.9.0
2026-09-08T11:25:28.3271519Z [1m[92m  Downloaded[0m num-integer v0.1.47
2026-09-08T11:25:28.3403044Z [1m[92m  Downloaded[0m zmij v1.0.23
2026-09-08T11:25:28.3563280Z [1m[92m  Downloaded[0m hybrid-array v0.4.14
2026-09-08T11:25:28.3739388Z [1m[92m  Downloaded[0m digest v0.11.3
2026-09-08T11:25:28.3966622Z [1m[92m  Downloaded[0m quote v1.0.47
2026-09-08T11:25:28.4207124Z [1m[92m  Downloaded[0m serde_derive v1.0.229
2026-09-08T11:25:28.4536988Z [1m[92m  Downloaded[0m sha2 v0.11.0
2026-09-08T11:25:28.4936587Z [1m[92m  Downloaded[0m bitflags v2.13.1
2026-09-08T11:25:28.5381692Z [1m[92m  Downloaded[0m num-traits v0.2.19
2026-09-08T11:25:28.5647288Z [1m[92m  Downloaded[0m serde_core v1.0.229
2026-09-08T11:25:28.5854675Z [1m[92m  Downloaded[0m unicode-ident v1.0.18
2026-09-08T11:25:28.6163728Z [1m[92m  Downloaded[0m serde v1.0.229
2026-09-08T11:25:28.6421856Z [1m[92m  Downloaded[0m memchr v2.8.3
2026-09-08T11:25:28.6904497Z [1m[92m  Downloaded[0m num-bigint v0.5.1
2026-09-08T11:25:28.7391404Z [1m[92m  Downloaded[0m pulldown-cmark v0.13.4
2026-09-08T11:25:28.7784049Z [1m[92m  Downloaded[0m typenum v1.20.1
2026-09-08T11:25:28.8039938Z [1m[92m  Downloaded[0m serde_json v1.0.151
2026-09-08T11:25:28.8779117Z [1m[92m  Downloaded[0m syn v3.0.5
2026-09-08T11:25:29.5704623Z [1m[92m   Compiling[0m autocfg v1.5.1
2026-09-08T11:25:29.5705767Z [1m[92m    Checking[0m typenum v1.20.1
2026-09-08T11:25:29.5707681Z [1m[92m    Checking[0m cpufeatures v0.3.1
2026-09-08T11:25:29.5708431Z [1m[92m    Checking[0m cfg-if v1.0.4
2026-09-08T11:25:29.6226809Z [1m[92m    Checking[0m unicode-ident v1.0.18
2026-09-08T11:25:29.6245573Z [1m[92m   Compiling[0m proc-macro2 v1.0.107
2026-09-08T11:25:29.7161352Z [1m[92m   Compiling[0m quote v1.0.47
2026-09-08T11:25:30.0691387Z [1m[92m   Compiling[0m num-traits v0.2.19
2026-09-08T11:25:30.5296375Z [1m[92m    Checking[0m hybrid-array v0.4.14
2026-09-08T11:25:31.0674720Z [1m[92m    Checking[0m block-buffer v0.12.1
2026-09-08T11:25:31.1722541Z [1m[92m    Checking[0m crypto-common v0.2.2
2026-09-08T11:25:31.8074382Z [1m[92m    Checking[0m digest v0.11.3
2026-09-08T11:25:31.9981310Z [1m[92m    Checking[0m sha2 v0.11.0
2026-09-08T11:25:32.0266318Z [1m[92m   Compiling[0m serde_core v1.0.229
2026-09-08T11:25:32.5732443Z [1m[92m   Compiling[0m zmij v1.0.23
2026-09-08T11:25:33.0137413Z [1m[92m    Checking[0m num-integer v0.1.47
2026-09-08T11:25:33.2494389Z [1m[92m   Compiling[0m syn v3.0.5
2026-09-08T11:25:33.3253486Z [1m[92m    Checking[0m num-bigint v0.5.1
2026-09-08T11:25:33.3830553Z [1m[92m   Compiling[0m serde v1.0.229
2026-09-08T11:25:33.7718802Z [1m[92m    Checking[0m memchr v2.8.3
2026-09-08T11:25:34.4106382Z [1m[92m   Compiling[0m serde_json v1.0.151
2026-09-08T11:25:34.6492838Z [1m[92m   Compiling[0m pulldown-cmark v0.13.4
2026-09-08T11:25:34.7148300Z [1m[92m    Checking[0m nepl3-core v0.1.0 (D:\a\NEPL3\NEPL3\crates\foundation\core)
2026-09-08T11:25:35.2834824Z [1m[92m    Checking[0m unicase v2.9.0
2026-09-08T11:25:35.4851835Z [1m[92m    Checking[0m bitflags v2.13.1
2026-09-08T11:25:35.6520456Z [1m[92m    Checking[0m itoa v1.0.18
2026-09-08T11:25:37.0711038Z [1m[92m   Compiling[0m serde_derive v1.0.229
2026-09-08T11:25:37.1639936Z [1m[92m    Checking[0m nepl3-wire v0.1.0 (D:\a\NEPL3\NEPL3\crates\foundation\wire)
2026-09-08T11:25:37.1641044Z [1m[92m    Checking[0m nepl3-reader v0.1.0 (D:\a\NEPL3\NEPL3\crates\foundation\reader)
2026-09-08T11:25:38.2729464Z [1m[92m    Checking[0m nepl3-markup v0.1.0 (D:\a\NEPL3\NEPL3\crates\output\markup)
2026-09-08T11:25:38.9582127Z [1m[92m    Checking[0m nepl3-doc-core v0.1.0 (D:\a\NEPL3\NEPL3\crates\languages\doc\core)
2026-09-08T11:25:39.3464214Z [1m[92m    Checking[0m nepl3-math-core v0.1.0 (D:\a\NEPL3\NEPL3\crates\languages\math\core)
2026-09-08T11:25:39.6414565Z [1m[92m    Checking[0m nepl3-engine v0.1.0 (D:\a\NEPL3\NEPL3\crates\foundation\engine)
2026-09-08T11:25:42.0566903Z [1m[92m    Checking[0m nepl3-doc-html v0.1.0 (D:\a\NEPL3\NEPL3\crates\languages\doc\html)
2026-09-08T11:25:47.0791140Z [1m[92m    Checking[0m nepl3-grammar-core v0.1.0 (D:\a\NEPL3\NEPL3\crates\languages\grammar\core)
2026-09-08T11:25:48.3692559Z [1m[92m    Checking[0m nepl3-tools v0.1.0 (D:\a\NEPL3\NEPL3\tools)
2026-09-08T11:25:55.4694202Z [1m[92m    Finished[0m `dev` profile [unoptimized + debuginfo] target(s) in 27.66s
2026-09-08T11:25:55.5452879Z ##[group]Run cargo test --workspace --locked
2026-09-08T11:25:55.5453298Z [36;1mcargo test --workspace --locked[0m
2026-09-08T11:25:55.5466617Z shell: C:\Program Files\Git\bin\bash.EXE --noprofile --norc -e -o pipefail {0}
2026-09-08T11:25:55.5467061Z env:
2026-09-08T11:25:55.5467355Z   CARGO_TERM_COLOR: always
2026-09-08T11:25:55.5467836Z   RUSTDOCFLAGS: -D warnings
2026-09-08T11:25:55.5468162Z   pythonLocation: C:\hostedtoolcache\windows\Python\3.13.15\x64
2026-09-08T11:25:55.5468605Z   PKG_CONFIG_PATH: C:\hostedtoolcache\windows\Python\3.13.15\x64/lib/pkgconfig
2026-09-08T11:25:55.5469072Z   Python_ROOT_DIR: C:\hostedtoolcache\windows\Python\3.13.15\x64
2026-09-08T11:25:55.5469463Z   Python2_ROOT_DIR: C:\hostedtoolcache\windows\Python\3.13.15\x64
2026-09-08T11:25:55.5469850Z   Python3_ROOT_DIR: C:\hostedtoolcache\windows\Python\3.13.15\x64
2026-09-08T11:25:55.5470170Z ##[endgroup]
2026-09-08T11:25:55.8119260Z [1m[92m   Compiling[0m unicode-ident v1.0.18
2026-09-08T11:25:55.8121811Z [1m[92m   Compiling[0m typenum v1.20.1
2026-09-08T11:25:55.8124922Z [1m[92m   Compiling[0m cpufeatures v0.3.1
2026-09-08T11:25:55.8126125Z [1m[92m   Compiling[0m num-traits v0.2.19
2026-09-08T11:25:55.8730471Z [1m[92m   Compiling[0m cfg-if v1.0.4
2026-09-08T11:25:55.9272575Z [1m[92m   Compiling[0m proc-macro2 v1.0.107
2026-09-08T11:25:55.9392108Z [1m[92m   Compiling[0m serde_core v1.0.229
2026-09-08T11:25:56.8542684Z [1m[92m   Compiling[0m num-integer v0.1.47
2026-09-08T11:25:56.9039959Z [1m[92m   Compiling[0m quote v1.0.47
2026-09-08T11:25:57.1748674Z [1m[92m   Compiling[0m hybrid-array v0.4.14
2026-09-08T11:25:57.2776031Z [1m[92m   Compiling[0m num-bigint v0.5.1
2026-09-08T11:25:57.3636849Z [1m[92m   Compiling[0m syn v3.0.5
2026-09-08T11:25:57.9790945Z [1m[92m   Compiling[0m block-buffer v0.12.1
2026-09-08T11:25:58.1890134Z [1m[92m   Compiling[0m crypto-common v0.2.2
2026-09-08T11:25:59.4952706Z [1m[92m   Compiling[0m digest v0.11.3
2026-09-08T11:25:59.7118377Z [1m[92m   Compiling[0m sha2 v0.11.0
2026-09-08T11:25:59.9504772Z [1m[92m   Compiling[0m memchr v2.8.3
2026-09-08T11:26:00.3128425Z [1m[92m   Compiling[0m zmij v1.0.23
2026-09-08T11:26:00.7551478Z [1m[92m   Compiling[0m nepl3-core v0.1.0 (D:\a\NEPL3\NEPL3\crates\foundation\core)
2026-09-08T11:26:01.3156808Z [1m[92m   Compiling[0m serde_derive v1.0.229
2026-09-08T11:26:01.3277641Z [1m[92m   Compiling[0m bitflags v2.13.1
2026-09-08T11:26:01.3379099Z [1m[92m   Compiling[0m unicase v2.9.0
2026-09-08T11:26:01.6111347Z [1m[92m   Compiling[0m itoa v1.0.18
2026-09-08T11:26:01.6346662Z [1m[92m   Compiling[0m pulldown-cmark v0.13.4
2026-09-08T11:26:01.8832187Z [1m[92m   Compiling[0m serde_json v1.0.151
2026-09-08T11:26:04.1922092Z [1m[92m   Compiling[0m nepl3-wire v0.1.0 (D:\a\NEPL3\NEPL3\crates\foundation\wire)
2026-09-08T11:26:04.8970431Z [1m[92m   Compiling[0m nepl3-reader v0.1.0 (D:\a\NEPL3\NEPL3\crates\foundation\reader)
2026-09-08T11:26:06.1661825Z [1m[92m   Compiling[0m nepl3-doc-core v0.1.0 (D:\a\NEPL3\NEPL3\crates\languages\doc\core)
2026-09-08T11:26:08.4759932Z [1m[92m   Compiling[0m nepl3-markup v0.1.0 (D:\a\NEPL3\NEPL3\crates\output\markup)
2026-09-08T11:26:09.0860426Z [1m[92m   Compiling[0m nepl3-engine v0.1.0 (D:\a\NEPL3\NEPL3\crates\foundation\engine)
2026-09-08T11:26:10.5093192Z [1m[92m   Compiling[0m nepl3-math-core v0.1.0 (D:\a\NEPL3\NEPL3\crates\languages\math\core)
2026-09-08T11:26:12.1266840Z [1m[92m   Compiling[0m nepl3-doc-html v0.1.0 (D:\a\NEPL3\NEPL3\crates\languages\doc\html)
2026-09-08T11:26:12.7363834Z [1m[92m   Compiling[0m serde v1.0.229
2026-09-08T11:26:17.1682458Z [1m[92m   Compiling[0m nepl3-grammar-core v0.1.0 (D:\a\NEPL3\NEPL3\crates\languages\grammar\core)
2026-09-08T11:26:19.6386518Z [1m[92m   Compiling[0m nepl3-tools v0.1.0 (D:\a\NEPL3\NEPL3\tools)
2026-09-08T11:27:14.8297822Z [1m[92m    Finished[0m `test` profile [unoptimized + debuginfo] target(s) in 1m 19s
2026-09-08T11:27:14.8561439Z [1m[92m     Running[0m unittests src\lib.rs (target\debug\deps\nepl3_core-f04d54aaa1e6a7b6.exe)
2026-09-08T11:27:14.8671048Z 
2026-09-08T11:27:14.8671529Z running 0 tests
2026-09-08T11:27:14.8671785Z 
2026-09-08T11:27:14.8672443Z test result: ok. 0 passed; 0 failed; 0 ignored; 0 measured; 0 filtered out; finished in 0.00s
2026-09-08T11:27:14.8673012Z 
2026-09-08T11:27:14.8691394Z [1m[92m     Running[0m tests\budget.rs (target\debug\deps\budget-92272bcb7a56d2ac.exe)
2026-09-08T11:27:14.8798337Z 
2026-09-08T11:27:14.8799419Z running 3 tests
2026-09-08T11:27:14.8805486Z test depth_scope_restores_the_caller_even_after_callback_replaces_budget ... ok
2026-09-08T11:27:14.8806631Z test observed_delegated_cost_is_atomic_across_all_resources_and_preserves_stops ... ok
2026-09-08T11:27:14.8807627Z test temporary_ceilings_restore_on_result_paths_and_cannot_regrant_reserved_capacity ... ok
2026-09-08T11:27:14.8808140Z 
2026-09-08T11:27:14.8808540Z test result: ok. 3 passed; 0 failed; 0 ignored; 0 measured; 0 filtered out; finished in 0.00s
2026-09-08T11:27:14.8809064Z 
2026-09-08T11:27:14.8826295Z [1m[92m     Running[0m tests\contracts.rs (target\debug\deps\contracts-36c3bab039a112b9.exe)
2026-09-08T11:27:14.8928176Z 
2026-09-08T11:27:14.8932360Z running 30 tests
2026-09-08T11:27:14.8942784Z test admission_accounts_for_copied_locator_payload ... ok
2026-09-08T11:27:14.8945268Z test budget_exact_limits_overflow_zero_and_cancel_are_distinct ... ok
2026-09-08T11:27:14.8947059Z test borrowed_store_insert_does_not_clone_duplicates_or_publish_on_stop ... ok
2026-09-08T11:27:14.8950661Z test canonical_integers_reject_negative_zero_and_leading_zero ... ok
2026-09-08T11:27:14.8952734Z test edit_size_limit_checked_before_replacement_is_built ... ok
2026-09-08T11:27:14.8953459Z test admission_usage_does_not_depend_on_snapshot_allocation_order ... ok
2026-09-08T11:27:14.8954210Z test first_budget_stop_is_sticky_across_smaller_charges_and_cancellation ... ok
2026-09-08T11:27:14.8955038Z test edits_are_atomic_across_sources_and_reject_stale_or_conflicting_input ... ok
2026-09-08T11:27:14.8966720Z test line_index_allocation_limit_is_enforced ... ok
2026-09-08T11:27:14.8967877Z test indexed_admission_keeps_unique_bytes_and_checks_empty_cancel ... ok
2026-09-08T11:27:14.8970987Z test line_positions_roundtrip_unicode_and_all_line_endings ... ok
2026-09-08T11:27:14.8972853Z test indexed_source_insert_preserves_order_and_metered_duplicate_lookup ... ok
2026-09-08T11:27:14.8973703Z test locator_profile_is_checked_without_os_or_scheme_normalization ... ok
2026-09-08T11:27:14.8974493Z test nested_budget_retains_work_and_peak_depth_after_failed_branch ... ok
2026-09-08T11:27:14.8978252Z test rational_constructors_normalize_native_but_reject_noncanonical_wire ... ok
2026-09-08T11:27:14.8982747Z test shared_admission_is_operation_local_and_independent_storage_still_checked ... ok
2026-09-08T11:27:14.9006684Z test generated_source_locator_scan_is_charged_before_validation ... ok
2026-09-08T11:27:14.9025770Z test ordered_source_insertions_between_existing_bounds_use_neighbors ... ok
2026-09-08T11:27:14.9036690Z test ordered_source_insertion_has_linear_index_search_work ... ok
2026-09-08T11:27:14.9041887Z test source_admission_charges_unique_snapshots_once_across_shared_calls ... ok
2026-09-08T11:27:14.9045740Z test source_admission_rejects_locator_changes_for_same_snapshot_identity ... ok
2026-09-08T11:27:14.9049608Z test source_digest_is_sha256_of_exact_original_bytes ... ok
2026-09-08T11:27:14.9054246Z test source_index_hint_checks_full_key_and_keeps_conflicts_atomic ... ok
2026-09-08T11:27:14.9058216Z test source_limits_precede_decode_and_decode_does_not_replace_bytes ... ok
2026-09-08T11:27:14.9063846Z test source_references_resolve_full_identity_after_mixed_insertions ... ok
2026-09-08T11:27:14.9067714Z test span_rejects_scalar_interiors_bounds_and_other_identity ... ok
2026-09-08T11:27:14.9071119Z test store_preserves_distinct_ids_at_same_uri_and_rejects_conflicting_revision ... ok
2026-09-08T11:27:14.9090208Z test shared_copy_and_independent_comparison_have_separate_work_bounds ... ok
2026-09-08T11:27:14.9094588Z test snapshot_metadata_copy_is_bounded_but_independent_comparison_is_not_free ... ok
2026-09-08T11:27:14.9123284Z test snapshot_clones_preserve_owned_lifetime_and_independent_identity_checks ... ok
2026-09-08T11:27:14.9123840Z 
2026-09-08T11:27:14.9124216Z test result: ok. 30 passed; 0 failed; 0 ignored; 0 measured; 0 filtered out; finished in 0.02s
2026-09-08T11:27:14.9124672Z 
2026-09-08T11:27:14.9146445Z [1m[92m     Running[0m tests\decimal.rs (target\debug\deps\decimal-add215233e4865b2.exe)
2026-09-08T11:27:14.9245782Z 
2026-09-08T11:27:14.9246111Z running 2 tests
2026-09-08T11:27:14.9250364Z test invalid_digits_and_resource_stops_precede_numeric_allocation ... ok
2026-09-08T11:27:14.9251204Z test exact_decimal_constructor_is_independent_of_lexical_leading_zero_policy ... ok
2026-09-08T11:27:14.9251527Z 
2026-09-08T11:27:14.9251798Z test result: ok. 2 passed; 0 failed; 0 ignored; 0 measured; 0 filtered out; finished in 0.00s
2026-09-08T11:27:14.9252120Z 
2026-09-08T11:27:14.9270637Z [1m[92m     Running[0m tests\edit.rs (target\debug\deps\edit-f3c6567523582070.exe)
2026-09-08T11:27:14.9367220Z 
2026-09-08T11:27:14.9367675Z running 5 tests
2026-09-08T11:27:14.9376889Z test deletion_admits_original_and_generated_snapshots_once ... ok
2026-09-08T11:27:14.9378081Z test semantic_failure_does_not_reserve_an_unpublished_output_identity ... ok
2026-09-08T11:27:14.9379236Z test a_conflicting_preexisting_output_does_not_publish_other_transaction_outputs ... ok
2026-09-08T11:27:14.9441868Z test work_source_and_locator_limits_stop_before_unbounded_owned_copies ... ok
2026-09-08T11:27:14.9816122Z test every_allocation_stop_is_atomic_sticky_and_retryable_in_a_fresh_operation ... ok
2026-09-08T11:27:14.9816487Z 
2026-09-08T11:27:14.9816744Z test result: ok. 5 passed; 0 failed; 0 ignored; 0 measured; 0 filtered out; finished in 0.04s
2026-09-08T11:27:14.9817061Z 
2026-09-08T11:27:14.9840335Z [1m[92m     Running[0m tests\facts.rs (target\debug\deps\facts-8ba91ee1f81d7fa6.exe)
2026-09-08T11:27:14.9941948Z 
2026-09-08T11:27:14.9942411Z running 2 tests
2026-09-08T11:27:15.0033849Z test facts_reject_missing_sources_namespace_roots_and_fresh_operation_limits ... ok
2026-09-08T11:27:15.0034719Z test delta_keeps_current_scope_namespace_reservations_and_foreign_scope_authority ... ok
2026-09-08T11:27:15.0035158Z 
2026-09-08T11:27:15.0035402Z test result: ok. 2 passed; 0 failed; 0 ignored; 0 measured; 0 filtered out; finished in 0.01s
2026-09-08T11:27:15.0035715Z 
2026-09-08T11:27:15.0058788Z [1m[92m     Running[0m tests\lexical.rs (target\debug\deps\lexical-f7cc9788180f2f92.exe)
2026-09-08T11:27:15.0158829Z 
2026-09-08T11:27:15.0159226Z running 3 tests
2026-09-08T11:27:15.0164162Z test whole_language_tag_preserves_abnf_scope ... ok
2026-09-08T11:27:15.0165129Z test whole_lexemes_stop_without_allocating_or_losing_cancellation ... ok
2026-09-08T11:27:15.0165937Z test whole_name_uses_pinned_unicode_spelling_and_excludes_trivia ... ok
2026-09-08T11:27:15.0166384Z 
2026-09-08T11:27:15.0166775Z test result: ok. 3 passed; 0 failed; 0 ignored; 0 measured; 0 filtered out; finished in 0.00s
2026-09-08T11:27:15.0167327Z 
2026-09-08T11:27:15.0185512Z [1m[92m     Running[0m tests\maps.rs (target\debug\deps\maps-b8c40905248383a5.exe)
2026-09-08T11:27:15.0283507Z 
2026-09-08T11:27:15.0283895Z running 9 tests
2026-09-08T11:27:15.0293829Z test borrowed_map_union_checks_containment_and_geometry_in_both_parts ... ok
2026-09-08T11:27:15.0294876Z test duplicate_edges_and_joins_preserve_longest_depth_and_sticky_stops ... ok
2026-09-08T11:27:15.0300533Z test mapped_containment_requires_every_byte_and_every_reverse_path ... ok
2026-09-08T11:27:15.0306142Z test borrowed_union_does_not_copy_source_id_payloads ... ok
2026-09-08T11:27:15.0316570Z test snapshot_dag_proves_large_transforms_without_enumerating_the_point_product ... ok
2026-09-08T11:27:15.0329956Z test ordered_graph_hint_survives_insertions_before_and_after_cached_positions ... ok
2026-09-08T11:27:15.0344901Z test map_admission_never_copies_long_identity_before_zero_allocation_budget ... ok
2026-09-08T11:27:15.0620081Z test wide_snapshot_dag_work_does_not_scan_all_edges_for_each_vertex ... ok
2026-09-08T11:27:15.0922530Z test indexed_map_graphs_agree_with_transitive_closure_in_both_orders ... ok
2026-09-08T11:27:15.0922862Z 
2026-09-08T11:27:15.0923118Z test result: ok. 9 passed; 0 failed; 0 ignored; 0 measured; 0 filtered out; finished in 0.06s
2026-09-08T11:27:15.0923440Z 
2026-09-08T11:27:15.0947032Z [1m[92m     Running[0m tests\structure.rs (target\debug\deps\structure-b369cb77884d8bf6.exe)
2026-09-08T11:27:15.1048905Z 
2026-09-08T11:27:15.1049302Z running 20 tests
2026-09-08T11:27:15.1060678Z test canonical_json_escapes_controls_without_unicode_normalization ... ok
2026-09-08T11:27:15.1061926Z test descriptor_canonical_json_has_independently_specified_field_order ... ok
2026-09-08T11:27:15.1063037Z test descriptor_map_order_is_irrelevant_but_duplicates_are_rejected ... ok
2026-09-08T11:27:15.1066446Z test forward_overlap_is_acyclic_and_map_budget_failure_does_not_insert ... ok
2026-09-08T11:27:15.1067552Z test empty_anchor_cycles_and_transformed_relations_are_checked ... ok
2026-09-08T11:27:15.1068287Z test imported_origin_graph_honors_zero_nodes_and_depth_limits ... ok
2026-09-08T11:27:15.1070823Z test inverse_refuses_transformed_and_ambiguous_mappings ... ok
2026-09-08T11:27:15.1071572Z test imported_origin_graph_rejects_cycles_unknown_refs_and_missing_source ... ok
2026-09-08T11:27:15.1076081Z test local_kind_ids_are_canonical_across_descriptor_input_order ... ok
2026-09-08T11:27:15.1076813Z test registry_accepts_mutual_symbolic_references_then_seals_them ... ok
2026-09-08T11:27:15.1078892Z test registry_rejects_wrong_digest_and_unknown_unused_references ... ok
2026-09-08T11:27:15.1079892Z test report_candidate_rollback_discards_facts_without_refunding_budget ... ok
2026-09-08T11:27:15.1081076Z test report_diagnostic_limit_has_no_fabricated_global_message ... ok
2026-09-08T11:27:15.1084654Z test report_storage_obeys_allocation_budget ... ok
2026-09-08T11:27:15.1085360Z test report_zero_event_capacity_keeps_one_typed_overflow_and_stop ... ok
2026-09-08T11:27:15.1089964Z test source_map_checks_composable_interval_cycles_not_snapshot_cycles ... ok
2026-09-08T11:27:15.1091320Z test structural_boundary_checks_field_count_kind_intrinsic_subset_and_negative_natural ... ok
2026-09-08T11:27:15.1093798Z test validator_and_descriptor_depth_share_parent_budget_and_peak ... ok
2026-09-08T11:27:15.1680165Z test rejected_deep_descriptor_is_safe_to_clone_compare_debug_and_drop ... ok
2026-09-08T11:27:15.1707355Z test deeply_nested_value_cleanup_uses_no_recursive_drop_chain ... ok
2026-09-08T11:27:15.1707774Z 
2026-09-08T11:27:15.1708021Z test result: ok. 20 passed; 0 failed; 0 ignored; 0 measured; 0 filtered out; finished in 0.07s
2026-09-08T11:27:15.1708349Z 
2026-09-08T11:27:15.1732785Z [1m[92m     Running[0m tests\syntax.rs (target\debug\deps\syntax-14d9df9e34110420.exe)
2026-09-08T11:27:15.1834980Z 
2026-09-08T11:27:15.1835583Z running 10 tests
2026-09-08T11:27:15.1851864Z test foreign_ids_are_local_but_environment_and_root_must_match ... ok
2026-09-08T11:27:15.1852839Z test foreign_nesting_adds_to_containing_node_path_depth ... ok
2026-09-08T11:27:15.1857271Z test source_child_cover_must_follow_head_and_stay_in_parent ... ok
2026-09-08T11:27:15.1858366Z test syntax_graph_checks_all_refs_and_cycles_while_allowing_shared_children ... ok
2026-09-08T11:27:15.1862185Z test syntax_preserves_nested_stop_causes_and_does_not_reclassify_semantic_errors ... ok
2026-09-08T11:27:15.1863741Z test token_internal_view_is_sidecar_and_trivia_retains_bom_bytes ... ok
2026-09-08T11:27:15.1867594Z test view_child_edges_are_acyclic_but_semantic_relation_cycles_are_allowed ... ok
2026-09-08T11:27:15.1868334Z test token_owns_even_unreachable_view_elements ... ok
2026-09-08T11:27:15.2620682Z test deeply_nested_foreign_bundle_cleanup_is_iterative ... ok
2026-09-08T11:27:15.6525213Z test owned_syntax_copy_precharges_payloads_and_preserves_deep_foreign_ownership ... ok
2026-09-08T11:27:15.6525969Z 
2026-09-08T11:27:15.6526211Z test result: ok. 10 passed; 0 failed; 0 ignored; 0 measured; 0 filtered out; finished in 0.47s
2026-09-08T11:27:15.6526528Z 
2026-09-08T11:27:15.6554099Z [1m[92m     Running[0m tests\value.rs (target\debug\deps\value-de47cfed8240bd08.exe)
2026-09-08T11:27:15.6653458Z 
2026-09-08T11:27:15.6653780Z running 2 tests
2026-09-08T11:27:15.6658574Z test budgeted_equality_keeps_values_and_composes_caller_depth ... ok
2026-09-08T11:27:15.6924865Z test equality_charges_frontier_before_queueing_wide_input ... ok
2026-09-08T11:27:15.6925306Z 
2026-09-08T11:27:15.6925720Z test result: ok. 2 passed; 0 failed; 0 ignored; 0 measured; 0 filtered out; finished in 0.03s
2026-09-08T11:27:15.6926047Z 
2026-09-08T11:27:15.6947767Z [1m[92m     Running[0m unittests src\lib.rs (target\debug\deps\nepl3_doc_core-e8993f7a17903ff8.exe)
2026-09-08T11:27:15.7049366Z 
2026-09-08T11:27:15.7049628Z running 1 test
2026-09-08T11:27:15.7056093Z test normalize::tests::normal_form_flattens_only_sequences_and_retains_explicit_break ... ok
2026-09-08T11:27:15.7056762Z 
2026-09-08T11:27:15.7057000Z test result: ok. 1 passed; 0 failed; 0 ignored; 0 measured; 0 filtered out; finished in 0.00s
2026-09-08T11:27:15.7057316Z 
2026-09-08T11:27:15.7075556Z [1m[92m     Running[0m tests\foreign.rs (target\debug\deps\foreign-383e97ffa5ff853e.exe)
2026-09-08T11:27:15.7172096Z 
2026-09-08T11:27:15.7172419Z running 2 tests
2026-09-08T11:27:15.7296150Z test shared_embed_validation_composes_its_deepest_doc_owner ... ok
2026-09-08T11:27:15.7300796Z test code_guest_stays_syntax_through_doc_structure_and_cbor ... ok
2026-09-08T11:27:15.7301255Z 
2026-09-08T11:27:15.7301506Z test result: ok. 2 passed; 0 failed; 0 ignored; 0 measured; 0 filtered out; finished in 0.01s
2026-09-08T11:27:15.7301831Z 
2026-09-08T11:27:15.7327325Z [1m[92m     Running[0m tests\pages.rs (target\debug\deps\pages-b41d53f5710238aa.exe)
2026-09-08T11:27:15.7426578Z 
2026-09-08T11:27:15.7426952Z running 9 tests
2026-09-08T11:27:15.7655240Z test external_links_remain_requirements_not_successful_page_links ... ok
2026-09-08T11:27:15.7726944Z test first_cbor_receiver_recomputes_plan_and_rejects_forged_or_stale_links ... ok
2026-09-08T11:27:15.7839790Z test page_boundary_validation_still_precedes_earlier_page_label_failures ... ok
2026-09-08T11:27:15.7899586Z test page_resolution_obeys_sticky_resource_limits ... ok
2026-09-08T11:27:15.8400391Z test pages_resolve_forward_and_relative_links_with_explicit_identity ... ok
2026-09-08T11:27:15.8492912Z test file_registration_cannot_shadow_pages_or_claim_doc_anchors ... ok
2026-09-08T11:27:15.8543952Z test empty_relative_path_is_only_a_nonempty_self_fragment ... ok
2026-09-08T11:27:15.8607797Z test registered_file_bytes_are_resolved_and_bound_to_the_portable_plan ... ok
2026-09-08T11:27:15.9758430Z test registry_collisions_and_unknown_destinations_are_rejected ... ok
2026-09-08T11:27:15.9758747Z 
2026-09-08T11:27:15.9759000Z test result: ok. 9 passed; 0 failed; 0 ignored; 0 measured; 0 filtered out; finished in 0.23s
2026-09-08T11:27:15.9759325Z 
2026-09-08T11:27:15.9788628Z [1m[92m     Running[0m tests\portable.rs (target\debug\deps\portable-007a0865904735ee.exe)
2026-09-08T11:27:15.9890634Z 
2026-09-08T11:27:15.9891193Z running 6 tests
2026-09-08T11:27:16.0123029Z test document_ndf_and_cbor_first_receiver_preserve_source_view_and_meaning ... ok
2026-09-08T11:27:16.0127453Z test many_source_revisions_fit_a_bounded_index_lookup_allowance ... ok
2026-09-08T11:27:16.0133667Z test schema_valid_wrong_category_and_resource_stops_are_typed ... ok
2026-09-08T11:27:16.0191678Z test sentence_payload_uses_only_the_explicit_owner_after_cbor ... ok
2026-09-08T11:27:16.0305620Z test source_uniqueness_uses_logical_revision_and_preserves_source_order ... ok
2026-09-08T11:27:16.0665912Z test valid_document_decode_keeps_work_stop_causes_at_inner_boundaries ... ok
2026-09-08T11:27:16.0666570Z 
2026-09-08T11:27:16.0667011Z test result: ok. 6 passed; 0 failed; 0 ignored; 0 measured; 0 filtered out; finished in 0.08s
2026-09-08T11:27:16.0667653Z 
2026-09-08T11:27:16.0693878Z [1m[92m     Running[0m tests\prepare.rs (target\debug\deps\prepare-76b5163ffbe5f651.exe)
2026-09-08T11:27:16.0795690Z 
2026-09-08T11:27:16.0796244Z running 3 tests
2026-09-08T11:27:16.0917476Z test inspection_requires_article_labels_and_preserves_sticky_stops ... ok
2026-09-08T11:27:16.0972668Z test preparation_discovers_distinct_placements_without_loading_assets ... ok
2026-09-08T11:27:16.0988530Z test portable_plan_recomputes_requirements_and_rejects_stale_or_incomplete_data ... ok
2026-09-08T11:27:16.0989085Z 
2026-09-08T11:27:16.0989325Z test result: ok. 3 passed; 0 failed; 0 ignored; 0 measured; 0 filtered out; finished in 0.02s
2026-09-08T11:27:16.0989654Z 
2026-09-08T11:27:16.1013922Z [1m[92m     Running[0m tests\sentence.rs (target\debug\deps\sentence-327440f8215f1f47.exe)
2026-09-08T11:27:16.1115474Z 
2026-09-08T11:27:16.1115870Z running 4 tests
2026-09-08T11:27:16.1319724Z test text_merge_preserves_known_and_source_less_provenance ... ok
2026-09-08T11:27:16.1320850Z test typed_prefix_constructor_and_literal_share_the_normal_form ... ok
2026-09-08T11:27:16.1324378Z test literal_annotations_escapes_and_original_views ... ok
2026-09-08T11:27:16.1327740Z test incomplete_and_failed_annotations_keep_raw_byte_positions ... ok
2026-09-08T11:27:16.1328171Z 
2026-09-08T11:27:16.1328487Z test result: ok. 4 passed; 0 failed; 0 ignored; 0 measured; 0 filtered out; finished in 0.02s
2026-09-08T11:27:16.1328891Z 
2026-09-08T11:27:16.1352607Z [1m[92m     Running[0m tests\shape.rs (target\debug\deps\shape-a4b002c10d7e7375.exe)
2026-09-08T11:27:16.1450233Z 
2026-09-08T11:27:16.1450506Z running 4 tests
2026-09-08T11:27:16.1457392Z test shared_child_still_counts_on_the_longest_path ... ok
2026-09-08T11:27:16.1458640Z test categories_and_graph_are_checked_before_semantic_use ... ok
2026-09-08T11:27:16.1459552Z test parallel_and_annotation_constraints_use_actual_child_content ... ok
2026-09-08T11:27:16.2220512Z test deep_arenas_stop_and_drop_without_recursive_ownership ... ok
2026-09-08T11:27:16.2220918Z 
2026-09-08T11:27:16.2222379Z test result: ok. 4 passed; 0 failed; 0 ignored; 0 measured; 0 filtered out; finished in 0.08s
2026-09-08T11:27:16.2222931Z 
2026-09-08T11:27:16.2245940Z [1m[92m     Running[0m unittests src\lib.rs (target\debug\deps\nepl3_doc_html-77ff5043da0ad34e.exe)
2026-09-08T11:27:16.2345993Z 
2026-09-08T11:27:16.2346412Z running 0 tests
2026-09-08T11:27:16.2346838Z 
2026-09-08T11:27:16.2348231Z test result: ok. 0 passed; 0 failed; 0 ignored; 0 measured; 0 filtered out; finished in 0.00s
2026-09-08T11:27:16.2348594Z 
2026-09-08T11:27:16.2365502Z [1m[92m     Running[0m tests\local.rs (target\debug\deps\local-8fdeedf6c19a74bd.exe)
2026-09-08T11:27:16.2462318Z 
2026-09-08T11:27:16.2462677Z running 2 tests
2026-09-08T11:27:16.2628477Z test first_cbor_receiver_prepares_renders_and_rejects_stale_or_forged_results ... ok
2026-09-08T11:27:16.2751083Z test output_budget_and_browser_depth_never_silently_flatten_the_document ... ok
2026-09-08T11:27:16.2751434Z 
2026-09-08T11:27:16.2751682Z test result: ok. 2 passed; 0 failed; 0 ignored; 0 measured; 0 filtered out; finished in 0.03s
2026-09-08T11:27:16.2752010Z 
2026-09-08T11:27:16.2776661Z [1m[92m     Running[0m unittests src\lib.rs (target\debug\deps\nepl3_engine-d18577ecd820ae0d.exe)
2026-09-08T11:27:16.2878133Z 
2026-09-08T11:27:16.2878574Z running 8 tests
2026-09-08T11:27:16.2887848Z test package::forms::tests::exact_category_and_spelling_preserve_original_indices ... ok
2026-09-08T11:27:16.2889755Z test package::forms::tests::index_build_and_lookup_keep_cumulative_stops ... ok
2026-09-08T11:27:16.2890898Z test head::tests::window_preserves_exact_utf8_and_requires_admission_in_each_operation ... ok
2026-09-08T11:27:16.2892405Z test head::tests::completed_projection_preserves_compound_values_without_unread_siblings_or_tables ... ok
2026-09-08T11:27:16.2895068Z test parse::build::tests::closure_merge_preserves_source_order_full_identity_and_conflicts ... ok
2026-09-08T11:27:16.2902428Z test parse::build::tests::session_index_stops_and_conflicts_keep_source_index_pairs_consistent ... ok
2026-09-08T11:27:16.2927479Z test parse::build::tests::ordered_closure_duplicates_fit_linear_comparison_allowance ... ok
2026-09-08T11:27:16.2929900Z test parse::build::tests::session_index_appends_each_closure_without_rebuilding_prior_sources ... ok
2026-09-08T11:27:16.2930617Z 
2026-09-08T11:27:16.2930962Z test result: ok. 8 passed; 0 failed; 0 ignored; 0 measured; 0 filtered out; finished in 0.01s
2026-09-08T11:27:16.2931293Z 
2026-09-08T11:27:16.2951825Z [1m[92m     Running[0m tests\head.rs (target\debug\deps\head-8045e340dfcaab7e.exe)
2026-09-08T11:27:16.3050437Z 
2026-09-08T11:27:16.3050988Z running 14 tests
2026-09-08T11:27:16.3547698Z test deep_failed_payload_respects_saved_call_depth_and_keeps_prior_report ... ok
2026-09-08T11:27:16.3548726Z test failed_child_context_preserves_known_parent_arity_and_formal_primary_once ... ok
2026-09-08T11:27:16.3564631Z test dynamic_head_uses_compound_completed_child_and_restores_normal_child_context ... ok
2026-09-08T11:27:16.3964045Z test head_cancel_keeps_accepted_diagnostic_event_and_fixed_parent_progress ... ok
2026-09-08T11:27:16.3976376Z test completed_head_wrapper_preserves_owned_execution_and_pending_boundaries ... ok
2026-09-08T11:27:16.3983668Z test head_resume_source_uri_conflict_and_missing_primary_preserve_the_original_slot ... ok
2026-09-08T11:27:16.4000744Z test foreign_completed_selector_uses_local_projection_ids_and_returns_to_host_body ... ok
2026-09-08T11:27:16.4389705Z test head_resume_uses_saved_auxiliary_context_and_rejects_caller_conflicts_before_consumption ... ok
2026-09-08T11:27:16.4399121Z test long_failed_reply_is_charged_before_primary_equality_and_keeps_prior_report ... ok
2026-09-08T11:27:16.4804568Z test shape_provider_failure_keeps_unknown_arity_unparsed_and_primary_once ... ok
2026-09-08T11:27:16.4809177Z test head_trace_overflow_requires_stopped_and_invalid_success_keeps_pending ... ok
2026-09-08T11:27:16.4881429Z test portable::portable_callback_and_dynamic_tree_match_owned_native_execution ... ok
2026-09-08T11:27:16.5391217Z test synchronous_head_reader_head_dispatch_matches_owned_interleaving ... ok
2026-09-08T11:27:16.5614735Z test synchronous_head_host_and_owned_fallback_keep_the_same_tree_and_positions ... ok
2026-09-08T11:27:16.5615254Z 
2026-09-08T11:27:16.5615647Z test result: ok. 14 passed; 0 failed; 0 ignored; 0 measured; 0 filtered out; finished in 0.26s
2026-09-08T11:27:16.5616009Z 
2026-09-08T11:27:16.5645300Z [1m[92m     Running[0m tests\package.rs (target\debug\deps\package-816b0a9c0115c5c8.exe)
2026-09-08T11:27:16.5815665Z 
2026-09-08T11:27:16.5816526Z running 21 tests
2026-09-08T11:27:16.6294013Z test head::portable::head_delegation_accounts_window_reception_once_and_merges_relative_costs_with_absolute_depth ... ok
2026-09-08T11:27:16.6303253Z test head::portable::delegated_grant_and_real_framing_share_the_original_work_cap ... ok
2026-09-08T11:27:16.6382893Z test head::portable::head_all_reply_branches_preserve_projected_report_and_reject_invalid_fixes_and_graphs ... ok
2026-09-08T11:27:16.6694727Z test head::portable::projected_shared_payload_depth_includes_the_deeper_graph_path ... ok
2026-09-08T11:27:16.6702395Z test head::head_registrations_bind_alias_signature_host_identity_and_profile_digest ... ok
2026-09-08T11:27:16.6724345Z test head::portable::head_first_receiver_preserves_compound_projection_and_rejects_schema_valid_corruption ... ok
2026-09-08T11:27:16.6772849Z test head::portable::stopped_transport_records_child_cost_and_unsettled_drop_blocks_parent_reuse ... ok
2026-09-08T11:27:16.7054764Z test listof_foreign_has_foreign_head_and_local_tail_without_losing_its_selector ... ok
2026-09-08T11:27:16.7067058Z test package_boundary_checks_extension_provenance_and_resource_limits ... ok
2026-09-08T11:27:16.7083645Z test package_checks_real_surface_shapes_modes_selectors_and_binding_coverage ... ok
2026-09-08T11:27:16.7131687Z test package_rejects_direct_reader_cycles_and_counts_binding_entry_depth ... ok
2026-09-08T11:27:16.7479516Z test persistent_tree_checks_parent_reads_spelling_payload_and_concrete_owner ... ok
2026-09-08T11:27:16.7538592Z test portable::facts::facts_first_receiver_decodes_without_the_senders_request_or_source_store ... ok
2026-09-08T11:27:16.7623247Z test portable::facts::facts_all_reply_branches_keep_report_only_sources_and_request_relative_grants ... ok
2026-09-08T11:27:16.7798712Z test portable::facts::facts_request_binds_complete_host_authority_and_canonical_target ... ok
2026-09-08T11:27:16.7903745Z test portable::typed_tree_recovery_uses_the_guest_source_table_and_canonical_node_reference ... ok
2026-09-08T11:27:16.8001538Z test recovery_strategy_and_sync_order_are_part_of_package_behavior ... ok
2026-09-08T11:27:16.8008737Z test portable::typed_tree_roundtrip_remaps_every_local_owner_and_rejects_stale_wrapper_indices ... ok
2026-09-08T11:27:16.8233993Z test semantic_identity_removes_arena_layout_sharing_and_provenance ... ok
2026-09-08T11:27:16.8269932Z test semantic_identity_preserves_ordered_behavior_and_presentation_fallback ... ok
2026-09-08T11:27:16.8408293Z test resolved_profile_pins_real_package_host_providers_resources_and_foreign_modes ... ok
2026-09-08T11:27:16.8408757Z 
2026-09-08T11:27:16.8409007Z test result: ok. 21 passed; 0 failed; 0 ignored; 0 measured; 0 filtered out; finished in 0.26s
2026-09-08T11:27:16.8409333Z 
2026-09-08T11:27:16.8440445Z [1m[92m     Running[0m tests\parse.rs (target\debug\deps\parse-e6c9f90dc4f3ddba.exe)
2026-09-08T11:27:16.8542273Z 
2026-09-08T11:27:16.8542786Z running 23 tests
2026-09-08T11:27:16.9463537Z test append_retry_retains_original_caller_depth_when_host_resumes_at_zero ... ok
2026-09-08T11:27:16.9748647Z test accepted_trivia_without_a_token_survives_eof_and_need_more ... ok
2026-09-08T11:27:17.0147523Z test explicit_list_spine_preserves_declared_head_and_tail_children ... ok
2026-09-08T11:27:17.0559729Z test foreign::foreign_root_mode_is_guest_owned_and_normal_child_and_host_restore_defaults ... ok
2026-09-08T11:27:17.2709912Z test append_retry_reparses_every_scalar_split_and_keeps_cumulative_usage ... ok
2026-09-08T11:27:17.3465811Z test missing_children_share_one_bundle_recovery_table ... ok
2026-09-08T11:27:17.4173333Z test completed_parse_wrappers_preserve_raw_outcomes_reports_and_costs ... ok
2026-09-08T11:27:17.4220181Z test missing_final_child_and_nonfinal_input_are_distinct ... ok
2026-09-08T11:27:17.4320067Z test indexed_forms_keep_declared_indices_exact_lexemes_and_leaf_priority ... ok
2026-09-08T11:27:17.5106376Z test native_host_failure_keeps_generated_diagnostic_and_event_closure ... ok
2026-09-08T11:27:17.7138706Z test native_host_mixed_text_provider_fallback_preserves_decoded_sources ... ok
2026-09-08T11:27:17.7688587Z test native_host_nested_stop_is_sticky_without_host_mutating_budget ... ok
2026-09-08T11:27:17.9659684Z test native_host_cancel_and_invalid_reply_keep_boundary_semantics ... ok
2026-09-08T11:27:18.0156850Z test native_host_prefix_growth_reduces_measured_copy_work ... ok
2026-09-08T11:27:18.1407431Z test prefix_depth_composes_with_nested_reader_frames ... ok
2026-09-08T11:27:18.1649046Z test native_collector_transfer_preserves_generated_sources_at_allocation_boundaries ... ok
2026-09-08T11:27:18.1971891Z test native_host_preserves_tree_reports_maps_and_owned_fallback ... ok
2026-09-08T11:27:18.2193101Z test provider_resume_keeps_prefix_frames_report_and_caller_depth ... ok
2026-09-08T11:27:18.2365140Z test static_form_keeps_builtin_children_and_token_payloads ... ok
2026-09-08T11:27:18.2700933Z test text_reservation_preserves_prefix_identity_and_composed_caller_depth ... ok
2026-09-08T11:27:18.3677858Z test unknown_heads_preserve_remainder_without_inventing_a_leaf_arity ... ok
2026-09-08T11:27:18.4261902Z test replacing_a_callback_budget_cannot_be_hidden_by_cancel_or_transport_error ... ok
2026-09-08T11:27:20.9222924Z test allocation_stop_preserves_actual_usage_and_never_invents_a_root ... ok
2026-09-08T11:27:20.9223384Z 
2026-09-08T11:27:20.9223634Z test result: ok. 23 passed; 0 failed; 0 ignored; 0 measured; 0 filtered out; finished in 4.07s
2026-09-08T11:27:20.9223979Z 
2026-09-08T11:27:20.9259017Z [1m[92m     Running[0m unittests src\lib.rs (target\debug\deps\nepl3_grammar_core-9b4ab6021457dfd6.exe)
2026-09-08T11:27:20.9363167Z 
2026-09-08T11:27:20.9363559Z running 0 tests
2026-09-08T11:27:20.9363814Z 
2026-09-08T11:27:20.9364220Z test result: ok. 0 passed; 0 failed; 0 ignored; 0 measured; 0 filtered out; finished in 0.00s
2026-09-08T11:27:20.9364756Z 
2026-09-08T11:27:20.9383073Z [1m[92m     Running[0m tests\reader.rs (target\debug\deps\reader-b50978972d736057.exe)
2026-09-08T11:27:20.9479468Z 
2026-09-08T11:27:20.9479823Z running 2 tests
2026-09-08T11:27:20.9621671Z test compiler_catalogs_reject_ambiguous_and_empty_names_and_ast_charges_nodes ... ok
2026-09-08T11:27:20.9622834Z test reader_compiler_lowers_real_plan_and_rejects_natural_range_repeat_and_reference_errors ... ok
2026-09-08T11:27:20.9623644Z 
2026-09-08T11:27:20.9623900Z test result: ok. 2 passed; 0 failed; 0 ignored; 0 measured; 0 filtered out; finished in 0.01s
2026-09-08T11:27:20.9624214Z 
2026-09-08T11:27:20.9655868Z [1m[92m     Running[0m unittests src\lib.rs (target\debug\deps\nepl3_markup-62bc77e4bf12aced.exe)
2026-09-08T11:27:20.9758313Z 
2026-09-08T11:27:20.9759104Z running 0 tests
2026-09-08T11:27:20.9759361Z 
2026-09-08T11:27:20.9759870Z test result: ok. 0 passed; 0 failed; 0 ignored; 0 measured; 0 filtered out; finished in 0.00s
2026-09-08T11:27:20.9760512Z 
2026-09-08T11:27:20.9781600Z [1m[92m     Running[0m tests\anchors.rs (target\debug\deps\anchors-65c0f1444f98f41e.exe)
2026-09-08T11:27:20.9904685Z 
2026-09-08T11:27:20.9905335Z running 2 tests
2026-09-08T11:27:20.9912957Z test anchor_extension_does_not_relax_data_or_css_tokens ... ok
2026-09-08T11:27:20.9916481Z test decoded_ids_and_all_internal_href_variants_preserve_unicode ... ok
2026-09-08T11:27:20.9917069Z 
2026-09-08T11:27:20.9917507Z test result: ok. 2 passed; 0 failed; 0 ignored; 0 measured; 0 filtered out; finished in 0.00s
2026-09-08T11:27:20.9918403Z 
2026-09-08T11:27:20.9938669Z [1m[92m     Running[0m tests\html.rs (target\debug\deps\html-6c179d8e1b3cfe8b.exe)
2026-09-08T11:27:21.0036809Z 
2026-09-08T11:27:21.0037239Z running 5 tests
2026-09-08T11:27:21.0047705Z test sticky_stops_apply_to_validation_and_serialization_with_caller_depth ... ok
2026-09-08T11:27:21.0049008Z test malformed_structure_and_attribute_values_never_become_partial_html ... ok
2026-09-08T11:27:21.0049936Z test nested_paragraph_wrapper_links_lists_and_code_preserve_bytes ... ok
2026-09-08T11:27:21.0051138Z test tables_images_and_typed_external_links ... ok
2026-09-08T11:27:21.0735116Z test dag_appearance_identity_cycles_unreachable_and_deep_drop ... ok
2026-09-08T11:27:21.0735444Z 
2026-09-08T11:27:21.0735695Z test result: ok. 5 passed; 0 failed; 0 ignored; 0 measured; 0 filtered out; finished in 0.07s
2026-09-08T11:27:21.0736044Z 
2026-09-08T11:27:21.0758935Z [1m[92m     Running[0m tests\portable.rs (target\debug\deps\portable-2c186e2d007366dd.exe)
2026-09-08T11:27:21.0860310Z 
2026-09-08T11:27:21.0861038Z running 2 tests
2026-09-08T11:27:21.0956758Z test first_cbor_receiver_revalidates_owned_markup_and_matches_native_output ... ok
2026-09-08T11:27:21.0958573Z test schema_valid_invalid_markup_and_unknown_tags_are_rejected_after_cbor ... ok
2026-09-08T11:27:21.0959038Z 
2026-09-08T11:27:21.0959292Z test result: ok. 2 passed; 0 failed; 0 ignored; 0 measured; 0 filtered out; finished in 0.01s
2026-09-08T11:27:21.0959615Z 
2026-09-08T11:27:21.0981118Z [1m[92m     Running[0m tests\regression.rs (target\debug\deps\regression-b71a0c778d71f7e6.exe)
2026-09-08T11:27:21.1080959Z 
2026-09-08T11:27:21.1081302Z running 5 tests
2026-09-08T11:27:21.1090325Z test ruby_grammar_rejects_invalid_fallback_and_base_sequences ... ok
2026-09-08T11:27:21.1091325Z test external_port_is_unsigned_ascii_decimal ... ok
2026-09-08T11:27:21.1092197Z test ruby_group_annotations_and_single_nested_base_are_retained ... ok
2026-09-08T11:27:21.1205369Z test zero_work_does_not_allocate_a_validation_arena ... ok
2026-09-08T11:27:21.1530817Z test serializer_work_limit_bounds_frontier_before_enqueue ... ok
2026-09-08T11:27:21.1531291Z 
2026-09-08T11:27:21.1531616Z test result: ok. 5 passed; 0 failed; 0 ignored; 0 measured; 0 filtered out; finished in 0.04s
2026-09-08T11:27:21.1531950Z 
2026-09-08T11:27:21.1554550Z [1m[92m     Running[0m tests\routes.rs (target\debug\deps\routes-0fc0f013162b5598.exe)
2026-09-08T11:27:21.1656079Z 
2026-09-08T11:27:21.1656505Z running 4 tests
2026-09-08T11:27:21.1669319Z test raw_routes_do_not_authorize_parent_segments_or_url_syntax ... ok
2026-09-08T11:27:21.1670050Z test relative_routes_preserve_complete_directory_segments ... ok
2026-09-08T11:27:21.1670581Z test route_serialization_keeps_resource_stops_and_input ... ok
2026-09-08T11:27:21.1739357Z test route_first_cbor_receiver_checks_both_paths ... ok
2026-09-08T11:27:21.1740282Z 
2026-09-08T11:27:21.1740927Z test result: ok. 4 passed; 0 failed; 0 ignored; 0 measured; 0 filtered out; finished in 0.01s
2026-09-08T11:27:21.1741433Z 
2026-09-08T11:27:21.1762094Z [1m[92m     Running[0m tests\text.rs (target\debug\deps\text-17303956a642d88d.exe)
2026-09-08T11:27:21.1861046Z 
2026-09-08T11:27:21.1861565Z running 3 tests
2026-09-08T11:27:21.1865910Z test canonical_escape_preserves_text_and_attribute_whitespace ... ok
2026-09-08T11:27:21.1866857Z test escaping_limits_precede_result_allocation_and_stops_are_sticky ... ok
2026-09-08T11:27:21.2719733Z test xml_character_ranges_and_error_byte_offsets_are_exact ... ok
2026-09-08T11:27:21.2720123Z 
2026-09-08T11:27:21.2720396Z test result: ok. 3 passed; 0 failed; 0 ignored; 0 measured; 0 filtered out; finished in 0.09s
2026-09-08T11:27:21.2720704Z 
2026-09-08T11:27:21.2743367Z [1m[92m     Running[0m unittests src\lib.rs (target\debug\deps\nepl3_math_core-0fc0a9bddfa12e16.exe)
2026-09-08T11:27:21.2847268Z 
2026-09-08T11:27:21.2847778Z running 0 tests
2026-09-08T11:27:21.2848181Z 
2026-09-08T11:27:21.2848590Z test result: ok. 0 passed; 0 failed; 0 ignored; 0 measured; 0 filtered out; finished in 0.00s
2026-09-08T11:27:21.2849123Z 
2026-09-08T11:27:21.2868876Z [1m[92m     Running[0m tests\construct.rs (target\debug\deps\construct-0c945ea2accfbadb.exe)
2026-09-08T11:27:21.2970593Z 
2026-09-08T11:27:21.2971060Z running 1 test
2026-09-08T11:27:21.2976749Z test fresh_rational_notation_obeys_structure_depth_and_caller ... ok
2026-09-08T11:27:21.2977271Z 
2026-09-08T11:27:21.2977693Z test result: ok. 1 passed; 0 failed; 0 ignored; 0 measured; 0 filtered out; finished in 0.00s
2026-09-08T11:27:21.2978022Z 
2026-09-08T11:27:21.2997547Z [1m[92m     Running[0m tests\number.rs (target\debug\deps\number-5ab533f691181a2c.exe)
2026-09-08T11:27:21.3099835Z 
2026-09-08T11:27:21.3100406Z running 2 tests
2026-09-08T11:27:21.3106504Z test arithmetic_stops_before_big_integer_work_and_retains_operands ... ok
2026-09-08T11:27:21.3107413Z test canonical_rationals_keep_exact_decimal_and_fraction_values ... ok
2026-09-08T11:27:21.3107725Z 
2026-09-08T11:27:21.3108192Z test result: ok. 2 passed; 0 failed; 0 ignored; 0 measured; 0 filtered out; finished in 0.00s
2026-09-08T11:27:21.3108907Z 
2026-09-08T11:27:21.3128185Z [1m[92m     Running[0m tests\portable.rs (target\debug\deps\portable-18d84a166fcec508.exe)
2026-09-08T11:27:21.3239389Z 
2026-09-08T11:27:21.3239764Z running 2 tests
2026-09-08T11:27:21.3340805Z test schema_valid_math_rejects_nonfinite_numbers_and_missing_source_closure ... ok
2026-09-08T11:27:21.3350085Z test first_receiver_keeps_fraction_notation_spelling_and_source_once ... ok
2026-09-08T11:27:21.3350594Z 
2026-09-08T11:27:21.3351141Z test result: ok. 2 passed; 0 failed; 0 ignored; 0 measured; 0 filtered out; finished in 0.01s
2026-09-08T11:27:21.3351578Z 
2026-09-08T11:27:21.3379111Z [1m[92m     Running[0m tests\shape.rs (target\debug\deps\shape-9bd6e8a841acd955.exe)
2026-09-08T11:27:21.3485825Z 
2026-09-08T11:27:21.3486860Z running 3 tests
2026-09-08T11:27:21.3494023Z test notation_shapes_enforce_matrix_vector_fence_and_root_constraints ... ok
2026-09-08T11:27:21.3494859Z test rational_constructor_uses_number_only_for_finite_decimals ... ok
2026-09-08T11:27:21.4441516Z test shared_paths_and_deep_cleanup_keep_limits_and_categories ... ok
2026-09-08T11:27:21.4442075Z 
2026-09-08T11:27:21.4442426Z test result: ok. 3 passed; 0 failed; 0 ignored; 0 measured; 0 filtered out; finished in 0.10s
2026-09-08T11:27:21.4442740Z 
2026-09-08T11:27:21.4472407Z [1m[92m     Running[0m unittests src\lib.rs (target\debug\deps\nepl3_reader-8c326c989ce8e0d0.exe)
2026-09-08T11:27:21.4590815Z 
2026-09-08T11:27:21.4591345Z running 6 tests
2026-09-08T11:27:21.4598847Z test tokenizer::recovery::tests::recovery_keeps_scope_limits_and_usage_but_restores_entry_overflow ... ok
2026-09-08T11:27:21.4600022Z test tokenizer::recovery::tests::every_short_prefix_is_rejected_without_issuing_an_accepted_proof ... ok
2026-09-08T11:27:21.4601516Z test runtime::ownership_tests::hard_failure_returns_owned_collector_without_copying_or_new_budget ... ok
2026-09-08T11:27:21.4602793Z test runtime::ownership_tests::stopped_owned_collector_retains_closure_and_original_stop ... ok
2026-09-08T11:27:21.4604047Z test tokenizer::session::ownership_tests::rejected_budget_cannot_erase_previously_accepted_usage ... ok
2026-09-08T11:27:21.4605416Z test tokenizer::session::ownership_tests::tokenizer_failure_moves_source_closure_with_exhausted_budget ... ok
2026-09-08T11:27:21.4606237Z 
2026-09-08T11:27:21.4606681Z test result: ok. 6 passed; 0 failed; 0 ignored; 0 measured; 0 filtered out; finished in 0.00s
2026-09-08T11:27:21.4607321Z 
2026-09-08T11:27:21.4623203Z [1m[92m     Running[0m tests\builtin.rs (target\debug\deps\builtin-a5690bf0b8b6a445.exe)
2026-09-08T11:27:21.4730330Z 
2026-09-08T11:27:21.4731350Z running 17 tests
2026-09-08T11:27:21.5059009Z test empty_skip_and_take_readers_are_nonprogress_failures ... ok
2026-09-08T11:27:21.5520169Z test builtin_budget_stops_are_typed_and_do_not_return_partial_tokens ... ok
2026-09-08T11:27:21.5747711Z test generated_source_admission_is_once_and_unsuccessful_text_has_no_source_charge ... ok
2026-09-08T11:27:21.5930312Z test mode_take_is_ordered_choice_and_does_not_consume_trailing_trivia ... ok
2026-09-08T11:27:21.6119444Z test mode_text_reservation_is_lazy_and_echo_is_checked ... ok
2026-09-08T11:27:21.6431391Z test maximal_lexemes_wait_at_every_nonfinal_scalar_boundary ... ok
2026-09-08T11:27:21.6713006Z test committed_text_rejects_invalid_escapes_scalars_and_direct_lines ... ok
2026-09-08T11:27:21.6901926Z test owned_tokenizer_resume_does_not_borrow_the_original_context_and_checks_all_echo_fields ... ok
2026-09-08T11:27:21.7088018Z test reservation_locator_validation_obeys_work_limit_before_scanning ... ok
2026-09-08T11:27:21.7510344Z test names_preserve_unicode_spelling_and_read_maximal_identifier ... ok
2026-09-08T11:27:21.7618202Z test selected_standard_provider_dispatch_uses_builtin_values_and_rejects_forgery ... ok
2026-09-08T11:27:21.7800039Z test text_exact_runs_preserve_utf8_offsets_and_escape_boundaries ... ok
2026-09-08T11:27:21.7873962Z test text_decoding_retains_each_exact_or_transformed_source_range ... ok
2026-09-08T11:27:21.7991567Z test tokenizer_configuration_identity_ignores_mode_declaration_order_but_retains_rule_order ... ok
2026-09-08T11:27:21.8405580Z test trivia_keeps_ascii_line_boundaries_and_bom_position ... ok
2026-09-08T11:27:21.8495931Z test naturals_and_finite_decimals_are_exact_and_boundary_checked ... ok
2026-09-08T11:27:21.8538919Z test language_is_well_formed_abnf_not_registry_validity ... ok
2026-09-08T11:27:21.8539363Z 
2026-09-08T11:27:21.8539943Z test result: ok. 17 passed; 0 failed; 0 ignored; 0 measured; 0 filtered out; finished in 0.38s
2026-09-08T11:27:21.8540263Z 
2026-09-08T11:27:21.8566696Z [1m[92m     Running[0m tests\context.rs (target\debug\deps\context-841a9507765a423b.exe)
2026-09-08T11:27:21.8670770Z 
2026-09-08T11:27:21.8671162Z running 1 test
2026-09-08T11:27:21.8737456Z test checked_context_uses_real_digest_and_exact_origin_source_closure ... ok
2026-09-08T11:27:21.8738384Z 
2026-09-08T11:27:21.8738893Z test result: ok. 1 passed; 0 failed; 0 ignored; 0 measured; 0 filtered out; finished in 0.01s
2026-09-08T11:27:21.8739484Z 
2026-09-08T11:27:21.8759716Z [1m[92m     Running[0m tests\portable.rs (target\debug\deps\portable-4366c8ffda42ce68.exe)
2026-09-08T11:27:21.8857916Z 
2026-09-08T11:27:21.8858399Z running 2 tests
2026-09-08T11:27:21.8987480Z test host_global_source_cannot_fill_a_missing_request_declaration ... ok
2026-09-08T11:27:21.8991828Z test native_request_and_checked_ndf_loopback_execute_with_identical_meaning ... ok
2026-09-08T11:27:21.8992742Z 
2026-09-08T11:27:21.8993142Z test result: ok. 2 passed; 0 failed; 0 ignored; 0 measured; 0 filtered out; finished in 0.01s
2026-09-08T11:27:21.8993659Z 
2026-09-08T11:27:21.9015337Z [1m[92m     Running[0m tests\runtime.rs (target\debug\deps\runtime-9ef2171083ae2cb7.exe)
2026-09-08T11:27:21.9115780Z 
2026-09-08T11:27:21.9116179Z running 40 tests
2026-09-08T11:27:21.9331954Z test bounded_repeat_zero_never_executes_nullable_body ... ok
2026-09-08T11:27:21.9335663Z test accepted_diagnostic_owns_primary_related_and_fix_source_closure_before_publication ... ok
2026-09-08T11:27:21.9386425Z test accepted_collector_crosses_language_sessions_only_in_its_original_operation ... ok
2026-09-08T11:27:21.9520232Z test cancellation_during_provider_wait_stops_and_consumes_the_pending_slot ... ok
2026-09-08T11:27:21.9527526Z test checked_context_reuse_admits_exact_source_closure_in_each_operation ... ok
2026-09-08T11:27:21.9569072Z test checked_context_reuse_rejects_same_id_revision_with_changed_content ... ok
2026-09-08T11:27:21.9758091Z test checkpoints::suspended_lookahead_materializes_owned_prefixes_then_restores_the_visible_tree ... ok
2026-09-08T11:27:21.9804516Z test checkpoints::lookahead_over_growing_view_keeps_prior_nodes_without_quadratic_rollback_copies ... ok
2026-09-08T11:27:21.9950330Z test choice_rewinds_captures_views_and_retains_work ... ok
2026-09-08T11:27:21.9989338Z test commit_does_not_hide_failure_or_need_more_in_choice ... ok
2026-09-08T11:27:22.0140982Z test direct_repeat_failure_and_streaming_shortage_rollback_all_prior_iteration_reports ... ok
2026-09-08T11:27:22.0185994Z test every_utf8_prefix_split_is_need_more_and_final_truncation_is_no_match ... ok
2026-09-08T11:27:22.0221218Z test allocation_faults_across_later_resumes_preserve_already_accepted_reports ... ok
2026-09-08T11:27:22.0330804Z test failed_choice_restores_programmed_state_before_next_provider_call ... ok
2026-09-08T11:27:22.0409391Z test fresh_budget_and_forged_call_or_source_cannot_resume_a_saved_slot ... ok
2026-09-08T11:27:22.0519800Z test generated_sources_are_validated_transactionally_and_available_to_diagnostics ... ok
2026-09-08T11:27:22.0792157Z test long_source_identity_is_not_copied_after_allocation_budget_is_exhausted ... ok
2026-09-08T11:27:22.0796003Z test map_decode_and_then_use_typed_provider_envelopes ... ok
2026-09-08T11:27:22.0935841Z test failed_stopped_and_rollback_results_have_their_exact_formal_source_closure ... ok
2026-09-08T11:27:22.0987465Z test node_sidecar_and_look_not_optional_discard_have_independent_values ... ok
2026-09-08T11:27:22.1188492Z test programmed_repetition_requires_actual_consumption_and_accepts_consuming_calls ... ok
2026-09-08T11:27:22.1208018Z test provider_overflow_rejects_read_failed_map_decode_without_consuming_slot ... ok
2026-09-08T11:27:22.1216712Z test plan_identity_is_deterministic_but_distinguishes_arena_representation ... ok
2026-09-08T11:27:22.1370951Z test provider_signature_checks_operation_envelope_and_pure_decoder ... ok
2026-09-08T11:27:22.1402860Z test runtime_rejects_left_recursion_hidden_behind_empty_programmed_call ... ok
2026-09-08T11:27:22.1421627Z test retry::rejected_read_payload_state_end_source_and_view_preserve_formal_collector_and_pending ... ok
2026-09-08T11:27:22.1557174Z test session_binds_call_source_plan_usage_and_closes_after_consumed_resume ... ok
2026-09-08T11:27:22.1584138Z test static_plan_rejects_unknown_references_types_and_unproductive_recursion ... ok
2026-09-08T11:27:22.2122795Z test stopped_reader_retains_committed_provider_reports ... ok
2026-09-08T11:27:22.2323899Z test tokenizer_host::recovering_tokenizer_returns_the_prior_native_collector ... ok
2026-09-08T11:27:22.2528041Z test tokenizer_host::synchronous_text_reservation_preserves_decode_maps_and_fallback ... ok
2026-09-08T11:27:22.2762500Z test tokenizer_host::synchronous_tokenizer_keeps_owned_fallback_and_validates_replies ... ok
2026-09-08T11:27:22.2779050Z test stopped_tokenizer_retains_reader_report_and_generated_source_closure ... ok
2026-09-08T11:27:22.2879242Z test tokenizer_await_allocation_stops_clear_both_private_pending_slots ... ok
2026-09-08T11:27:22.2954310Z test tokenizer_outer_echo_validates_every_nested_reader_component_before_private_resume ... ok
2026-09-08T11:27:22.2958756Z test unicode_classes_use_pinned_unicode16_and_ascii_numeric_rules ... ok
2026-09-08T11:27:22.3141515Z test until_leaves_delimiter_and_takecount_counts_scalars ... ok
2026-09-08T11:27:22.3482759Z test transform::transform_all_outcomes_keep_sources_reports_and_retry_after_rejected_native_or_ndf_reply ... ok
2026-09-08T11:27:22.8996738Z test tokenizer_preserves_accepted_skip_reports_and_sources_across_candidate_rollback ... ok
2026-09-08T11:27:24.5439986Z test checkpoints::owned_resume_charges_frame_traversal_before_allocating_the_frame_vector ... ok
2026-09-08T11:27:24.5440389Z 
2026-09-08T11:27:24.5440618Z test result: ok. 40 passed; 0 failed; 0 ignored; 0 measured; 0 filtered out; finished in 2.63s
2026-09-08T11:27:24.5440943Z 
2026-09-08T11:27:24.5474489Z [1m[92m     Running[0m unittests src\lib.rs (target\debug\deps\nepl3_tools-69244717011a8889.exe)
2026-09-08T11:27:24.5579246Z 
2026-09-08T11:27:24.5579758Z running 67 tests
2026-09-08T11:27:24.5582215Z test bootstrap::tests::complete_grammar_bootstrap_host_comparison ... ignored, owned continuation performance baseline; run explicitly with --ignored --nocapture
2026-09-08T11:27:24.7098242Z test bootstrap::tests::compiled_angle_reader_keeps_quoted_delimiters_and_streaming_commit ... ok
2026-09-08T11:27:25.0291780Z test bootstrap::tests::lower_rechecks_execution_owner_even_when_semantic_profile_is_equal ... ok
2026-09-08T11:27:25.3260701Z test bootstrap::tests::file_driver_distinguishes_trailing_trivia_stop_from_extra_input ... ok
2026-09-08T11:27:25.4313274Z test bootstrap::tests::seed_rejects_forged_source_constructor_literal_and_list_boundaries ... ok
2026-09-08T11:27:25.4634620Z test bootstrap::tests::production_static_parse_lowers_actual_token_and_list_positions ... ok
2026-09-08T11:27:25.5416584Z test contract::foundation::tests::checker_rejects_changed_foundation_descriptor_before_registry_use ... ok
2026-09-08T11:27:25.5805779Z test contract::foundation::tests::constraint_declaration_order_is_canonical_but_duplicates_are_invalid ... ok
2026-09-08T11:27:25.6089128Z test contract::foundation::tests::generated_foundation_is_registered_and_checks_ordinary_schema_ref_records ... ok
2026-09-08T11:27:25.7213973Z test contract::reader::tests::reader_envelope_reference_closure_rejects_nested_missing_type ... ok
2026-09-08T11:27:25.7414683Z test bootstrap::tests::original_grammar_parser_compiles_independent_reader_binding_style_mutations ... ok
2026-09-08T11:27:25.8007829Z test contract::tests::real_contract_checker_uses_same_validation_for_model_fields ... ok
2026-09-08T11:27:25.9750153Z test contract::tests::real_contract_entry_rejects_unresolved_fields_intrinsics_and_imports ... ok
2026-09-08T11:27:25.9756350Z test contract::tests::unknown_form_reference_is_rejected ... ok
2026-09-08T11:27:25.9760727Z test contract::tests::unordered_or_duplicate_schema_fields_are_rejected ... ok
2026-09-08T11:27:25.9913203Z test contract::tests::real_contract_checker_rejects_malformed_contract_fields_and_variant_payloads ... ok
2026-09-08T11:27:26.0216580Z test contract::types::tests::missing_or_description_only_intrinsic_is_not_a_closed_type ... ok
2026-09-08T11:27:26.0226938Z test contract::types::tests::parses_nested_types_and_rejects_unknown_or_malformed_generics ... ok
2026-09-08T11:27:26.0406125Z test contract::types::tests::rejects_missing_duplicate_or_local_external_imports_and_duplicate_owners ... ok
2026-09-08T11:27:26.0434510Z test contract::types::tests::intrinsic_tags_payload_order_and_subset_membership_are_fixed_by_ndf1 ... ok
2026-09-08T11:27:26.0610366Z test contract::types::tests::repository_descriptors_resolve_including_recursive_intrinsics_and_models ... ok
2026-09-08T11:27:26.0617138Z test dependency::tests::development_edges_are_reported_separately ... ok
2026-09-08T11:27:26.0622437Z test dependency::tests::indirect_domain_dependency_is_rejected ... ok
2026-09-08T11:27:26.0628280Z test dependency::tests::production_host_boundary_does_not_depend_on_no_std_flag ... ok
2026-09-08T11:27:26.0651686Z test dependency::tests::renamed_build_dependency_is_checked_by_package_name ... ok
2026-09-08T11:27:26.0657111Z test doc::export::pages::resources::tests::phase_digest_matches_independent_fixed_big_endian_vector ... ok
2026-09-08T11:27:26.0662322Z test doc::host::tests::source_cache_tracks_exact_request_scope_and_rechecks_independent_values ... ok
2026-09-08T11:27:26.0686004Z test documentation::markdown::tests::corrected_foundation_and_math_documents_have_no_accidental_html_tags ... ok
2026-09-08T11:27:26.0692129Z test documentation::markdown::tests::footnote_markers_are_preserved_without_inventing_rendered_numbers ... ok
2026-09-08T11:27:26.0698261Z test documentation::markdown::tests::generic_notation_is_literal_code_and_generated_comments_are_metadata ... ok
2026-09-08T11:27:26.0703547Z test documentation::markdown::tests::hard_break_is_the_same_typed_newline_in_setext_heading_and_link ... ok
2026-09-08T11:27:26.0708746Z test documentation::markdown::tests::heading_and_link_projection_keep_both_math_event_kinds ... ok
2026-09-08T11:27:26.0714291Z test documentation::markdown::tests::inline_html_is_retained_separately_and_not_interpreted_by_summary_projection ... ok
2026-09-08T11:27:26.0719539Z test documentation::markdown::tests::link_projection_preserves_soft_and_hard_word_boundaries ... ok
2026-09-08T11:27:26.0724918Z test documentation::markdown::tests::nested_image_code_and_math_share_heading_and_link_projection ... ok
2026-09-08T11:27:26.0731696Z test documentation::markdown::tests::real_markdown_parser_keeps_badges_nested_links_and_literal_code_separate ... ok
2026-09-08T11:27:26.0737989Z test contract::types::tests::rejects_unresolved_nested_fields_union_targets_and_undeclared_parameters ... ok
2026-09-08T11:27:26.0739230Z test documentation::markdown::tests::unicode_crlf_breaks_and_math_keep_original_byte_ranges ... ok
2026-09-08T11:27:26.0928855Z test bootstrap::tests::supplied_grammar_sources_load_complete_typed_constructor_arenas ... ok
2026-09-08T11:27:26.1648558Z test documentation::tests::commit_reference_and_missing_history_are_not_silently_accepted ... ok
2026-09-08T11:27:27.2304389Z test documentation::tests::git_symlink_mode_is_rejected_without_creating_an_os_symlink ... ok
2026-09-08T11:27:27.8664288Z test documentation::tests::nonregular_output_and_oversized_current_input_are_rejected ... ok
2026-09-08T11:27:27.8669114Z test evidence::identity::tests::length_prefixed_profile_matches_independent_hashlib_vector ... ok
2026-09-08T11:27:28.0003330Z test evidence::tests::actual_task_loader_accepts_only_matching_complete_attempt ... ok
2026-09-08T11:27:28.1965758Z test evidence::tests::actual_task_loader_rejects_missing_malformed_and_duplicate_key_reports ... ok
2026-09-08T11:27:28.2403278Z test documentation::tests::real_checker_rejects_omitted_page_digest_and_structure_tampering ... ok
2026-09-08T11:27:28.3996069Z test evidence::tests::evidence_status_and_generated_tasks_do_not_create_hash_self_reference ... ok
2026-09-08T11:27:28.5056423Z test documentation::tests::real_checker_reports_added_changed_removed_and_rejects_current_claim ... ok
2026-09-08T11:27:28.5682936Z test evidence::tests::failed_attempt_can_record_early_failure_without_claiming_full_coverage ... ok
2026-09-08T11:27:28.8418597Z test evidence::tests::actual_task_loader_rejects_wrong_group_result_identity_and_target_coverage ... ok
2026-09-08T11:27:28.9108312Z test evidence::tests::independent_review_is_typed_and_cannot_be_faked_as_a_process_run ... ok
2026-09-08T11:27:29.1017136Z test evidence::tests::modifying_excluded_log_still_invalidates_its_bound_report ... ok
2026-09-08T11:27:29.1022199Z test repository::json::tests::duplicate_keys_cannot_hide_contract_fields ... ok
2026-09-08T11:27:29.1026383Z test repository::tests::escaping_reference_is_rejected_before_reading ... ok
2026-09-08T11:27:29.1030283Z test repository::tests::nul_paths_keep_spaces_and_non_ascii ... ok
2026-09-08T11:27:29.1033772Z test repository::tests::secret_and_artifact_names_are_rejected ... ok
2026-09-08T11:27:29.1038174Z test task::tests::acceptance_ids_are_spec_definitions_only ... ok
2026-09-08T11:27:29.1042622Z test task::tests::dependency_graph_rejects_cycle_missing_and_duplicate_edges ... ok
2026-09-08T11:27:29.1046601Z test task::tests::executed_status_requires_evidence ... ok
2026-09-08T11:27:29.1050508Z test task::tests::final_completion_requires_all_global_acceptance_passed ... ok
2026-09-08T11:27:29.1054329Z test task::tests::scoped_evidence_rejects_empty_checks_or_wrong_task ... ok
2026-09-08T11:27:29.1072446Z test task::tests::scoped_task_completion_does_not_pretend_global_editor_acceptance_passed ... ok
2026-09-08T11:27:29.1077242Z test task::tests::status_cannot_omit_an_acceptance_group ... ok
2026-09-08T11:27:29.1080858Z test task::tests::terminal_task_uses_new_required_groups_and_not_optional_groups ... ok
2026-09-08T11:27:29.1333613Z test evidence::tests::partial_success_reports_cannot_be_combined_into_a_full_attempt ... ok
2026-09-08T11:27:29.3721984Z test bootstrap::tests::complete_grammar_bootstrap_uses_production_parser_lower_and_semantic_identity ... ok
2026-09-08T11:27:29.4421209Z test evidence::tests::inventory_addition_source_change_spec_change_and_deleted_input_invalidate ... ok
2026-09-08T11:27:29.4421675Z 
2026-09-08T11:27:29.4421909Z test result: ok. 66 passed; 0 failed; 1 ignored; 0 measured; 0 filtered out; finished in 4.88s
2026-09-08T11:27:29.4422225Z 
2026-09-08T11:27:29.4460312Z [1m[92m     Running[0m unittests src\main.rs (target\debug\deps\nepl3_tools-adc3eba88a1e619b.exe)
2026-09-08T11:27:29.4557583Z 
2026-09-08T11:27:29.4557930Z running 0 tests
2026-09-08T11:27:29.4558161Z 
2026-09-08T11:27:29.4558577Z test result: ok. 0 passed; 0 failed; 0 ignored; 0 measured; 0 filtered out; finished in 0.00s
2026-09-08T11:27:29.4559112Z 
2026-09-08T11:27:29.4577452Z [1m[92m     Running[0m tests\bootstrap.rs (target\debug\deps\bootstrap-bc85a2faa37623e1.exe)
2026-09-08T11:27:29.4672968Z 
2026-09-08T11:27:29.4673468Z running 1 test
2026-09-08T11:27:29.9812737Z test seed_import_runs_on_main_thread_for_complete_sources_and_rejects_bad_input ... ok
2026-09-08T11:27:29.9813301Z 
2026-09-08T11:27:29.9813541Z test result: ok. 1 passed; 0 failed; 0 ignored; 0 measured; 0 filtered out; finished in 0.51s
2026-09-08T11:27:29.9813870Z 
2026-09-08T11:27:29.9833325Z [1m[92m     Running[0m tests\doc.rs (target\debug\deps\doc-3ca723e83baae99e.exe)
2026-09-08T11:27:29.9935968Z 
2026-09-08T11:27:29.9936393Z running 76 tests
2026-09-08T11:27:30.9465319Z test annotated::annotated_projection_keeps_sticky_limits_and_heading_depth ... ok
2026-09-08T11:27:31.2269552Z test annotated::annotated_view_preserves_typed_notes_code_and_nested_sections ... ok
2026-09-08T11:27:32.8668139Z test annotated::annotated_host_rejects_invalid_aliases_before_creating_output ... ok
2026-09-08T11:27:33.4872668Z test doc_code_same_alias_keeps_invalid_guest_meaning_and_restores_host ... ok
2026-09-08T11:27:34.0369349Z test doc_prefix_limits_preserve_typed_stops_and_caller_depth ... ok
2026-09-08T11:27:34.1173166Z test doc_auxiliary_fragments_and_parent_operands_have_typed_boundaries ... ok
2026-09-08T11:27:34.5149665Z test doc_sentence_provider_failures_have_typed_report_positions_and_stops ... ok
2026-09-08T11:27:34.8905844Z test doc_prefix_original_annotation_examples_use_actual_parser_and_lower ... ok
2026-09-08T11:27:35.2512650Z test doc_sentence_provider_payload_and_prefix_share_the_actual_normal_form ... ok
2026-09-08T11:27:35.4717673Z test doc_suite_seed_artifacts_match_the_original_sources ... ok
2026-09-08T11:27:36.2776061Z test export::export_preserves_content_and_binds_script_free_files ... ok
2026-09-08T11:27:36.6868667Z test export::export_reserves_depth_for_the_document_shell ... ok
2026-09-08T11:27:37.2391536Z test export::export_reuses_the_admitted_tree_proof_without_recharging_parse ... ok
2026-09-08T11:27:37.2398840Z test export::page_manifest_requires_all_explicit_limit_fields ... ok
2026-09-08T11:27:39.4933618Z test annotated::annotated_view_rejects_hidden_boundaries_and_unresolved_content ... ok
2026-09-08T11:27:40.1064460Z test external::external_links_use_shared_markup_rules_and_portable_revalidation ... ok
2026-09-08T11:27:40.1476995Z test export::page_export_shares_script_free_shell_and_verifies_every_file ... ok
2026-09-08T11:27:40.6417446Z test export::page_output_budget_is_explicit_shared_and_sticky ... ok
2026-09-08T11:27:41.1967351Z test html::article_html_preserves_nested_paragraph_order_without_nested_p ... ok
2026-09-08T11:27:41.2819392Z test external::hidden_unsafe_links_are_rejected_and_other_requirements_remain ... ok
2026-09-08T11:27:41.7489850Z test html::article_html_preserves_ruby_notes_and_forward_label_reference ... ok
2026-09-08T11:27:42.2786107Z test annotated::authored_chapter_thirteen_generates_annotations_without_rewriting ... ok
2026-09-08T11:27:42.8899435Z test html::explicit_break_renders_br_without_reinterpreting_text_line_feeds ... ok
2026-09-08T11:27:45.1035535Z test html::parallel_html_selects_only_explicit_language_or_fallback ... ok
2026-09-08T11:27:45.2098765Z test html::browser_layout_corpus_from_real_doc_source ... ok
2026-09-08T11:27:45.7552712Z test html::real_source_html_crosses_first_receiver_cbor_with_positions_and_options ... ok
2026-09-08T11:27:45.8149007Z test html::table_list_and_raw_code_keep_order_shape_and_original_characters ... ok
2026-09-08T11:27:46.0663302Z test html::local_render_does_not_hide_unresolved_external_inputs_or_invalid_options ... ok
2026-09-08T11:27:46.4664908Z test input::file_export_reads_explicit_inputs_and_preserves_logical_namespace ... ok
2026-09-08T11:27:46.8243234Z test input::physical_file_names_do_not_rebase_logical_doc_links ... ok
2026-09-08T11:27:47.0188953Z test labels::article_labels_do_not_import_or_validate_guest_labels ... ok
2026-09-08T11:27:47.0840011Z test labels::article_labels_resolve_forward_names_and_keep_operand_selection ... ok
2026-09-08T11:27:47.4263828Z test labels::field_location_first_receiver_rejects_kind_duplicates_and_position_claims ... ok
2026-09-08T11:27:47.5903786Z test labels::label_diagnostics_keep_typed_names_paths_and_original_failure_on_stop ... ok
2026-09-08T11:27:47.7178339Z test labels::label_duplicates_use_name_operands_and_source_less_positions_stay_absent ... ok
2026-09-08T11:27:47.9967211Z test labels::shared_label_display_occurrences_have_two_structural_paths ... ok
2026-09-08T11:27:48.1734246Z test labels::unicode_crlf_labels_and_budget_stops_keep_their_input_positions ... ok
2026-09-08T11:27:48.5752903Z test mixed::literal_and_prefix_share_one_lower_with_source_and_local_view_retention ... ok
2026-09-08T11:27:48.6349566Z test mixed::mixed_lower_keeps_doc_guest_syntax_without_meaning_check ... ok
2026-09-08T11:27:48.7077259Z test html::annotated_linear_combination_document_reaches_real_html ... ok
2026-09-08T11:27:48.7405401Z test mixed::mixed_lower_rejects_other_token_view_and_semantic_positions_without_mutation ... ok
2026-09-08T11:27:49.1838165Z test mixed::mixed_lower_stops_keep_original_tree_and_caller_depth ... ok
2026-09-08T11:27:49.4950309Z test pages::page_output_rejects_an_anchor_hidden_by_language_selection ... ok
2026-09-08T11:27:49.6830435Z test native_doc_host_preserves_owned_parse_tree_and_uses_less_allocation ... ok
2026-09-08T11:27:49.6840476Z test phases::phase_manifest_requires_complete_finite_records ... ok
2026-09-08T11:27:50.0157776Z test pages::real_two_page_sources_resolve_without_ambient_documents ... ok
2026-09-08T11:27:50.5588066Z test mixed::referenced_sentence_payloads_cross_the_owned_syntax_boundary_without_source_copies ... ok
2026-09-08T11:27:50.6808224Z test phases::phase_configuration_binds_real_profile_and_keeps_native_portable_tree_equal ... ok
2026-09-08T11:27:50.7929814Z test prepare::source_preparation_retains_code_and_identifies_each_foreign_closure ... ok
2026-09-08T11:27:50.8293694Z test phases::phase_settings_preserve_defaults_and_do_not_hide_stops ... ok
2026-09-08T11:27:51.3807585Z test print::printer_rejects_unprintable_source_less_names_and_languages_without_changing_values ... ok
2026-09-08T11:27:51.3963584Z test print::printer_expands_shared_paths_with_bounded_output_and_deep_cleanup ... ok
2026-09-08T11:27:52.0221398Z test print::printer_stops_preserve_request_and_report_at_preparation_and_output_boundaries ... ok
2026-09-08T11:27:52.1808640Z test print::printer_requires_explicit_current_guest_print_and_binding_at_first_receiver ... ok
2026-09-08T11:27:52.3502949Z test print::prefix_and_compact_print_reparse_real_doc_annotation_and_explicit_break ... ok
2026-09-08T11:27:52.9046768Z test projection::explicit_breaks_preserve_markdown_paragraph_and_list_structure ... ok
2026-09-08T11:27:53.3735757Z test print::standalone_guest_fragments_keep_concrete_entry_and_foreign_syntax ... ok
2026-09-08T11:27:53.9225109Z test projection::markdown_projection_preserves_literal_punctuation_and_code_delimiters ... ok
2026-09-08T11:27:54.1557709Z test projection::actual_contract_projects_to_equivalent_markdown_events ... ok
2026-09-08T11:27:54.3740480Z test projection::markdown_breaks_refuse_lossy_edges_and_heading_line_splitting ... ok
2026-09-08T11:27:54.7589768Z test projection::projection_stops_without_returning_partial_markdown ... ok
2026-09-08T11:27:54.9239268Z test projection::raw_code_projection_preserves_bytes_and_distinct_blocks ... ok
2026-09-08T11:27:56.0487824Z test projection::raw_code_projection_rejects_normalized_bytes_and_ambiguous_hints ... ok
2026-09-08T11:27:56.0657808Z test projection::projection_refuses_lossy_or_unsupported_doc_shapes ... ok
2026-09-08T11:27:56.5837457Z test projection::sentence_boundaries_do_not_hide_unsupported_flow_or_code_collisions ... ok
2026-09-08T11:27:56.8413572Z test projection::sentence_sequences_preserve_one_paragraph_and_author_spacing ... ok
2026-09-08T11:27:56.9415818Z test resources::actual_doc_links_to_exact_registered_file_bytes ... ok
2026-09-08T11:27:57.1455780Z test resources::file_resource_export_reads_only_explicit_contained_inputs ... ok
2026-09-08T11:27:57.3876286Z test resources::fragment_only_doc_source_generates_a_checked_self_href ... ok
2026-09-08T11:27:57.9207479Z test text::plain_text_preparation_stops_are_formal_and_report_overflow_requires_stopped ... ok
2026-09-08T11:27:58.0852690Z test resources::registered_resources_obey_output_stop_and_reserved_routes ... ok
2026-09-08T11:27:58.4554959Z test text::plain_text_preserves_output_work_allocation_depth_and_cancel_stops ... ok
2026-09-08T11:27:58.5529682Z test text::plain_text_first_receiver_rejects_old_source_other_guest_and_owner_environment ... ok
2026-09-08T11:27:58.9237840Z test text::plain_text_projects_only_policy_selected_embeds_and_roundtrips_typed_requests ... ok
2026-09-08T11:27:58.9892920Z test text::plain_text_uses_explicit_labels_alt_and_author_whitespace ... ok
2026-09-08T11:28:11.1509498Z test print::every_form_prints_through_real_parser_and_typed_first_receiver ... ok
2026-09-08T11:28:11.1509867Z 
2026-09-08T11:28:11.1511524Z test result: ok. 76 passed; 0 failed; 0 ignored; 0 measured; 0 filtered out; finished in 41.16s
2026-09-08T11:28:11.1511926Z 
2026-09-08T11:28:11.1576724Z [1m[92m     Running[0m tests\doc_capacity.rs (target\debug\deps\doc_capacity-e4fa224fac117c4b.exe)
2026-09-08T11:28:11.1686978Z 
2026-09-08T11:28:11.1687429Z running 1 test
2026-09-08T11:28:13.2004646Z test annotated_sentences_exceed_the_old_host_node_cap_without_losing_content ... ok
2026-09-08T11:28:13.2005222Z 
2026-09-08T11:28:13.2005636Z test result: ok. 1 passed; 0 failed; 0 ignored; 0 measured; 0 filtered out; finished in 2.03s
2026-09-08T11:28:13.2006133Z 
2026-09-08T11:28:13.2061914Z [1m[92m     Running[0m tests\grammar.rs (target\debug\deps\grammar-ee18e55d0e160077.exe)
2026-09-08T11:28:13.2173937Z 
2026-09-08T11:28:13.2174696Z running 81 tests
2026-09-08T11:28:13.3018613Z test binding::custom::borrowed_facts_boundary_shares_owned_validation_without_tree_or_fact_copies ... ok
2026-09-08T11:28:13.3273380Z test binding::analysis_revalidates_concrete_package_and_keeps_initial_failures_typed ... ok
2026-09-08T11:28:13.3932352Z test binding::binding_stops_preserve_reason_partial_closure_and_caller_depth ... ok
2026-09-08T11:28:13.4079038Z test binding::custom::custom_declared_mapping_and_report_survive_cancel ... ok
2026-09-08T11:28:13.4242794Z test binding::custom::custom_foreign_call_uses_its_own_namespace_and_root ... ok
2026-09-08T11:28:13.5270096Z test binding::custom::custom_global_diagnostic_retains_the_validated_delta_source ... ok
2026-09-08T11:28:13.5331259Z test binding::custom::custom_maximum_ids_stay_typed ... ok
2026-09-08T11:28:13.5502103Z test binding::custom::custom_global_checks_existing_batch_duplicates_and_lexical_authority ... ok
2026-09-08T11:28:13.6429150Z test binding::custom::custom_provider_sparse_ids_then_normal_binding_and_accepted_stop ... ok
2026-09-08T11:28:13.6815590Z test binding::custom::custom_resolution_history_preserves_issuance_and_updates_open_inputs ... ok
2026-09-08T11:28:13.7983067Z test binding::custom::custom_partial_reply_and_budget_stop_keep_checked_prefixes ... ok
2026-09-08T11:28:13.8949253Z test binding::custom::recursive::recursive_custom_rejects_header_references_and_id_reissue_but_preserves_distinct_names ... ok
2026-09-08T11:28:13.9929325Z test binding::binding_seed_artifacts_match_original_source_and_host_adapter ... ok
2026-09-08T11:28:14.0540532Z test binding::custom::recursive::recursive_custom_actual_cbor_requests_use_same_phase_callback_and_fact_ids ... ok
2026-09-08T11:28:14.0948758Z test binding::declaration_body_foreign_uses_independent_root_for_both_orders ... ok
2026-09-08T11:28:14.1539661Z test binding::custom::recursive::recursive_custom_reuses_header_ids_and_runs_initializers_after_all_headers ... ok
2026-09-08T11:28:14.2405688Z test binding::global::global_duplicate_construction_stops_keep_the_formal_prefix ... ok
2026-09-08T11:28:14.2456438Z test binding::official_binding_let_lambda_visibility_and_entity_identity ... ok
2026-09-08T11:28:14.3348431Z test binding::open_inputs_and_global_occurrences_keep_their_distinct_scopes ... ok
2026-09-08T11:28:14.3945263Z test binding::global::global_visibility_is_ordered_and_duplicates_keep_both_locations ... ok
2026-09-08T11:28:14.4096731Z test binding::portable::analysis::keyed_invalid_reply_and_access_errors_keep_typed_causes ... ok
2026-09-08T11:28:14.4709487Z test binding::portable::analysis::preparation_binds_conditions_and_uri_and_preserves_typed_stops ... ok
2026-09-08T11:28:14.4867429Z test binding::custom::recursive::recursive_custom_phase_receipts_reject_schema_valid_claims_and_preserve_stop_prefix ... ok
2026-09-08T11:28:14.5661647Z test binding::portable::binding_bundle_scope_ledger_preserves_ids_and_rejects_invalid_raw_roots ... ok
2026-09-08T11:28:14.5782680Z test binding::portable::analysis::prepared_binding_request_first_receiver_and_keyed_reply_preserve_identity ... ok
2026-09-08T11:28:14.5850377Z test binding::portable::analysis::selected_profile_provider_resource_and_execution_changes_invalidate_bound_results ... ok
2026-09-08T11:28:14.6320441Z test binding::ordered_exports_recursive_headers_and_foreign_roots ... ok
2026-09-08T11:28:14.6365120Z test binding::portable::binding_invalid_and_stopped_envelopes_preserve_typed_causes_and_partial_fact_invariants ... ok
2026-09-08T11:28:14.6539164Z test binding::portable::causes::every_binding_failure_variant_keeps_its_typed_nested_cause ... ok
2026-09-08T11:28:14.7163479Z test binding::portable::binding_result_first_receiver_preserves_visibility_reports_and_foreign_closure ... ok
2026-09-08T11:28:14.7456064Z test binding::portable::query::custom_keyed_queries_use_sparse_final_ids_and_keep_absent_locations ... ok
2026-09-08T11:28:14.7794040Z test binding::portable::namespace_visibility_stage_roundtrips_and_rejects_wrong_policy_or_root ... ok
2026-09-08T11:28:14.8393854Z test binding::portable::query::keyed_references_boundary_options_and_sticky_stops ... ok
2026-09-08T11:28:14.8633649Z test binding::portable::query::query_import_option_uses_a_real_provider_occurrence ... ok
2026-09-08T11:28:14.9319776Z test binding::portable::query::query_received_geometry_identity_sources_and_stop_mutations_are_rejected ... ok
2026-09-08T11:28:14.9412118Z test binding::portable::query::keyed_definition_uses_original_ranges_and_all_identity_candidates ... ok
2026-09-08T11:28:14.9671432Z test binding::portable::query::query_role_options_ambiguity_and_open_inputs_remain_distinct ... ok
2026-09-08T11:28:15.0455681Z test binding::portable::query::region_queries_keep_custom_sparse_final_resolution_and_source_less_targets ... ok
2026-09-08T11:28:15.0902818Z test binding::portable::query::region_queries_use_only_accepted_custom_map_owners ... ok
2026-09-08T11:28:15.0954440Z test binding::portable::query::custom_map_ownership_survives_stops_and_raw_validation ... ok
2026-09-08T11:28:15.1302983Z test binding::portable::rename::rename_candidate_checks_unmapped_bytes_uri_revision_and_explicit_exact_derivation ... ok
2026-09-08T11:28:15.1630823Z test binding::portable::rename::rename_custom_owned_generated_name_retains_inverse_and_forward_edits ... ok
2026-09-08T11:28:15.1849527Z test binding::portable::rename::rename_inverse_rejects_transformed_and_multiple_source_paths ... ok
2026-09-08T11:28:15.2314442Z test binding::portable::rename::rename_refuses_ambiguous_and_encoded_names_without_inverse_encoder ... ok
2026-09-08T11:28:15.2534640Z test binding::portable::rename::rename_exact_segments_preserve_unique_coverage_and_unmapped_geometry ... ok
2026-09-08T11:28:15.2656717Z test binding::portable::rename::rename_rejects_a_guest_map_as_host_edit_authority ... ok
2026-09-08T11:28:15.2876986Z test binding::portable::rename::rename_refuses_capture_free_name_and_scope_collision_after_real_reanalysis ... ok
2026-09-08T11:28:15.3209215Z test binding::portable::rename::rename_rejects_stale_requests_seal_swaps_and_sticky_resource_stops ... ok
2026-09-08T11:28:15.4060809Z test binding::repeated_recursive_plan_reuses_only_its_own_header_entities ... ok
2026-09-08T11:28:15.4375016Z test binding::portable::rename::rename_reserved_heads_use_namespace_owner_and_ignore_other_selected_language ... ok
2026-09-08T11:28:15.4445995Z test binding::portable::rename::rename_reparses_candidate_and_preserves_original_entity_correspondence ... ok
2026-09-08T11:28:15.4810832Z test binding::portable::rename::rename_uses_custom_final_resolutions_and_refuses_missing_locations ... ok
2026-09-08T11:28:15.5313680Z test binding::stopped_origin_preparation_never_publishes_a_forward_reference_prefix ... ok
2026-09-08T11:28:15.5704986Z test diagnostic::checked_in_seed_fixture_matches_the_real_bootstrap_adapter ... ok
2026-09-08T11:28:15.5741436Z test binding_example_uses_text_name_payload_and_actual_schema_dependencies ... ok
2026-09-08T11:28:15.6460470Z test complete_grammar_source_compiles_with_real_reader_and_facts_descriptors ... ok
2026-09-08T11:28:15.7766287Z test diagnostic::compiler_diagnostic_is_typed_roundtrips_and_stops_without_losing_borrowed_location ... ok
2026-09-08T11:28:15.8166042Z test diagnostic::compiler_diagnostic_rejects_an_unrelated_document_and_preserves_stopped_reason ... ok
2026-09-08T11:28:15.8574877Z test diagnostic::compiler_report_boundary_without_host_process ... ok
2026-09-08T11:28:15.9396138Z test diagnostic::detailed_package_checker_is_the_legacy_checker_with_exact_subjects ... ok
2026-09-08T11:28:16.0176284Z test diagnostic::compiler_locations_use_utf8_raw_escape_ranges_and_typed_choice_operands ... ok
2026-09-08T11:28:16.0610653Z test diagnostic::compiler_locates_missing_rule_range_and_binding_payload_from_real_source ... ok
2026-09-08T11:28:16.2546660Z test diagnostic::document_compile_and_diagnostic_share_one_source_admission ... ok
2026-09-08T11:28:16.2591676Z test diagnostic::plan_progress_and_recursion_failures_retain_the_compiled_expression_source ... ok
2026-09-08T11:28:16.3001295Z test reader::all_reader_constructors_compile_and_execute_with_independent_results ... ok
2026-09-08T11:28:16.3046738Z test reader::all_reader_constructors_preserve_failure_optional_and_commit_semantics ... ok
2026-09-08T11:28:16.3449946Z test reader::compiled_reader_streaming_boundaries_and_rollback_keep_raw_positions ... ok
2026-09-08T11:28:16.3962247Z test region::actual_parser_region_selects_field_priority_before_inner_depth ... ok
2026-09-08T11:28:16.4182381Z test reader::reader_matrix_seed_matches_the_real_adapter ... ok
2026-09-08T11:28:16.4355650Z test full_example_assembly_reaches_actual_plan_and_binding_validation ... ok
2026-09-08T11:28:16.5049475Z test region::actual_reader_capture_and_nested_view_remain_token_owned ... ok
2026-09-08T11:28:16.5351480Z test region::boundaries::region_recovery_utf8_end_stale_and_stops_do_not_invent_children ... ok
2026-09-08T11:28:16.5718517Z test region::boundaries::region_first_receiver_rebuilds_tree_and_sidecar_without_sender_sources ... ok
2026-09-08T11:28:16.5765395Z test region::grammar_selection_priority_is_separate_from_style_and_changes_identity ... ok
2026-09-08T11:28:16.6478490Z test region::mapped::foreign_maps_stay_owner_local_and_compose_caller_depth ... ok
2026-09-08T11:28:16.6612862Z test region::grammar_selection_errors_keep_the_exact_operand_location ... ok
2026-09-08T11:28:16.6813427Z test region::mapped::formally_accepted_mapped_capture_and_trivia_republication_survive_wire ... ok
2026-09-08T11:28:16.7397873Z test region::query::region_query_preserves_multiple_mapping_candidates_and_atomic_failures ... ok
2026-09-08T11:28:16.8792628Z test region::query::regions_drive_final_definition_and_references_without_name_lookup ... ok
2026-09-08T11:28:17.0675961Z test shared_kind_is_category_local_with_one_shape_and_distinct_provenance ... ok
2026-09-08T11:28:17.0933190Z test diagnostic::package_subjects_locate_original_category_and_mode_operands ... ok
2026-09-08T11:28:17.0933671Z 
2026-09-08T11:28:17.0933926Z test result: ok. 81 passed; 0 failed; 0 ignored; 0 measured; 0 filtered out; finished in 3.88s
2026-09-08T11:28:17.0934233Z 
2026-09-08T11:28:17.0976982Z [1m[92m     Running[0m tests\math.rs (target\debug\deps\math-9bf2f2f134c34129.exe)
2026-09-08T11:28:17.1078012Z 
2026-09-08T11:28:17.1078444Z running 2 tests
2026-09-08T11:28:17.9282999Z test math_lower_failures_keep_original_constructor_and_sticky_resource_reason ... ok
2026-09-08T11:28:19.7648089Z test all_math_constructors_lower_from_the_actual_parser_and_first_receiver ... ok
2026-09-08T11:28:19.7648588Z 
2026-09-08T11:28:19.7648969Z test result: ok. 2 passed; 0 failed; 0 ignored; 0 measured; 0 filtered out; finished in 2.66s
2026-09-08T11:28:19.7649483Z 
2026-09-08T11:28:19.7685914Z [1m[92m     Running[0m unittests src\lib.rs (target\debug\deps\nepl3_wire-c9c688a1680522f8.exe)
2026-09-08T11:28:19.7787558Z 
2026-09-08T11:28:19.7787977Z running 0 tests
2026-09-08T11:28:19.7788246Z 
2026-09-08T11:28:19.7788671Z test result: ok. 0 passed; 0 failed; 0 ignored; 0 measured; 0 filtered out; finished in 0.00s
2026-09-08T11:28:19.7789210Z 
2026-09-08T11:28:19.7807911Z [1m[92m     Running[0m tests\codec.rs (target\debug\deps\codec-cdb7d8a897dda542.exe)
2026-09-08T11:28:19.7900147Z 
2026-09-08T11:28:19.7900835Z running 7 tests
2026-09-08T11:28:19.7910326Z test every_truncated_prefix_fails_and_complete_input_preserves_bytes ... ok
2026-09-08T11:28:19.7911357Z test checked_boundary_uses_real_registry_and_rejects_wrong_field_type ... ok
2026-09-08T11:28:19.7914590Z test integer_width_boundaries_use_shortest_unsigned_encoding ... ok
2026-09-08T11:28:19.7915559Z test limits_stop_with_typed_reasons_without_a_successful_partial_value ... ok
2026-09-08T11:28:19.7918229Z test malformed_noncanonical_and_forbidden_cbor_values_are_rejected ... ok
2026-09-08T11:28:19.7974988Z test all_twelve_tags_match_specified_cbor_bytes ... ok
2026-09-08T11:28:19.8548627Z test deeply_nested_values_do_not_use_the_native_call_stack ... ok
2026-09-08T11:28:19.8548923Z 
2026-09-08T11:28:19.8549174Z test result: ok. 7 passed; 0 failed; 0 ignored; 0 measured; 0 filtered out; finished in 0.06s
2026-09-08T11:28:19.8549487Z 
2026-09-08T11:28:19.8573834Z [1m[92m     Running[0m tests\digest.rs (target\debug\deps\digest-90cb2b2dd2d39ad2.exe)
2026-09-08T11:28:19.8671514Z 
2026-09-08T11:28:19.8671907Z running 1 test
2026-09-08T11:28:19.9039757Z test canonical_digest_uses_ndf_tagged_cbor_and_keeps_budget_stops ... ok
2026-09-08T11:28:19.9040092Z 
2026-09-08T11:28:19.9040336Z test result: ok. 1 passed; 0 failed; 0 ignored; 0 measured; 0 filtered out; finished in 0.04s
2026-09-08T11:28:19.9040648Z 
2026-09-08T11:28:19.9063023Z [1m[92m     Running[0m tests\facts.rs (target\debug\deps\facts-30822cb54eabccf7.exe)
2026-09-08T11:28:19.9161142Z 
2026-09-08T11:28:19.9161407Z running 1 test
2026-09-08T11:28:19.9249721Z test typed_facts_and_delta_roundtrip_preserve_ids_and_reject_semantic_forgery ... ok
2026-09-08T11:28:19.9250122Z 
2026-09-08T11:28:19.9250362Z test result: ok. 1 passed; 0 failed; 0 ignored; 0 measured; 0 filtered out; finished in 0.01s
2026-09-08T11:28:19.9250701Z 
2026-09-08T11:28:19.9270365Z [1m[92m     Running[0m tests\origin.rs (target\debug\deps\origin-77dbcaefc1cc4d90.exe)
2026-09-08T11:28:19.9364607Z 
2026-09-08T11:28:19.9364866Z running 1 test
2026-09-08T11:28:19.9433524Z test origin_variants_roundtrip_and_wire_cycles_are_rejected ... ok
2026-09-08T11:28:19.9433904Z 
2026-09-08T11:28:19.9434144Z test result: ok. 1 passed; 0 failed; 0 ignored; 0 measured; 0 filtered out; finished in 0.01s
2026-09-08T11:28:19.9434475Z 
2026-09-08T11:28:19.9453648Z [1m[92m     Running[0m tests\report.rs (target\debug\deps\report-3e0e4471b4064487.exe)
2026-09-08T11:28:19.9549607Z 
2026-09-08T11:28:19.9549848Z running 4 tests
2026-09-08T11:28:19.9678423Z test report_boundary_rejects_payload_count_and_source_forgery_and_preserves_stops ... ok
2026-09-08T11:28:19.9690325Z test report_roundtrip_preserves_diagnostics_events_fixes_and_declared_sources ... ok
2026-09-08T11:28:19.9696059Z test one_fix_uses_one_snapshot_per_source_but_allows_multiple_sources_and_historical_related ... ok
2026-09-08T11:28:19.9699842Z test fix_preconditions_reject_digest_and_overlap_in_native_and_structural_wire_values ... ok
2026-09-08T11:28:19.9700466Z 
2026-09-08T11:28:19.9700769Z test result: ok. 4 passed; 0 failed; 0 ignored; 0 measured; 0 filtered out; finished in 0.02s
2026-09-08T11:28:19.9701444Z 
2026-09-08T11:28:19.9724013Z [1m[92m     Running[0m tests\source.rs (target\debug\deps\source-1e26e45ce5b83020.exe)
2026-09-08T11:28:19.9821923Z 
2026-09-08T11:28:19.9822257Z running 3 tests
2026-09-08T11:28:19.9902738Z test malformed_source_declarations_reject_without_committing_and_retry_does_not_refund ... ok
2026-09-08T11:28:19.9940039Z test native_and_wire_admission_reject_zero_source_limit_and_span_scalar_interior ... ok
2026-09-08T11:28:19.9942645Z test source_and_span_roundtrip_preserve_identity_bytes_and_shared_admission ... ok
2026-09-08T11:28:19.9943000Z 
2026-09-08T11:28:19.9943257Z test result: ok. 3 passed; 0 failed; 0 ignored; 0 measured; 0 filtered out; finished in 0.01s
2026-09-08T11:28:19.9943573Z 
2026-09-08T11:28:19.9965600Z [1m[92m     Running[0m tests\stop.rs (target\debug\deps\stop-f48067cb1bc31d39.exe)
2026-09-08T11:28:20.0061547Z 
2026-09-08T11:28:20.0061882Z running 2 tests
2026-09-08T11:28:20.0068094Z test codec_stop_extraction_preserves_every_typed_nested_cause ... ok
2026-09-08T11:28:20.0128187Z test actual_checked_codec_schema_work_stop_is_extractable ... ok
2026-09-08T11:28:20.0128638Z 
2026-09-08T11:28:20.0128908Z test result: ok. 2 passed; 0 failed; 0 ignored; 0 measured; 0 filtered out; finished in 0.01s
2026-09-08T11:28:20.0129255Z 
2026-09-08T11:28:20.0149399Z [1m[92m     Running[0m tests\syntax.rs (target\debug\deps\syntax-574754ce6003e66b.exe)
2026-09-08T11:28:20.0244402Z 
2026-09-08T11:28:20.0244689Z running 8 tests
2026-09-08T11:28:20.0395629Z test foreign_bundle_roundtrip_keeps_local_token_view_origin_ids_and_payloads ... ok
2026-09-08T11:28:20.0403036Z test foreign_bundle_rejects_forged_environment_digest_token_and_origin_references ... ok
2026-09-08T11:28:20.0411970Z test foreign::standalone_foreign_keeps_selected_owner_environment_and_origin_arena ... ok
2026-09-08T11:28:20.0525919Z test guest_arena_reordering_updates_foreign_root_and_guest_local_children ... ok
2026-09-08T11:28:20.0565878Z test foreign::standalone_foreign_rejects_missing_owner_closure_hash_and_cross_arena_claims ... ok
2026-09-08T11:28:20.0567005Z test native_arena_order_is_canonicalized_and_unreachable_nodes_are_rejected ... ok
2026-09-08T11:28:20.0639863Z test mapped_views_and_maps_survive_host_and_guest_wire_boundaries ... ok
2026-09-08T11:28:20.1326198Z test nested_generated_bundles_use_iterative_conversion_and_shared_depth_budget ... ok
2026-09-08T11:28:20.1326602Z 
2026-09-08T11:28:20.1326859Z test result: ok. 8 passed; 0 failed; 0 ignored; 0 measured; 0 filtered out; finished in 0.11s
2026-09-08T11:28:20.1327193Z 
2026-09-08T11:28:20.1352314Z [1m[92m     Running[0m tests\types.rs (target\debug\deps\types-4b98d8eed2a2ea90.exe)
2026-09-08T11:28:20.1449618Z 
2026-09-08T11:28:20.1449931Z running 2 tests
2026-09-08T11:28:20.1522345Z test symbolic_type_descriptors_preserve_all_variants_and_nested_named_data ... ok
2026-09-08T11:28:20.1856670Z test deep_symbolic_types_roundtrip_and_stop_without_recursive_cleanup ... ok
2026-09-08T11:28:20.1857364Z 
2026-09-08T11:28:20.1857739Z test result: ok. 2 passed; 0 failed; 0 ignored; 0 measured; 0 filtered out; finished in 0.04s
2026-09-08T11:28:20.1858215Z 
2026-09-08T11:28:20.1881066Z [1m[92m     Running[0m tests\view.rs (target\debug\deps\view-cec5b78c69d7e69d.exe)
2026-09-08T11:28:20.1977225Z 
2026-09-08T11:28:20.1977531Z running 2 tests
2026-09-08T11:28:20.2057067Z test structured_payload_views_roles_relations_and_trivia_roundtrip_without_reparse ... ok
2026-09-08T11:28:20.2061112Z test token_wire_rejects_invalid_local_view_and_trivia_references_and_source_limit ... ok
2026-09-08T11:28:20.2061562Z 
2026-09-08T11:28:20.2061812Z test result: ok. 2 passed; 0 failed; 0 ignored; 0 measured; 0 filtered out; finished in 0.01s
2026-09-08T11:28:20.2062140Z 
2026-09-08T11:28:20.2080681Z [1m[92m   Doc-tests[0m nepl3_core
2026-09-08T11:28:20.3916475Z 
2026-09-08T11:28:20.3916944Z running 0 tests
2026-09-08T11:28:20.3917221Z 
2026-09-08T11:28:20.3917610Z test result: ok. 0 passed; 0 failed; 0 ignored; 0 measured; 0 filtered out; finished in 0.00s
2026-09-08T11:28:20.3918089Z 
2026-09-08T11:28:20.4008590Z [1m[92m   Doc-tests[0m nepl3_doc_core
2026-09-08T11:28:20.5950702Z 
2026-09-08T11:28:20.5951352Z running 0 tests
2026-09-08T11:28:20.5951607Z 
2026-09-08T11:28:20.5952018Z test result: ok. 0 passed; 0 failed; 0 ignored; 0 measured; 0 filtered out; finished in 0.00s
2026-09-08T11:28:20.5952550Z 
2026-09-08T11:28:20.6040458Z [1m[92m   Doc-tests[0m nepl3_doc_html
2026-09-08T11:28:20.6667764Z 
2026-09-08T11:28:20.6668323Z running 0 tests
2026-09-08T11:28:20.6668608Z 
2026-09-08T11:28:20.6668999Z test result: ok. 0 passed; 0 failed; 0 ignored; 0 measured; 0 filtered out; finished in 0.00s
2026-09-08T11:28:20.6669340Z 
2026-09-08T11:28:20.6753926Z [1m[92m   Doc-tests[0m nepl3_engine
2026-09-08T11:28:21.1028325Z 
2026-09-08T11:28:21.1028813Z running 0 tests
2026-09-08T11:28:21.1029071Z 
2026-09-08T11:28:21.1029812Z test result: ok. 0 passed; 0 failed; 0 ignored; 0 measured; 0 filtered out; finished in 0.00s
2026-09-08T11:28:21.1030325Z 
2026-09-08T11:28:21.1117568Z [1m[92m   Doc-tests[0m nepl3_grammar_core
2026-09-08T11:28:21.2101278Z 
2026-09-08T11:28:21.2101726Z running 0 tests
2026-09-08T11:28:21.2101964Z 
2026-09-08T11:28:21.2102750Z test result: ok. 0 passed; 0 failed; 0 ignored; 0 measured; 0 filtered out; finished in 0.00s
2026-09-08T11:28:21.2103241Z 
2026-09-08T11:28:21.2187594Z [1m[92m   Doc-tests[0m nepl3_markup
2026-09-08T11:28:21.2846769Z 
2026-09-08T11:28:21.2847224Z running 0 tests
2026-09-08T11:28:21.2847471Z 
2026-09-08T11:28:21.2847848Z test result: ok. 0 passed; 0 failed; 0 ignored; 0 measured; 0 filtered out; finished in 0.00s
2026-09-08T11:28:21.2848354Z 
2026-09-08T11:28:21.2934028Z [1m[92m   Doc-tests[0m nepl3_math_core
2026-09-08T11:28:21.3761159Z 
2026-09-08T11:28:21.3762051Z running 0 tests
2026-09-08T11:28:21.3762330Z 
2026-09-08T11:28:21.3763259Z test result: ok. 0 passed; 0 failed; 0 ignored; 0 measured; 0 filtered out; finished in 0.00s
2026-09-08T11:28:21.3765786Z 
2026-09-08T11:28:21.3849063Z [1m[92m   Doc-tests[0m nepl3_reader
2026-09-08T11:28:21.5552514Z 
2026-09-08T11:28:21.5553069Z running 0 tests
2026-09-08T11:28:21.5553329Z 
2026-09-08T11:28:21.5553757Z test result: ok. 0 passed; 0 failed; 0 ignored; 0 measured; 0 filtered out; finished in 0.00s
2026-09-08T11:28:21.5554304Z 
2026-09-08T11:28:21.5644788Z [1m[92m   Doc-tests[0m nepl3_tools
2026-09-08T11:28:21.9117765Z 
2026-09-08T11:28:21.9118438Z running 0 tests
2026-09-08T11:28:21.9118695Z 
2026-09-08T11:28:21.9119330Z test result: ok. 0 passed; 0 failed; 0 ignored; 0 measured; 0 filtered out; finished in 0.00s
2026-09-08T11:28:21.9119666Z 
2026-09-08T11:28:21.9222666Z [1m[92m   Doc-tests[0m nepl3_wire
2026-09-08T11:28:22.0091858Z 
2026-09-08T11:28:22.0092298Z running 0 tests
2026-09-08T11:28:22.0092579Z 
2026-09-08T11:28:22.0093531Z test result: ok. 0 passed; 0 failed; 0 ignored; 0 measured; 0 filtered out; finished in 0.00s
2026-09-08T11:28:22.0093916Z 
2026-09-08T11:28:22.0470975Z ##[group]Run python -m unittest tools.extensions.test_run
2026-09-08T11:28:22.0471510Z [36;1mpython -m unittest tools.extensions.test_run[0m
2026-09-08T11:28:22.0471823Z [36;1mpython tools/extensions/run.py[0m
2026-09-08T11:28:22.0485660Z shell: C:\Program Files\Git\bin\bash.EXE --noprofile --norc -e -o pipefail {0}
2026-09-08T11:28:22.0486037Z env:
2026-09-08T11:28:22.0486228Z   CARGO_TERM_COLOR: always
2026-09-08T11:28:22.0486460Z   RUSTDOCFLAGS: -D warnings
2026-09-08T11:28:22.0486768Z   pythonLocation: C:\hostedtoolcache\windows\Python\3.13.15\x64
2026-09-08T11:28:22.0487201Z   PKG_CONFIG_PATH: C:\hostedtoolcache\windows\Python\3.13.15\x64/lib/pkgconfig
2026-09-08T11:28:22.0487625Z   Python_ROOT_DIR: C:\hostedtoolcache\windows\Python\3.13.15\x64
2026-09-08T11:28:22.0488018Z   Python2_ROOT_DIR: C:\hostedtoolcache\windows\Python\3.13.15\x64
2026-09-08T11:28:22.0488414Z   Python3_ROOT_DIR: C:\hostedtoolcache\windows\Python\3.13.15\x64
2026-09-08T11:28:22.0488774Z ##[endgroup]
2026-09-08T11:28:22.7310627Z .....
2026-09-08T11:28:22.7311057Z ----------------------------------------------------------------------
2026-09-08T11:28:22.7311587Z Ran 5 tests in 0.071s
2026-09-08T11:28:22.7311823Z 
2026-09-08T11:28:22.7311932Z OK
2026-09-08T11:28:25.4925335Z Traceback (most recent call last):
2026-09-08T11:28:25.4998930Z   File "D:\a\NEPL3\NEPL3\tools\extensions\run.py", line 100, in <module>
2026-09-08T11:28:25.4999369Z     main()
2026-09-08T11:28:25.4999549Z     ~~~~^^
2026-09-08T11:28:25.4999893Z   File "D:\a\NEPL3\NEPL3\tools\extensions\run.py", line 71, in main
2026-09-08T11:28:25.5000442Z     metadata = json.loads(run(cargo + ["metadata", "--locked", "--format-version", "1"], directory, "metadata.json"))
2026-09-08T11:28:25.5001174Z   File "C:\hostedtoolcache\windows\Python\3.13.15\x64\Lib\json\__init__.py", line 352, in loads
2026-09-08T11:28:25.5001608Z     return _default_decoder.decode(s)
2026-09-08T11:28:25.5001901Z            ~~~~~~~~~~~~~~~~~~~~~~~^^^
2026-09-08T11:28:25.5002311Z   File "C:\hostedtoolcache\windows\Python\3.13.15\x64\Lib\json\decoder.py", line 345, in decode
2026-09-08T11:28:25.5002766Z     obj, end = self.raw_decode(s, idx=_w(s, 0).end())
2026-09-08T11:28:25.5003063Z                ~~~~~~~~~~~~~~~^^^^^^^^^^^^^^^^^^^^^^^
2026-09-08T11:28:25.5003504Z   File "C:\hostedtoolcache\windows\Python\3.13.15\x64\Lib\json\decoder.py", line 363, in raw_decode
2026-09-08T11:28:25.5004057Z     raise JSONDecodeError("Expecting value", s, err.value) from None
2026-09-08T11:28:25.5004502Z json.decoder.JSONDecodeError: Expecting value: line 1 column 1 (char 0)
2026-09-08T11:28:25.5172904Z ##[error]Process completed with exit code 1.
2026-09-08T11:28:25.5391159Z ##[group]Run actions/upload-artifact@043fb46d1a93c77aae656e7c1c64a875d1fc6a0a
2026-09-08T11:28:25.5391693Z with:
2026-09-08T11:28:25.5391955Z   name: external-consumer-windows-latest
2026-09-08T11:28:25.5392490Z   path: dist/external-extension/
2026-09-08T11:28:25.5392797Z   if-no-files-found: error
2026-09-08T11:28:25.5393097Z   retention-days: 14
2026-09-08T11:28:25.5393353Z   compression-level: 6
2026-09-08T11:28:25.5393599Z   overwrite: false
2026-09-08T11:28:25.5393849Z   include-hidden-files: false
2026-09-08T11:28:25.5394125Z   archive: true
2026-09-08T11:28:25.5394312Z env:
2026-09-08T11:28:25.5394506Z   CARGO_TERM_COLOR: always
2026-09-08T11:28:25.5394776Z   RUSTDOCFLAGS: -D warnings
2026-09-08T11:28:25.5395127Z   pythonLocation: C:\hostedtoolcache\windows\Python\3.13.15\x64
2026-09-08T11:28:25.5395609Z   PKG_CONFIG_PATH: C:\hostedtoolcache\windows\Python\3.13.15\x64/lib/pkgconfig
2026-09-08T11:28:25.5396173Z   Python_ROOT_DIR: C:\hostedtoolcache\windows\Python\3.13.15\x64
2026-09-08T11:28:25.5396607Z   Python2_ROOT_DIR: C:\hostedtoolcache\windows\Python\3.13.15\x64
2026-09-08T11:28:25.5397033Z   Python3_ROOT_DIR: C:\hostedtoolcache\windows\Python\3.13.15\x64
2026-09-08T11:28:25.5397374Z ##[endgroup]
2026-09-08T11:28:25.7193533Z With the provided path, there will be 4 files uploaded
2026-09-08T11:28:25.7200556Z Artifact name is valid!
2026-09-08T11:28:25.7202029Z Root directory input is valid!
2026-09-08T11:28:26.0887568Z Uploading artifact: external-consumer-windows-latest.zip
2026-09-08T11:28:26.0932441Z Beginning upload of artifact content to blob storage
2026-09-08T11:28:26.4043607Z Uploaded bytes 17711
2026-09-08T11:28:26.4664429Z Finished uploading artifact content to blob storage!
2026-09-08T11:28:26.4665523Z SHA256 digest of uploaded artifact is 254ade1f5b9eebdda64aef5fd0ec367263d0e7a4cb87293b075210c48f189659
2026-09-08T11:28:26.4666582Z Finalizing artifact upload
2026-09-08T11:28:26.8312759Z Artifact external-consumer-windows-latest successfully finalized. Artifact ID 10053670362
2026-09-08T11:28:26.8314415Z Artifact external-consumer-windows-latest has been successfully uploaded! Final size is 17711 bytes. Artifact ID is 10053670362
2026-09-08T11:28:26.8322862Z Artifact download URL: https://github.com/neknaj/NEPL3/actions/runs/34220545564/artifacts/10053670362
2026-09-08T11:28:26.8739483Z Post job cleanup.
2026-09-08T11:28:27.0557499Z [command]"C:\Program Files\Git\bin\git.exe" version
2026-09-08T11:28:27.0841707Z git version 2.55.0.windows.5
2026-09-08T11:28:27.0916806Z Temporarily overriding HOME='D:\a\_temp\a7960dee-928f-4936-8222-9f9e91a28951' before making global git config changes
2026-09-08T11:28:27.0918301Z Adding repository directory to the temporary git global config as a safe directory
2026-09-08T11:28:27.0929731Z [command]"C:\Program Files\Git\bin\git.exe" config --global --add safe.directory D:\a\NEPL3\NEPL3
2026-09-08T11:28:27.1227348Z Removing SSH command configuration
2026-09-08T11:28:27.1238911Z [command]"C:\Program Files\Git\bin\git.exe" config --local --name-only --get-regexp core\.sshCommand
2026-09-08T11:28:27.1545268Z [command]"C:\Program Files\Git\bin\git.exe" submodule foreach --recursive "sh -c \"git config --local --name-only --get-regexp 'core\.sshCommand' && git config --local --unset-all 'core.sshCommand' || :\""
2026-09-08T11:28:27.6806763Z Removing HTTP extra header
2026-09-08T11:28:27.6817906Z [command]"C:\Program Files\Git\bin\git.exe" config --local --name-only --get-regexp http\.https\:\/\/github\.com\/\.extraheader
2026-09-08T11:28:27.7121118Z [command]"C:\Program Files\Git\bin\git.exe" submodule foreach --recursive "sh -c \"git config --local --name-only --get-regexp 'http\.https\:\/\/github\.com\/\.extraheader' && git config --local --unset-all 'http.https://github.com/.extraheader' || :\""
2026-09-08T11:28:28.2457326Z Removing includeIf entries pointing to credentials config files
2026-09-08T11:28:28.2468952Z [command]"C:\Program Files\Git\bin\git.exe" config --local --name-only --get-regexp ^includeIf\.gitdir:
2026-09-08T11:28:28.2771629Z [command]"C:\Program Files\Git\bin\git.exe" submodule foreach --recursive "git config --local --show-origin --name-only --get-regexp remote.origin.url"
2026-09-08T11:28:28.8095689Z Cleaning up orphan processes
2026-09-08T11:28:28.8394674Z Terminate orphan process: pid (1808) (vctip)
